<?xml version="1.0" encoding="UTF-8"?> <names-authority-list xmlns:auth="http://dca.tufts.edu/aas/auth" xmlns:xref="http://dca/tufts.edu/aas/xref">
 
    <auth:candidate name="Davie, Allen J."  id="DA0000"/>
    <auth:candidate name="Davie, Allen"  id="DA0001"/>
<auth:candidate name="Daniel, Allen"  id="DA0004"/>
<auth:candidate name="Duncan, A. L."  id="DA0007"/>
<auth:candidate name="Davezac, A."  id="DA0010"/>
<auth:candidate name="Dumartrait, A."  id="DA0013"/>
<auth:candidate name="Duros, Antonio"  id="DA0015"/>
<auth:candidate name="Duckett, Allen B."  id="DA0016"/>
<auth:candidate name="Dorsey, Archibald"  id="DA0021"/>
<auth:candidate name="Dashiell, Arthur"  id="DA0024"/>
<auth:candidate name="Dawkin, Alexander"  id="DA0026"/>
<auth:candidate name="Denny, Austin"  id="DA0037"/>
<auth:candidate name="Dumont, Albert"  id="DA0038"/>
<auth:candidate name="Dunn, Alexander"  id="DA0039"/>
<auth:candidate name="Davis, Abijah"  id="DA0040"/>
<auth:candidate name="Doremus, Albert G."  id="DA0046"/>
<auth:candidate name="Dyck, Aaron V."  id="DA0048"/>
<auth:candidate name="Danforth, Asa"  id="DA0049"/>
<auth:candidate name="Dietz, Adam, Jr."  id="DA0053"/>
<auth:candidate name="Doel, Adam I."  id="DA0054"/>
<auth:candidate name="DeWitt, Abraham T."  id="DA0058"/>
<auth:candidate name="Davis, Anthony"  id="DA0060"/>
<auth:candidate name="Douglass, Amos"  id="DA0061"/>
<auth:candidate name="Downs, Abel"  id="DA0062"/>
<auth:candidate name="DeWitt, Abraham"  id="DA0066"/>
<auth:candidate name="Davison, Asa Lee"  id="DA0068"/>
<auth:candidate name="Day, Ambrose"  id="DA0070"/>
<auth:candidate name="Day, Alva"  id="DA0072"/>
<auth:candidate name="Danford, Ambrose"  id="DA0073"/>
<auth:candidate name="Dill, Andrew"  id="DA0074"/>
<auth:candidate name="Dowden, Archibald"  id="DA0075"/>
<auth:candidate name="Dow, Alexander"  id="DA0076"/>
<auth:candidate name="Dicks, Abraham"  id="DA0077"/>
<auth:candidate name="Doebler, Abraham"  id="DA0078"/>
<auth:candidate name="Dunlap, Andrew"  id="DA0079"/>
<auth:candidate name="Dingman, Andrew"  id="DA0080"/>
<auth:candidate name="Duffield, Abraham"  id="DA0082"/>
<auth:candidate name="Dana, Anderson"  id="DA0085"/>
<auth:candidate name="Darlington, Amos"  id="DA0093"/>
<auth:candidate name="Dunlap, Andrew"  id="DA0096"/>
<auth:candidate name="Dimock, Asa"  id="DA0097"/>
<auth:candidate name="Doebler, Abraham"  id="DA0101"/>
<auth:candidate name="Drennan, A."  id="DA0103"/>
<auth:candidate name="Daniel, Adam"  id="DA0104"/>
<auth:candidate name="Dysart, Alexander"  id="DA0106"/>
<auth:candidate name="Denison, Andrew"  id="DA0107"/>
<auth:candidate name="Davis, Armon"  id="DA0108"/>
<auth:candidate name="Dover, Andrew"  id="DA0110"/>
<auth:candidate name="Diller, Adam"  id="DA0111"/>
<auth:candidate name="Dunn, Allen"  id="DA0112"/>
<auth:candidate name="Depui, Abraham"  id="DA0113"/>
<auth:candidate name="Duncan, Andrew"  id="DA0115"/>
<auth:candidate name="Dale, Adam"  id="DA0117"/>
<auth:candidate name="Davis, Archibald"  id="DA0119"/>
<auth:candidate name="Dobyn, Abner"  id="DA0120"/>
<auth:candidate name="Dibrell, Anthony"  id="DA0121"/>
<auth:candidate name="Davis, Archibald"  id="DA0122"/>
<auth:candidate name="Dupuy, Asa"  id="DA0123"/>
<auth:candidate name="Daughtry, Abraham"  id="DA0124"/>
<auth:candidate name="DeFrance, Abram"  id="DA0125"/>
    <auth:candidate name="Dethl, Adam"  id="DA0126"/>
    <auth:candidate name="Day, Ambrose"  id="DA0127"/>
<auth:candidate name="Daniel, Beverley"  id="DB0002"/>
<auth:candidate name="Dupey, Benjamin"  id="DB0003"/>
<auth:candidate name="Desha, Benjamin"  id="DB0004"/>
<auth:candidate name="Dearborn, Benjamin"  id="DB0005"/>
<auth:candidate name="Dashiell, Benjamin F."  id="DB0007"/>
<auth:candidate name="Duvall, Benjamin"  id="DB0008"/>
<auth:candidate name="Duvall, Benjamin"  id="DB0009"/>
<auth:candidate name="Drury, Benjamin"  id="DB0010"/>
<auth:candidate name="Dimmick, Braddock"  id="DB0011"/>
<auth:candidate name="Decker, Bowdawine"  id="DB0017"/>
<auth:candidate name="DeWitt, Benjamin"  id="DB0019"/>
<auth:candidate name="Deans, Bartlet"  id="DB0020"/>
<auth:candidate name="Davis, Burwell"  id="DB0021"/>
<auth:candidate name="Deffebach, Benjamin"  id="DB0022"/>
<auth:candidate name="Dorrance, Benjamin"  id="DB0023"/>
<auth:candidate name="Duncan, Benjamin"  id="DB0031"/>
<auth:candidate name="Durant, Bethel"  id="DB0033"/>
<auth:candidate name="Dunkin, Benjamin F."  id="DB0034"/>
<auth:candidate name="Dixon, Benjamin"  id="DB0035"/>
<auth:candidate name="Davenport, Braxton"  id="DB0040"/>
    <auth:candidate name="Darden, B."  id="DB0041"/>
    <auth:candidate name="Duvall, Brook"  id="DB0042"/>
<auth:candidate name="Davis, Baalis"  id="DB0043"/>
<auth:candidate name="Dill, Benjamin"  id="DB0044"/>
<auth:candidate name="Downs, Bennett"  id="DB0045"/>
<auth:candidate name="Dennison, Charles"  id="DC0000"/>
<auth:candidate name="Dibrall, Charles"  id="DC0001"/>
<auth:candidate name="Dalie, Christopher, Jr."  id="DC0002"/>
<auth:candidate name="Drapper, Charles"  id="DC0011"/>
<auth:candidate name="Dewey, Charles"  id="DC0012"/>
<auth:candidate name="Daniel, Charles"  id="DC0013"/>
<auth:candidate name="Delino, C."  id="DC0014"/>
<auth:candidate name="Derbigny, Charles"  id="DC0015"/>
<auth:candidate name="Dugan, Cumberland"  id="DC0017"/>
<auth:candidate name="Dorsey, Clement"  id="DC0019"/>
<auth:candidate name="Diffendeffer, Charles"  id="DC0029"/>
    <auth:candidate name="Dorsey, Charles S."  id="DC0030"/>
    <auth:candidate name="De Armas, C. G."  id="DC0031"/>
<auth:candidate name="Davis, Charles"  id="DC0033"/>
<auth:candidate name="Dickinson, Chester"  id="DC0034"/>
<auth:candidate name="Doremus, Cornelius"  id="DC0035"/>
<auth:candidate name="Doughty, Charles"  id="DC0037"/>
<auth:candidate name="Drake, Cornelius"  id="DC0040"/>
<auth:candidate name="Doughty, Charles"  id="DC0042"/>
<auth:candidate name="Dudley, Charles E."  id="DC0044"/>
<auth:candidate name="Dudley, Christopher"  id="DC0047"/>
<auth:candidate name="Dilworth, Charles"  id="DC0048"/>
<auth:candidate name="Dull, C."  id="DC0049"/>
<auth:candidate name="Drum, Charles"  id="DC0051"/>
<auth:candidate name="Detterer, Conrad"  id="DC0053"/>
<auth:candidate name="Doughty, Charles M."  id="DC0054"/>
<auth:candidate name="DeHaas, Charles"  id="DC0055"/>
<auth:candidate name="Daniel, Chesley"  id="DC0056"/>
<auth:candidate name="DeWitt, Charles M."  id="DC0059"/>
<auth:candidate name="Doyley, Charles W."  id="DC0061"/>
<auth:candidate name="Duvall, Colmore"  id="DC0062"/>
<auth:candidate name="Dabney, Charles"  id="DC0063"/>
<auth:candidate name="Dade, Cadwaller J."  id="DC0064"/>
<auth:candidate name="Doggett, Coleman"  id="DC0065"/>
<auth:candidate name="DuPont, Charles I."  id="DC0066"/>
<auth:candidate name="Daggett, David"  id="DD0000"/>
<auth:candidate name="Dodge, David"  id="DD0001"/>
<auth:candidate name="Dunham, Daniel"  id="DD0002"/>
<auth:candidate name="Davis, David"  id="DD0030"/>
<auth:candidate name="Davis, Davidson"  id="DD0032"/>
<auth:candidate name="Donnelly, Daniel"  id="DD0035"/>
<auth:candidate name="Denison, David"  id="DD0037"/>
<auth:candidate name="Denney, Daniel"  id="DD0039"/>
<auth:candidate name="Dewey, Daniel"  id="DD0043"/>
<auth:candidate name="Dickson, David"  id="DD0048"/>
<auth:candidate name="Drake, David R."  id="DD0050"/>
<auth:candidate name="Duviell, Daniel"  id="DD0052"/>
<auth:candidate name="Doty, Daniel"  id="DD0053"/>
<auth:candidate name="Dennisse, Dennis"  id="DD0054"/>
<auth:candidate name="Dielley, David"  id="DD0055"/>
<auth:candidate name="Dill, David"  id="DD0056"/>
<auth:candidate name="Dill, Daniel"  id="DD0057"/>
<auth:candidate name="Delong, David"  id="DD0059"/>
<auth:candidate name="Delance, DeWan"  id="DD0060"/>
<auth:candidate name="Douglass, David"  id="DD0062"/>
<auth:candidate name="Dancy, David"  id="DD0063"/>
<auth:candidate name="Durrett, Davis"  id="DD0064"/>
<auth:candidate name="Dryden, David"  id="DD0065"/>
    <auth:candidate name="Denny, David"  id="DD0066"/>
    <auth:candidate name="Deadrick, David"  id="DD0067"/>
<auth:candidate name="Davidson, David"  id="DD0070"/>
<auth:candidate name="Dewees, David"  id="DD0074"/>
<auth:candidate name="Dimmick, Daniel"  id="DD0076"/>
<auth:candidate name="Dunham, David"  id="DD0077"/>
<auth:candidate name="Doebler, David"  id="DD0080"/>
    <auth:candidate name="Dingham, Daniel W."  id="DD0081"/>
    <auth:candidate name="Delaughter, David, Sr."  id="DD0082"/>
<auth:candidate name="Dimock, Davis"  id="DD0083"/>
<auth:candidate name="Denny, Daniel"  id="DD0088"/>
<auth:candidate name="Dempsey, David"  id="DD0089"/>
<auth:candidate name="Derickson, David"  id="DD0090"/>
<auth:candidate name="Drubilbis, Daniel"  id="DD0091"/>
<auth:candidate name="Dickey, David"  id="DD0092"/>
<auth:candidate name="Deihl, David"  id="DD0096"/>
<auth:candidate name="Doebler, David"  id="DD0098"/>
<auth:candidate name="Deal, David"  id="DD0099"/>
<auth:candidate name="Deas, David"  id="DD0102"/>
<auth:candidate name="Dupre, Daniel"  id="DD0103"/>
<auth:candidate name="Dunn, David"  id="DD0104"/>
<auth:candidate name="Dawley, Dennis"  id="DD0107"/>
<auth:candidate name="Dawley, Dennis"  id="DD0109"/>
<auth:candidate name="Dixon, David"  id="DD0110"/>
    <auth:candidate name="De Laronde, D."  id="DD0111"/>
    <auth:candidate name="Downing, David D."  id="DD0112"/>
    <auth:candidate name="Devotion, Ebenezer"  id="DE0000"/>
    <auth:candidate name="Delano, Ebenezer"  id="DE0008"/>
    <auth:candidate name="Douglass, Edward"  id="DE0009"/>
    <auth:candidate name="Davis, Elijah"  id="DE0012"/>
    <auth:candidate name="Dulany, Elkanah"  id="DE0013"/>
<auth:candidate name="Dimmitt, Elisha"  id="DE0018"/>
<auth:candidate name="Duvall, Edmund B."  id="DE0020"/>
<auth:candidate name="Denison, Edward"  id="DE0022"/>
<auth:candidate name="Dickinson, Elijah"  id="DE0024"/>
<auth:candidate name="Dorr, Edward"  id="DE0027"/>
<auth:candidate name="Dayton, Elias"  id="DE0029"/>
<auth:candidate name="Drake, Ebenezer"  id="DE0036"/>
<auth:candidate name="Darby, Ezra"  id="DE0037"/>
<auth:candidate name="Davis, Ebenezer"  id="DE0040"/>
<auth:candidate name="Dubblee, Ebenezer"  id="DE0044"/>
<auth:candidate name="Dorr, Elisha"  id="DE0045"/>
<auth:candidate name="Durkee, Elijah"  id="DE0047"/>
<auth:candidate name="Douglas, Ebenezer"  id="DE0048"/>
    <auth:candidate name="Daily, Edward"  id="DE0049"/>
    <auth:candidate name="Dorsey, E. H."  id="DE0050"/>
<auth:candidate name="Devoe, Elijah"  id="DE0051"/>
<auth:candidate name="Deberry, Edmund"  id="DE0052"/>
<auth:candidate name="Dudley, Edward B."  id="DE0053"/>
<auth:candidate name="Denny, Ebenezer"  id="DE0055"/>
<auth:candidate name="Dougherty, Edward"  id="DE0063"/>
<auth:candidate name="Duffield, Edward"  id="DE0068"/>
<auth:candidate name="Darlington, Edward"  id="DE0069"/>
<auth:candidate name="Dempsey, Edward"  id="DE0074"/>
<auth:candidate name="Doty, Ezra"  id="DE0075"/>
<auth:candidate name="Dubose, Ezekiel"  id="DE0076"/>
<auth:candidate name="Davis, Eli S."  id="DE0079"/>
<auth:candidate name="Dawkins, Elijah"  id="DE0081"/>
<auth:candidate name="Dolin, Edward"  id="DE0082"/>
<auth:candidate name="Duncan, Edwin S."  id="DE0083"/>
<auth:candidate name="Dunn, Ephraim"  id="DE0084"/>
<auth:candidate name="Dugan, Edward"  id="DE0085"/>
<auth:candidate name="Duggan, Edmund"  id="DE0086"/>
<auth:candidate name="Dingle, Edward"  id="DE0087"/>
<auth:candidate name="DuPont, Edward J."  id="DE0088"/>
<auth:candidate name="DuPont, E. I."  id="DE0090"/>
<auth:candidate name="Densler, Frederick"  id="DF0000"/>
<auth:candidate name="Davendy, Favre"  id="DF0002"/>
<auth:candidate name="Desire, F. Labrouis"  id="DF0003"/>
<auth:candidate name="Digges, Francis"  id="DF0005"/>
<auth:candidate name="Dallam, Francis J."  id="DF0012"/>
<auth:candidate name="Darkis, Frederick"  id="DF0017"/>
<auth:candidate name="Davidge, Francis H."  id="DF0018"/>
<auth:candidate name="Dana, Francis"  id="DF0019"/>
<auth:candidate name="Davenport, Franklin"  id="DF0023"/>
<auth:candidate name="Dunleavy, Francis"  id="DF0029"/>
<auth:candidate name="Dunlavy, Francis"  id="DF0030"/>
<auth:candidate name="Davis, Francis"  id="DF0031"/>
<auth:candidate name="Danley, Felax"  id="DF0033"/>
<auth:candidate name="Deliesseline, Francis A."  id="DF0035"/>
<auth:candidate name="Deliesseline, Francis G."  id="DF0037"/>
<auth:candidate name="Davie, Francis W."  id="DF0040"/>
<auth:candidate name="Dashiel, Fisher"  id="DF0042"/>
    <auth:candidate name="Dashiell, Fisher"  id="DF0043"/>
    <auth:candidate name="Deakins, Francis"  id="DF0044"/>
<auth:candidate name="Dickinson, Festus"  id="DF0045"/>
<auth:candidate name="Dukes, Green R."  id="DG0000"/>
<auth:candidate name="Dent, George"  id="DG0001"/>
<auth:candidate name="Duke, G.R."  id="DG0002"/>
<auth:candidate name="Duplantier, Guy"  id="DG0003"/>
<auth:candidate name="Dent, George"  id="DG0004"/>
<auth:candidate name="Duvall, Gabriel"  id="DG0008"/>
<auth:candidate name="Downes, George"  id="DG0012"/>
<auth:candidate name="Decker, George"  id="DG0013"/>
<auth:candidate name="Davidson, George"  id="DG0016"/>
<auth:candidate name="Dashiell, George A."  id="DG0017"/>
<auth:candidate name="Duvall, Grafton"  id="DG0020"/>
<auth:candidate name="DeWitt, Green"  id="DG0025"/>
<auth:candidate name="Dooremus, George"  id="DG0026"/>
<auth:candidate name="Dunn, Gersham"  id="DG0027"/>
<auth:candidate name="Davis, George R."  id="DG0032"/>
<auth:candidate name="Davidson, G. W."  id="DG0034"/>
<auth:candidate name="Dickerson, G."  id="DG0035"/>
<auth:candidate name="Dismukes, G."  id="DG0036"/>
<auth:candidate name="Davidson, George Lee"  id="DG0037"/>
    <auth:candidate name="Devol, Gilbert"  id="DG0039"/>
    <auth:candidate name="Dawson, George"  id="DG0040"/>
<auth:candidate name="Depeyster, George B."  id="DG0041"/>
<auth:candidate name="Duffield, George"  id="DG0043"/>
<auth:candidate name="Dresher, George"  id="DG0044"/>
<auth:candidate name="Dearth, George"  id="DG0046"/>
<auth:candidate name="Dansdill, George"  id="DG0047"/>
<auth:candidate name="Dougherty, George"  id="DG0048"/>
<auth:candidate name="Dreibellis, George"  id="DG0050"/>
<auth:candidate name="Davis, George"  id="DG0051"/>
<auth:candidate name="Denison, George"  id="DG0052"/>
<auth:candidate name="Dallas, George M."  id="DG0055"/>
<auth:candidate name="Dearth, George"  id="DG0057"/>
<auth:candidate name="Driesbach, G.P."  id="DG0062"/>
<auth:candidate name="DeBenneville, George"  id="DG0064"/>
<auth:candidate name="Doherty, George"  id="DG0066"/>
<auth:candidate name="Dillard, George"  id="DG0068"/>
<auth:candidate name="Downman, George William"  id="DG0070"/>
<auth:candidate name="Davis, George"  id="DG0075"/>
<auth:candidate name="Dromgoole, George C."  id="DG0080"/>
<auth:candidate name="Davisson, George J."  id="DG0081"/>
<auth:candidate name="Dickenson, Griffith"  id="DG0085"/>
<auth:candidate name="Dougherty, George"  id="DG0086"/>
<auth:candidate name="de Grandpre, Henry"  id="DG1000"/>
<auth:candidate name="Dodge, Henry S."  id="DH0000"/>
<auth:candidate name="Davidge, Henry"  id="DH0004"/>
<auth:candidate name="Daniel, Henry"  id="DH0010"/>
<auth:candidate name="Daviess, H."  id="DH0011"/>
<auth:candidate name="Dorsey, Harry"  id="DH0012"/>
<auth:candidate name="Downes, Henry"  id="DH0013"/>
<auth:candidate name="Downes, Hawkins"  id="DH0015"/>
<auth:candidate name="Dorsey, Henry"  id="DH0017"/>
<auth:candidate name="Darden, Henry"  id="DH0019"/>
    <auth:candidate name="Driver, Henry"  id="DH0020"/>
    <auth:candidate name="Dawney, H."  id="DH0021"/>
<auth:candidate name="Dickenson, Henry"  id="DH0022"/>
<auth:candidate name="Dunlop, Henry"  id="DH0023"/>
<auth:candidate name="Donaldson, Hugh L."  id="DH0025"/>
<auth:candidate name="Dearborn, Henry"  id="DH0026"/>
<auth:candidate name="Davis, Hugh"  id="DH0029"/>
<auth:candidate name="Dusenberry, Henry"  id="DH0037"/>
<auth:candidate name="Dodge, Henry"  id="DH0040"/>
<auth:candidate name="Diefendorf, Henry I."  id="DH0045"/>
<auth:candidate name="Dobson, Henry B."  id="DH0046"/>
<auth:candidate name="Dering, Henry"  id="DH0047"/>
<auth:candidate name="Dehaven, H."  id="DH0048"/>
<auth:candidate name="Dougherty, Henry"  id="DH0049"/>
<auth:candidate name="Davis, Hezekiah"  id="DH0050"/>
<auth:candidate name="Diffenbach, Henry"  id="DH0053"/>
<auth:candidate name="Donnel, Henry"  id="DH0054"/>
<auth:candidate name="Denny, Harman"  id="DH0056"/>
<auth:candidate name="Deas, Henry"  id="DH0059"/>
<auth:candidate name="Dairns, H."  id="DH0061"/>
    <auth:candidate name="Desaussure, Henry William"  id="DH0062"/>
    <auth:candidate name="Douglass, H. L."  id="DH0063"/>
<auth:candidate name="Deas, Henry"  id="DH0064"/>
<auth:candidate name="Donald, Hezekiah"  id="DH0066"/>
<auth:candidate name="Duncan, Hanaford D."  id="DH0071"/>
<auth:candidate name="Durant, Henry"  id="DH0072"/>
<auth:candidate name="Desaussure, Henry A."  id="DH0074"/>
<auth:candidate name="Douglas, Hugh"  id="DH0076"/>
<auth:candidate name="Davis, Hardin"  id="DH0077"/>
<auth:candidate name="Dickinson, H. H."  id="DH0078"/>
<auth:candidate name="Davis, Hector"  id="DH0079"/>
<auth:candidate name="Davis, Hugh"  id="DH0081"/>
<auth:candidate name="Downs, Henry D."  id="DH0082"/>
    <auth:candidate name="Downs, Henry"  id="DH0083"/>
    <auth:candidate name="Dixon, Henry"  id="DH6666"/>
<auth:candidate name="Draper, Isaac"  id="DI0000"/>
    <auth:candidate name="Davis, Isaac"  id="DI0001"/>
    <auth:candidate name="Dickson, Isaac"  id="DI0002"/>
<auth:candidate name="Davenport, Isaiah"  id="DI0004"/>
<auth:candidate name="DeLyon, Isaac"  id="DI0006"/>
<auth:candidate name="Darneille, Isaac"  id="DI0007"/>
<auth:candidate name="Dorsey, Isaac"  id="DI0008"/>
<auth:candidate name="Davis, Ignatius"  id="DI0011"/>
<auth:candidate name="Drury, Ignatius"  id="DI0015"/>
<auth:candidate name="Davis, Isaac P."  id="DI0017"/>
<auth:candidate name="Day, Israel"  id="DI0018"/>
<auth:candidate name="Denton, Isaac"  id="DI0031"/>
<auth:candidate name="Davenport, Isaac"  id="DI0032"/>
<auth:candidate name="Day, Ira"  id="DI0035"/>
<auth:candidate name="Dubois, Isaac"  id="DI0038"/>
<auth:candidate name="Dalton, Isaac"  id="DI0039"/>
<auth:candidate name="Donalson, Israel"  id="DI0040"/>
    <auth:candidate name="Dawson, Isaac"  id="DI0041"/>
    <auth:candidate name="Dibbler, Isaiah"  id="DI0048"/>
<auth:candidate name="Deardorff, Isaac"  id="DI0049"/>
<auth:candidate name="Davis, Isaiah"  id="DI0051"/>
<auth:candidate name="Darlington, Isaac"  id="DI0059"/>
<auth:candidate name="Deckert, Isaac"  id="DI0063"/>
<auth:candidate name="Dimmick, Isaac"  id="DI0065"/>
<auth:candidate name="Deaves, Isaac"  id="DI0067"/>
<auth:candidate name="Dubose, Isaac"  id="DI0068"/>
<auth:candidate name="Dickes, Isaac"  id="DI0069"/>
<auth:candidate name="Davis, Isaac"  id="DI0071"/>
<auth:candidate name="Donaldson, I."  id="DI0074"/>
<auth:candidate name="Davis, Isaac"  id="DI0076"/>
<auth:candidate name="Duke, John"  id="DJ0000"/>
<auth:candidate name="Draughan, James H."  id="DJ0002"/>
<auth:candidate name="Dillet, James"  id="DJ0003"/>
<auth:candidate name="Davenport, James"  id="DJ0006"/>
<auth:candidate name="Daveiss, John"  id="DJ0007"/>
<auth:candidate name="Dana, Judah"  id="DJ0008"/>
<auth:candidate name="Davenport, John"  id="DJ0009"/>
<auth:candidate name="Dickey, James G."  id="DJ0010"/>
<auth:candidate name="Dunn, Josiah, Jr."  id="DJ0011"/>
<auth:candidate name="Davis, John"  id="DJ0012"/>
<auth:candidate name="DeWolf, James"  id="DJ0014"/>
<auth:candidate name="DeWolf, John"  id="DJ0016"/>
<auth:candidate name="DeWolf, John"  id="DJ0018"/>
<auth:candidate name="DeWolf, John, Jr."  id="DJ0019"/>
    <auth:candidate name="Dorrance, John"  id="DJ0020"/>
    <auth:candidate name="Darrough, John"  id="DJ0021"/>
    <auth:candidate name="Davenport, Jonathan"  id="DJ0022"/>
    <auth:candidate name="Duddlerar, John"  id="DJ0023"/>
<auth:candidate name="Dinsmore, James"  id="DJ0027"/>
<auth:candidate name="Dudley, James"  id="DJ0029"/>
<auth:candidate name="Dickinson, John"  id="DJ0039"/>
<auth:candidate name="David, Joseph"  id="DJ0040"/>
<auth:candidate name="Dickerson, James"  id="DJ0042"/>
<auth:candidate name="Dole, John"  id="DJ0043"/>
<auth:candidate name="Day, Joseph"  id="DJ0044"/>
    <auth:candidate name="Dollar, John"  id="DJ0045"/>
    <auth:candidate name="Duvall, John W."  id="DJ0046"/>
<auth:candidate name="Dooley, John M."  id="DJ0047"/>
<auth:candidate name="Dunwoody, James"  id="DJ0049"/>
<auth:candidate name="Devereaux, John W."  id="DJ0050"/>
<auth:candidate name="Dillon, John"  id="DJ0054"/>
<auth:candidate name="Daimwood, John G."  id="DJ0060"/>
<auth:candidate name="Depew, John"  id="DJ0061"/>
<auth:candidate name="Dew, John"  id="DJ0064"/>
<auth:candidate name="Delleplain, J."  id="DJ0065"/>
<auth:candidate name="Drum, John"  id="DJ0066"/>
<auth:candidate name="Delaphaine, Joshua"  id="DJ0069"/>
<auth:candidate name="Duncan, Joseph"  id="DJ0070"/>
<auth:candidate name="Dunbar, John K."  id="DJ0072"/>
<auth:candidate name="Dunbar, John N."  id="DJ0074"/>
<auth:candidate name="Davis, John"  id="DJ0075"/>
<auth:candidate name="Decker, John"  id="DJ0076"/>
<auth:candidate name="Daniel, John Johnson"  id="DJ0078"/>
<auth:candidate name="Desha, Joseph"  id="DJ0079"/>
<auth:candidate name="Daveiss, Joseph Hamilton"  id="DJ0080"/>
<auth:candidate name="Dougherty, James"  id="DJ0087"/>
<auth:candidate name="Denny, James W."  id="DJ0091"/>
<auth:candidate name="Donaldson, John"  id="DJ0092"/>
<auth:candidate name="Davis, James E."  id="DJ0096"/>
<auth:candidate name="Desha, John"  id="DJ0102"/>
<auth:candidate name="Dejarnet, James"  id="DJ0107"/>
<auth:candidate name="Dudley, Jepthah"  id="DJ0109"/>
    <auth:candidate name="Dorgency, J.F.L."  id="DJ0110"/>
    <auth:candidate name="D'Orgenois, Joseph"  id="DJ0111"/>
    <auth:candidate name="Davidson, John"  id="DJ0112"/>
<auth:candidate name="Ducros, J. R."  id="DJ0114"/>
    <auth:candidate name="Destrehan, John Noel"  id="DJ0115"/>
    <auth:candidate name="Douglass, Joseph"  id="DJ0116"/>
<auth:candidate name="Dupre, Jacques"  id="DJ0117"/>
<auth:candidate name="Dawson, John B."  id="DJ0118"/>
<auth:candidate name="Done, John"  id="DJ0119"/>
<auth:candidate name="Douglass, Joseph"  id="DJ0120"/>
<auth:candidate name="Davidson, John"  id="DJ0121"/>
<auth:candidate name="Dennis, John"  id="DJ0122"/>
    <auth:candidate name="Davidson, John"  id="DJ0126"/>
<auth:candidate name="Dashiell, John"  id="DJ0131"/>
    <auth:candidate name="Duer, Joshua"  id="DJ0132"/>
    <auth:candidate name="Davidson, John"  id="DJ0133"/>
<auth:candidate name="Dorsey, Joshua"  id="DJ0134"/>
<auth:candidate name="Dorsey, John W."  id="DJ0135"/>
<auth:candidate name="Downes, John R."  id="DJ0137"/>
<auth:candidate name="Darden, Joseph"  id="DJ0140"/>
<auth:candidate name="Darnell, John"  id="DJ0142"/>
<auth:candidate name="Deford, Joseph M."  id="DJ0145"/>
<auth:candidate name="Dooris, James"  id="DJ0146"/>
<auth:candidate name="Delaplane, Joshua"  id="DJ0149"/>
<auth:candidate name="Donaldson, James Lowry"  id="DJ0150"/>
<auth:candidate name="Duhamal, John"  id="DJ0152"/>
<auth:candidate name="Dare, John"  id="DJ0154"/>
<auth:candidate name="Dixon, James"  id="DJ0155"/>
<auth:candidate name="Derickson, James"  id="DJ0156"/>
<auth:candidate name="Dougherty, J."  id="DJ0158"/>
<auth:candidate name="Dukehart, John"  id="DJ0159"/>
<auth:candidate name="Dalyrmple, James A.D."  id="DJ0161"/>
    <auth:candidate name="Dawlin, James C."  id="DJ0166"/>
    <auth:candidate name="Dane, Joseph"  id="DJ0167"/>
<auth:candidate name="Donaldson, John I."  id="DJ0170"/>
<auth:candidate name="Doane, Joseph"  id="DJ0172"/>
<auth:candidate name="Dane, Joseph"  id="DJ0174"/>
<auth:candidate name="Dillingham, John"  id="DJ0176"/>
<auth:candidate name="Deane, Josiah"  id="DJ0177"/>
<auth:candidate name="Dunbar, J.D."  id="DJ0179"/>
<auth:candidate name="Davis, John"  id="DJ0181"/>
<auth:candidate name="Daggett, Joseph"  id="DJ0185"/>
<auth:candidate name="Davis, Jonathan"  id="DJ0190"/>
<auth:candidate name="Dodge, John, Jr."  id="DJ0191"/>
<auth:candidate name="Dickinson, John"  id="DJ0192"/>
<auth:candidate name="Davis, John Brazir"  id="DJ0194"/>
<auth:candidate name="Duncan, James H."  id="DJ0195"/>
<auth:candidate name="Draper, James, Jr."  id="DJ0197"/>
<auth:candidate name="Downe, Joseph, Jr."  id="DJ0200"/>
<auth:candidate name="Davis, Joseph"  id="DJ0201"/>
<auth:candidate name="Dozier, James I."  id="DJ0204"/>
<auth:candidate name="Duncan, John"  id="DJ0205"/>
<auth:candidate name="Dennie, Joseph"  id="DJ0206"/>
<auth:candidate name="Dame, Jabez"  id="DJ0207"/>
<auth:candidate name="Dayton, Jonathan"  id="DJ0209"/>
<auth:candidate name="Dye, John"  id="DJ0212"/>
<auth:candidate name="Doughty, John"  id="DJ0215"/>
<auth:candidate name="Darcey, John"  id="DJ0216"/>
<auth:candidate name="Deboe, John"  id="DJ0217"/>
<auth:candidate name="Day, John"  id="DJ0221"/>
<auth:candidate name="Doty, Joseph"  id="DJ0225"/>
<auth:candidate name="Dodd, John"  id="DJ0230"/>
<auth:candidate name="Dowers, John"  id="DJ0238"/>
<auth:candidate name="Diltz, Jacob"  id="DJ0241"/>
<auth:candidate name="Dunn, James T."  id="DJ0245"/>
<auth:candidate name="Dunlap, James"  id="DJ0248"/>
<auth:candidate name="Dickerson, John"  id="DJ0249"/>
<auth:candidate name="Davidson, James"  id="DJ0257"/>
<auth:candidate name="Dow, John"  id="DJ0258"/>
    <auth:candidate name="Dodd, Joel"  id="DJ0261"/>
    <auth:candidate name="Davidson, James"  id="DJ0262"/>
    <auth:candidate name="Dow, John"  id="DJ0263"/>
<auth:candidate name="Dickinson, John"  id="DJ0264"/>
    <auth:candidate name="DeGroat, Jacob"  id="DJ0265"/>
    <auth:candidate name="Delany, John W."  id="DJ0266"/>
<auth:candidate name="Dubois, Jeremiah"  id="DJ0269"/>
<auth:candidate name="Demarest, James P."  id="DJ0276"/>
<auth:candidate name="Disborough, John H."  id="DJ0278"/>
<auth:candidate name="Duncan, John"  id="DJ0282"/>
<auth:candidate name="Deitz, Johannis"  id="DJ0283"/>
    <auth:candidate name="DeWitt, John C."  id="DJ0284"/>
    <auth:candidate name="DeWitt, John"  id="DJ0286"/>
<auth:candidate name="Dongan, John C."  id="DJ0287"/>
<auth:candidate name="Dean, James"  id="DJ0290"/>
<auth:candidate name="Dillenbach, J."  id="DJ0291"/>
<auth:candidate name="Deitz, Johan J."  id="DJ0293"/>
<auth:candidate name="Delamater, Jacob"  id="DJ0294"/>
<auth:candidate name="Dickinson, James D."  id="DJ0301"/>
<auth:candidate name="Dumont, Joshua"  id="DJ0302"/>
<auth:candidate name="Dorr, Joseph"  id="DJ0304"/>
<auth:candidate name="Dunn, John"  id="DJ0306"/>
<auth:candidate name="Depuy, Jacobus"  id="DJ0308"/>
<auth:candidate name="Dill, John"  id="DJ0311"/>
<auth:candidate name="Dorr, Jonathan"  id="DJ0314"/>
<auth:candidate name="Durkee, John"  id="DJ0317"/>
<auth:candidate name="DeWitt, Jacob R."  id="DJ0318"/>
<auth:candidate name="Dayton, Jonathan"  id="DJ0320"/>
<auth:candidate name="Duer, John"  id="DJ0321"/>
<auth:candidate name="Dickinson, Jonathan"  id="DJ0322"/>
<auth:candidate name="Ditmus, John D."  id="DJ0323"/>
<auth:candidate name="Davis, John P."  id="DJ0325"/>
<auth:candidate name="Dickinson, John D."  id="DJ0326"/>
<auth:candidate name="Degraff, Joshua"  id="DJ0327"/>
<auth:candidate name="Drake, John"  id="DJ0329"/>
<auth:candidate name="Downs, James"  id="DJ0330"/>
<auth:candidate name="DeWitt, Jacob H."  id="DJ0332"/>
<auth:candidate name="Doughty, Jacob"  id="DJ0334"/>
<auth:candidate name="Dygert, John"  id="DJ0335"/>
<auth:candidate name="Delano, Jonathan, Jr."  id="DJ0336"/>
<auth:candidate name="Deyo, Joseph"  id="DJ0337"/>
<auth:candidate name="Dwinell, Justin"  id="DJ0345"/>
<auth:candidate name="DeWitt, James C."  id="DJ0347"/>
<auth:candidate name="Dickson, James"  id="DJ0348"/>
<auth:candidate name="DeMott, James"  id="DJ0349"/>
<auth:candidate name="Drake, John H."  id="DJ0350"/>
<auth:candidate name="Dickson, Joseph"  id="DJ0351"/>
<auth:candidate name="Dickson, John"  id="DJ0353"/>
<auth:candidate name="Dardan, Jesse"  id="DJ0355"/>
    <auth:candidate name="Daniel, Joseph John"  id="DJ0358"/>
    <auth:candidate name="Davis, James G."  id="DJ0359"/>
<auth:candidate name="Deane, James"  id="DJ0361"/>
<auth:candidate name="Davis, John"  id="DJ0362"/>
<auth:candidate name="Daves, John P."  id="DJ0364"/>
<auth:candidate name="Dickson, James"  id="DJ0365"/>
<auth:candidate name="Dawson, Jesse A."  id="DJ0366"/>
    <auth:candidate name="Dunlap, James"  id="DJ0367"/>
    <auth:candidate name="Doogan, John"  id="DJ0368"/>
    <auth:candidate name="Darlington, Joseph"  id="DJ0370"/>
    <auth:candidate name="Done, John"  id="DJ0371"/>
<auth:candidate name="Duncan, John"  id="DJ0372"/>
<auth:candidate name="Dillon, Josiah"  id="DJ0373"/>
<auth:candidate name="Delaplane, Joshua"  id="DJ0375"/>
<auth:candidate name="Day, Jeremiah"  id="DJ0383"/>
<auth:candidate name="Death, John C."  id="DJ0387"/>
<auth:candidate name="DeWolf, Joseph"  id="DJ0388"/>
<auth:candidate name="Devor, John"  id="DJ0390"/>
<auth:candidate name="Dobbins, James"  id="DJ0392"/>
<auth:candidate name="Dunn, John"  id="DJ0393"/>
<auth:candidate name="Dillion, James"  id="DJ0394"/>
<auth:candidate name="Dorsey, James M."  id="DJ0397"/>
<auth:candidate name="Duffield, Johnston E."  id="DJ0399"/>
<auth:candidate name="Drennan, James"  id="DJ0400"/>
<auth:candidate name="Dunlap, Joseph"  id="DJ0402"/>
<auth:candidate name="Davisson, John"  id="DJ0404"/>
<auth:candidate name="Dickson, John"  id="DJ0405"/>
<auth:candidate name="Davis, John"  id="DJ0407"/>
<auth:candidate name="Duncan, James"  id="DJ0409"/>
<auth:candidate name="Davis, John"  id="DJ0410"/>
<auth:candidate name="Dixon, James"  id="DJ0411"/>
<auth:candidate name="Davis, John"  id="DJ0412"/>
<auth:candidate name="Dennis, John"  id="DJ0414"/>
<auth:candidate name="David, John"  id="DJ0416"/>
<auth:candidate name="Darlington, Jesse"  id="DJ0418"/>
<auth:candidate name="Dorsey, John"  id="DJ0421"/>
<auth:candidate name="Douglas, James"  id="DJ0427"/>
<auth:candidate name="Delancey, John"  id="DJ0432"/>
<auth:candidate name="Davidson, John M."  id="DJ0435"/>
<auth:candidate name="Dutwiler, John"  id="DJ0437"/>
<auth:candidate name="Dechart, Jacob"  id="DJ0439"/>
<auth:candidate name="Denniston, John"  id="DJ0440"/>
<auth:candidate name="Daniels, John"  id="DJ0441"/>
<auth:candidate name="Davis, John"  id="DJ0447"/>
<auth:candidate name="Drinker, John"  id="DJ0449"/>
<auth:candidate name="Davison, James"  id="DJ0451"/>
<auth:candidate name="Davis, John"  id="DJ0453"/>
<auth:candidate name="Dunlap, Joseph"  id="DJ0455"/>
<auth:candidate name="Darragh, John"  id="DJ0457"/>
<auth:candidate name="Dickson, John"  id="DJ0459"/>
<auth:candidate name="Dunlap, James"  id="DJ0461"/>
<auth:candidate name="Dearmet, James"  id="DJ0462"/>
<auth:candidate name="Douglass, John"  id="DJ0463"/>
    <auth:candidate name="Dart, J. M."  id="DJ0468"/>
<auth:candidate name="Dickerson, Joshua"  id="DJ0469"/>
<auth:candidate name="Duchman, Jacob"  id="DJ0470"/>
<auth:candidate name="Duey, Jacob"  id="DJ0471"/>
<auth:candidate name="Dreisbach, John"  id="DJ0472"/>
<auth:candidate name="Dobbin, James"  id="DJ0474"/>
<auth:candidate name="Dribellis, Jacob"  id="DJ0477"/>
<auth:candidate name="Dowlin, John"  id="DJ0481"/>
<auth:candidate name="Drinkhouse, Job"  id="DJ0484"/>
<auth:candidate name="Davies, John"  id="DJ0485"/>
<auth:candidate name="Downey, John"  id="DJ0486"/>
<auth:candidate name="Drinkhouse, Jacob"  id="DJ0487"/>
<auth:candidate name="Dyre, James"  id="DJ0488"/>
<auth:candidate name="Doll, Jacob"  id="DJ0489"/>
    <auth:candidate name="Davis, John"  id="DJ0490"/>
    <auth:candidate name="Darnall, John"  id="DJ0491"/>
<auth:candidate name="Drinkhouse, James"  id="DJ0493"/>
<auth:candidate name="Derr, John"  id="DJ0496"/>
<auth:candidate name="Dale, James"  id="DJ0499"/>
<auth:candidate name="Dierdorff, Jonas"  id="DJ0504"/>
<auth:candidate name="Duncan, John"  id="DJ0505"/>
<auth:candidate name="Desh, John"  id="DJ0506"/>
<auth:candidate name="Dorst, Jacob"  id="DJ0507"/>
<auth:candidate name="Dorwart, Jonas"  id="DJ0508"/>
<auth:candidate name="Drumheller, Jacob, Jr."  id="DJ0513"/>
<auth:candidate name="Driver, Joseph"  id="DJ0515"/>
<auth:candidate name="Davis, James"  id="DJ0516"/>
<auth:candidate name="Dix, Jesse"  id="DJ0518"/>
<auth:candidate name="Durney, John"  id="DJ0522"/>
<auth:candidate name="Diehl, Jacob"  id="DJ0525"/>
<auth:candidate name="Divers, Joseph"  id="DJ0526"/>
<auth:candidate name="Diemer, John"  id="DJ0527"/>
<auth:candidate name="Douglass, John, Sr."  id="DJ0528"/>
<auth:candidate name="Dunlap, J."  id="DJ0529"/>
<auth:candidate name="Davis, John"  id="DJ0530"/>
<auth:candidate name="Dillinger, Jacob"  id="DJ0531"/>
<auth:candidate name="Dickey, John"  id="DJ0533"/>
    <auth:candidate name="Dunlap, James"  id="DJ0535"/>
    <auth:candidate name="Dickey, John"  id="DJ0536"/>
<auth:candidate name="Durfree, Job"  id="DJ0538"/>
<auth:candidate name="Drayton, John"  id="DJ0540"/>
<auth:candidate name="Davis, James"  id="DJ0544"/>
<auth:candidate name="Dozier, John"  id="DJ0546"/>
<auth:candidate name="Davis, John"  id="DJ0547"/>
<auth:candidate name="Dawson, John, Jr."  id="DJ0548"/>
<auth:candidate name="Dreht, John"  id="DJ0550"/>
<auth:candidate name="Dowling, Jabez"  id="DJ0553"/>
<auth:candidate name="Douglass, John"  id="DJ0554"/>
<auth:candidate name="Dupont, John"  id="DJ0555"/>
<auth:candidate name="Duff, James"  id="DJ0560"/>
<auth:candidate name="DeWitt, John"  id="DJ0561"/>
<auth:candidate name="DuBose, John"  id="DJ0562"/>
<auth:candidate name="Delsach, John"  id="DJ0566"/>
<auth:candidate name="Deas, James S."  id="DJ0570"/>
<auth:candidate name="Dwight, J. M."  id="DJ0572"/>
<auth:candidate name="Dugan, John"  id="DJ0573"/>
<auth:candidate name="Dixon, Joseph"  id="DJ0575"/>
<auth:candidate name="Dyer, Joel"  id="DJ0576"/>
<auth:candidate name="Duval, J.P."  id="DJ0577"/>
<auth:candidate name="Dunn, John"  id="DJ0578"/>
<auth:candidate name="Dixon, John"  id="DJ0580"/>
<auth:candidate name="Dodson, J."  id="DJ0581"/>
<auth:candidate name="Dawson, John"  id="DJ0582"/>
<auth:candidate name="Daingerfield, John"  id="DJ0584"/>
<auth:candidate name="Dyer, James, Jr."  id="DJ0585"/>
<auth:candidate name="Deane, James"  id="DJ0586"/>
<auth:candidate name="Dix, James"  id="DJ0591"/>
<auth:candidate name="Doggett, John"  id="DJ0592"/>
<auth:candidate name="Dabney, John"  id="DJ0603"/>
<auth:candidate name="Davis, John"  id="DJ0608"/>
<auth:candidate name="Downman, Joseph B."  id="DJ0609"/>
<auth:candidate name="Dixon, Jns."  id="DJ0614"/>
<auth:candidate name="Dean, Joseph"  id="DJ0617"/>
<auth:candidate name="Dabney, James"  id="DJ0618"/>
<auth:candidate name="Darby, John"  id="DJ0619"/>
<auth:candidate name="Degraffenreidt, Joseph"  id="DJ0621"/>
<auth:candidate name="Dilliard, Joseph S."  id="DJ0622"/>
<auth:candidate name="Drummond, John P."  id="DJ0624"/>
<auth:candidate name="Dillard, James S."  id="DJ0625"/>
<auth:candidate name="Duckwalt, John"  id="DJ0626"/>
<auth:candidate name="Dunn, J."  id="DJ0627"/>
<auth:candidate name="Davisson, John"  id="DJ0629"/>
<auth:candidate name="Dice, John"  id="DJ0630"/>
<auth:candidate name="Davis, James, Sr."  id="DJ0631"/>
<auth:candidate name="Dickenson, James"  id="DJ0634"/>
<auth:candidate name="Dunbar, Joseph"  id="DJ0635"/>
<auth:candidate name="Duval, John P."  id="DJ0636"/>
<auth:candidate name="Davis, Joseph E."  id="DJ0637"/>
<auth:candidate name="De LaMotta, Jacob"  id="DJ0638"/>
<auth:candidate name="De Pauw, John"  id="DJ0639"/>
<auth:candidate name="Douglass, James"  id="DJ0641"/>
<auth:candidate name="Darrach, John"  id="DJ0642"/>
<auth:candidate name="Dixon, John"  id="DJ0643"/>
<auth:candidate name="Deputy, John"  id="DJ0644"/>
<auth:candidate name="Day, Joseph"  id="DJ0645"/>
    <auth:candidate name="Dutton, Jesse"  id="DJ0646"/>
    <auth:candidate name="Dodd, John"  id="DJ1230"/>
    <auth:candidate name="Day, John"  id="DJ2234"/>
    <auth:candidate name="DeWitt, John"  id="DJ8888"/>
<auth:candidate name="DuBois, Koert"  id="DK0001"/>
<auth:candidate name="DeLyon, Levi S."  id="DL0002"/>
<auth:candidate name="Decker, Luke"  id="DL0005"/>
<auth:candidate name="Dobyns, Leroy"  id="DL0006"/>
<auth:candidate name="Dorgenois, L., Sr."  id="DL0007"/>
<auth:candidate name="Deblanc, Louis C."  id="DL0008"/>
<auth:candidate name="Dennis, Littleton, Sr."  id="DL0009"/>
<auth:candidate name="Duvall, Lewis"  id="DL0010"/>
<auth:candidate name="Dennis, Littleton"  id="DL0012"/>
    <auth:candidate name="Dorsey, Lloyd"  id="DL0013"/>
    <auth:candidate name="Dashiell, Levin"  id="DL0015"/>
<auth:candidate name="Derickson, Levin"  id="DL0022"/>
<auth:candidate name="Dennis, Littleton, Jr."  id="DL0027"/>
<auth:candidate name="Dennis, Littleton P."  id="DL0043"/>
<auth:candidate name="Dubois, Lewis"  id="DL0047"/>
    <auth:candidate name="Dibble, Lewis"  id="DL0048"/>
    <auth:candidate name="Durocher, Laurent"  id="DL0049"/>
<auth:candidate name="Daniel, Lewis"  id="DL0050"/>
<auth:candidate name="Dille, Lewis"  id="DL0052"/>
<auth:candidate name="Dewart, Lewis"  id="DL0053"/>
<auth:candidate name="Deffebach, Lewis"  id="DL0057"/>
<auth:candidate name="Dozier, Leonard"  id="DL0069"/>
<auth:candidate name="Dade, Langhorne"  id="DL0071"/>
<auth:candidate name="Dade, Lawrence T."  id="DL0072"/>
<auth:candidate name="Davidson, Lemuel E."  id="DL0074"/>
<auth:candidate name="Davenport, Marmaduke S."  id="DM0001"/>
<auth:candidate name="Duncan, Matthew"  id="DM0002"/>
<auth:candidate name="Dougherty, Michael"  id="DM0003"/>
<auth:candidate name="Davis, Milo R."  id="DM0004"/>
<auth:candidate name="Duralde, M., Jr."  id="DM0005"/>
<auth:candidate name="Driver, Matthew"  id="DM0007"/>
<auth:candidate name="Denny, Montgomery"  id="DM0008"/>
<auth:candidate name="Dennett, Mark"  id="DM0009"/>
<auth:candidate name="Dunn, Moses"  id="DM0010"/>
<auth:candidate name="Dashiell, Matthias"  id="DM0011"/>
<auth:candidate name="Dickinson, Medad"  id="DM0016"/>
    <auth:candidate name="Daniels, Moses"  id="DM0025"/>
    <auth:candidate name="Davis, Moses"  id="DM0027"/>
<auth:candidate name="Davis, Micajah"  id="DM0028"/>
<auth:candidate name="Dow, Moses"  id="DM0029"/>
<auth:candidate name="Dickinson, Mahlon"  id="DM0030"/>
<auth:candidate name="Dorr, Matthew"  id="DM0038"/>
<auth:candidate name="Defreest, Martin"  id="DM0039"/>
    <auth:candidate name="Dockery, Michael"  id="DM0040"/>
    <auth:candidate name="Deffendorffer, M."  id="DM0041"/>
<auth:candidate name="Davis, Methusaleh"  id="DM0042"/>
<auth:candidate name="Darlington, Meredith"  id="DM0047"/>
<auth:candidate name="Dunn, Michael"  id="DM0049"/>
<auth:candidate name="Doudel, Michael"  id="DM0050"/>
<auth:candidate name="Dill, Matthew"  id="DM0051"/>
<auth:candidate name="Drudemiller, Michael"  id="DM0052"/>
<auth:candidate name="Doran, Michael"  id="DM0053"/>
<auth:candidate name="Day, Michael"  id="DM0054"/>
    <auth:candidate name="Day, Matthias"  id="DM0055"/>
    <auth:candidate name="Dashiell, Nicholas"  id="DN0000"/>
    <auth:candidate name="Davis, Nicholas P."  id="DN0001"/>
    <auth:candidate name="Dorsey, Nicholas"  id="DN0002"/>
<auth:candidate name="Destrehan, Noel"  id="DN0016"/>
<auth:candidate name="Declouet, Neuville"  id="DN0017"/>
<auth:candidate name="Dorsey, Nicholas"  id="DN0018"/>
    <auth:candidate name="Dummer, Nathaniel"  id="DN0019"/>
    <auth:candidate name="Dane, Nathan"  id="DN0020"/>
<auth:candidate name="Dunham, Nehemiah"  id="DN0022"/>
<auth:candidate name="Douglas, Nathaniel"  id="DN0023"/>
<auth:candidate name="Daniels, Nathaniel"  id="DN0025"/>
<auth:candidate name="Dayton, Nathan"  id="DN0026"/>
<auth:candidate name="Depuy, Nicholas"  id="DN0027"/>
<auth:candidate name="Donham, Nathaniel"  id="DN0028"/>
<auth:candidate name="Dodge, Nathaniel"  id="DN0029"/>
<auth:candidate name="Dennis, N."  id="DN0030"/>
<auth:candidate name="Dick, Nicholas"  id="DN0031"/>
<auth:candidate name="Daly, Nicholas"  id="DN0032"/>
<auth:candidate name="David, Nicholas"  id="DN0033"/>
<auth:candidate name="Dryden, Nathaniel"  id="DN0034"/>
<auth:candidate name="Denny, Nathaniel P."  id="DN0035"/>
<auth:candidate name="Dole, Nathaniel"  id="DN0036"/>    
<auth:candidate name="Davenport, Otho"  id="DO0000"/>
<auth:candidate name="Dolley, Owen"  id="DO0001"/>
<auth:candidate name="Dorsey, Owen"  id="DO0002"/>
<auth:candidate name="Day, Oliver"  id="DO0003"/>
<auth:candidate name="Davis, Outen"  id="DO0004"/>
<auth:candidate name="Davis, Oliver"  id="DO0005"/>
<auth:candidate name="Durfee, Oliver"  id="DO0006"/>
<auth:candidate name="Deveaux, Peter"  id="DP0000"/>
<auth:candidate name="Dix, Peter"  id="DP0001"/>
<auth:candidate name="Derbigny, Pierre"  id="DP0002"/>
<auth:candidate name="Delachaise, P."  id="DP0003"/>
<auth:candidate name="Dashiell, Peter"  id="DP0004"/>
<auth:candidate name="Dorsey, Philip"  id="DP0006"/>
    <auth:candidate name="Downes, Philemon St. J."  id="DP0008"/>
    <auth:candidate name="Dillingham, Pitt"  id="DP0009"/>
<auth:candidate name="Diffenderner, Peter"  id="DP0011"/>
<auth:candidate name="Draper, Paul"  id="DP0017"/>
<auth:candidate name="Dickinson, Philemon"  id="DP0018"/>
<auth:candidate name="DeVroom, Peter"  id="DP0020"/>
<auth:candidate name="Decker, Peter"  id="DP0024"/>
<auth:candidate name="Doty, Prince"  id="DP0025"/>
<auth:candidate name="DeNoyelles, Peter"  id="DP0026"/>
<auth:candidate name="Davis, P."  id="DP0027"/>
<auth:candidate name="Davis, Peter R."  id="DP0028"/>
<auth:candidate name="Diffenderfer, Philip"  id="DP0031"/>
<auth:candidate name="Diller, Peter"  id="DP0032"/>
<auth:candidate name="Drum, Philip"  id="DP0033"/>
<auth:candidate name="Davidson, Patrick"  id="DP0034"/>
<auth:candidate name="Dimm, Peter"  id="DP0036"/>
<auth:candidate name="Duponceau, Peter S."  id="DP0037"/>
<auth:candidate name="Deckert, Peter S."  id="DP0039"/>
<auth:candidate name="Douglas, Peter"  id="DP0041"/>
<auth:candidate name="Darby, Patrick H."  id="DP0042"/>
<auth:candidate name="Doddridge, Philip"  id="DP0043"/>
<auth:candidate name="Douglas, Patrick H."  id="DP0044"/>
<auth:candidate name="Dawe, Philip D."  id="DP0046"/>
<auth:candidate name="Dunn, P."  id="DP0047"/>
<auth:candidate name="Daniel, Peter M."  id="DP0048"/>
<auth:candidate name="Doddridge, Philip"  id="DP0050"/>
<auth:candidate name="de Labarre, P."  id="DP0051"/>
<auth:candidate name="Delaney, Peter B."  id="DP0052"/>
<auth:candidate name="Denny, Peter"  id="DP0666"/>
<auth:candidate name="Duckworth, Randal"  id="DR0000"/>
<auth:candidate name="Dale, Richard C."  id="DR0001"/>
<auth:candidate name="Dunlap, Richard T."  id="DR0002"/>
<auth:candidate name="Daniel, Richard"  id="DR0003"/>
    <auth:candidate name="Davidge, Rezin"  id="DR0004"/>
    <auth:candidate name="Douglass, Robert"  id="DR0005"/>
<auth:candidate name="Dougherty, R."  id="DR0006"/>
<auth:candidate name="Dunlap, Robert P."  id="DR0007"/>
<auth:candidate name="Dunn, Robert"  id="DR0009"/>
<auth:candidate name="Dennis, Robert"  id="DR0012"/>
<auth:candidate name="Dunnington, Roger"  id="DR0013"/>
<auth:candidate name="Dodson, Robert"  id="DR0014"/>
<auth:candidate name="Davis, Rezin"  id="DR0015"/>
<auth:candidate name="Dorsey, Roderick"  id="DR0019"/>
<auth:candidate name="Downes, Richard C."  id="DR0023"/>
<auth:candidate name="Dennis, Robert"  id="DR0024"/>
<auth:candidate name="Dame, Richard"  id="DR0025"/>
<auth:candidate name="D'Contillon, Richard"  id="DR0026"/>
<auth:candidate name="Davis, Richard"  id="DR0027"/>
<auth:candidate name="Dodge, Richard"  id="DR0029"/>
<auth:candidate name="Devendorf, Rudolph"  id="DR0031"/>
<auth:candidate name="Dubois, Robert"  id="DR0032"/>
<auth:candidate name="Devine, Roger"  id="DR0033"/>
    <auth:candidate name="Day, Rowland"  id="DR0036"/>
    <auth:candidate name="Daly, Richard"  id="DR0037"/>
<auth:candidate name="Davis, R."  id="DR0038"/>
<auth:candidate name="Douglas, R."  id="DR0039"/>
<auth:candidate name="Dobbins, Robert"  id="DR0040"/>
<auth:candidate name="Douthitt, Robert"  id="DR0042"/>
<auth:candidate name="Douglass, Richard"  id="DR0043"/>
<auth:candidate name="Downing, Richard"  id="DR0044"/>
<auth:candidate name="Dickey, Robert"  id="DR0045"/>
<auth:candidate name="Davis, Roger"  id="DR0049"/>
<auth:candidate name="Duncan, R.H."  id="DR0050"/>
<auth:candidate name="Darragh, Robert"  id="DR0055"/>
<auth:candidate name="Desilver, Robert"  id="DR0057"/>
<auth:candidate name="Darrell, Robert"  id="DR0059"/>
<auth:candidate name="Dyre, Robert H."  id="DR0060"/>
<auth:candidate name="Dougherty, Robert E. C."  id="DR0061"/>
<auth:candidate name="Davis, Robert"  id="DR0062"/>
<auth:candidate name="Doake, Robert"  id="DR0065"/>
<auth:candidate name="Downman, Rawl. M."  id="DR0077"/>
<auth:candidate name="Downman, Rawleigh W."  id="DR0080"/>
<auth:candidate name="Duffield, Richard"  id="DR0081"/>
<auth:candidate name="Durrett, Richard"  id="DR0085"/>
<auth:candidate name="Dunn, Roger"  id="DR0086"/>
    <auth:candidate name="Dill, Robert"  id="DR0087"/>
    <auth:candidate name="Dey, Richard"  id="DR2234"/>
<auth:candidate name="Dale, Samuel"  id="DS0000"/>
<auth:candidate name="Dinsmoor, Silas"  id="DS0001"/>
<auth:candidate name="Demaree, Samuel R."  id="DS0002"/>
<auth:candidate name="Dana, Samuel W."  id="DS0003"/>
<auth:candidate name="Davis, Samuel H."  id="DS0004"/>
<auth:candidate name="Davis, Samuel"  id="DS0018"/>
<auth:candidate name="Davidson, Samuel"  id="DS0019"/>
<auth:candidate name="Derr, Sebastien"  id="DS0020"/>
<auth:candidate name="Daviess, Samuel"  id="DS0021"/>
<auth:candidate name="Davis, Samuel"  id="DS0024"/>
<auth:candidate name="Dickinson, Samuel"  id="DS0025"/>
<auth:candidate name="Denny, Skinner"  id="DS0026"/>
<auth:candidate name="Davis, Samuel"  id="DS0027"/>
<auth:candidate name="Dickinson, Solomon"  id="DS0028"/>
<auth:candidate name="Dutton, Samuel"  id="DS0029"/>
<auth:candidate name="Dorsey, Stephen B."  id="DS0032"/>
<auth:candidate name="Davis, Solomon"  id="DS0036"/>
<auth:candidate name="Darden, Stephen"  id="DS0040"/>
<auth:candidate name="Denny, Spry"  id="DS0043"/>
<auth:candidate name="Dexter, Samuel, Jr."  id="DS0045"/>
<auth:candidate name="Dickinson, Samuel F."  id="DS0048"/>
<auth:candidate name="Derby, Samuel G."  id="DS0049"/>
<auth:candidate name="Dunham, Shubal"  id="DS0052"/>
<auth:candidate name="Dexter, Samuel"  id="DS0053"/>
<auth:candidate name="Dana, Samuel"  id="DS0058"/>
<auth:candidate name="Draper, Simeon"  id="DS0063"/>
<auth:candidate name="Daggett, Seth"  id="DS0087"/>
<auth:candidate name="Dana, Samuel"  id="DS0097"/>
<auth:candidate name="Drowne, Samuel"  id="DS0098"/>
<auth:candidate name="Dinsmore, Samuel"  id="DS0099"/>
<auth:candidate name="Deacon, Samuel"  id="DS0107"/>
<auth:candidate name="Dick, Samuel"  id="DS0108"/>
<auth:candidate name="Dickerson, Silas"  id="DS0110"/>
<auth:candidate name="Depue, Samuel"  id="DS0111"/>
<auth:candidate name="Dodd, Stephen"  id="DS0116"/>
<auth:candidate name="Dare, Samuel"  id="DS0118"/>
<auth:candidate name="Drake, Samuel"  id="DS0125"/>
<auth:candidate name="Deering, Sylvester"  id="DS0126"/>
<auth:candidate name="Dill, Samuel"  id="DS0127"/>
<auth:candidate name="Dimmick, S."  id="DS0128"/>
<auth:candidate name="Davis, Solomon"  id="DS0130"/>
    <auth:candidate name="Dickens, Samuel"  id="DS0131"/>
    <auth:candidate name="Duvall, Samuel"  id="DS0132"/>
    <auth:candidate name="Doves, Samson"  id="DS0133"/>
<auth:candidate name="Dick, Samuel"  id="DS0135"/>
<auth:candidate name="Dunlap, Samuel"  id="DS0136"/>
<auth:candidate name="Davis, Samuel W."  id="DS0137"/>
<auth:candidate name="Dillon, Samuel"  id="DS0139"/>
<auth:candidate name="Dye, Stephen"  id="DS0140"/>
<auth:candidate name="Dodge, Samuel"  id="DS0142"/>
<auth:candidate name="Doan, Seth"  id="DS0143"/>
<auth:candidate name="Davis, Samuel"  id="DS0146"/>
<auth:candidate name="Downing, Samuel"  id="DS0147"/>
<auth:candidate name="Dale, Samuel"  id="DS0149"/>
<auth:candidate name="Davis, Samuel"  id="DS0150"/>
<auth:candidate name="Dale, Samuel"  id="DS0154"/>
<auth:candidate name="Davis, Samuel"  id="DS0160"/>
<auth:candidate name="Davis, Stephen"  id="DS0161"/>
<auth:candidate name="Douglas, Samuel"  id="DS0162"/>
    <auth:candidate name="Drum, Simon, Jr."  id="DS0164"/>
    <auth:candidate name="Dawson, Samuel"  id="DS0165"/>
<auth:candidate name="Diehl, Samuel"  id="DS0166"/>
<auth:candidate name="Davis, Stewart"  id="DS0167"/>
<auth:candidate name="Dunn, Samuel"  id="DS0168"/>
<auth:candidate name="Duncan, Stephen"  id="DS0169"/>
<auth:candidate name="Derickson, Samuel"  id="DS0171"/>
<auth:candidate name="Dunlap, Samuel"  id="DS0172"/>
<auth:candidate name="Dwight, Samuel"  id="DS0174"/>
<auth:candidate name="Dubose, Samuel"  id="DS0175"/>
<auth:candidate name="Dickinson, Samuel H."  id="DS0177"/>
<auth:candidate name="David, Sampson"  id="DS0178"/>
<auth:candidate name="Davis, Samuel"  id="DS0180"/>
<auth:candidate name="Dale, Samuel"  id="DS0181"/>
<auth:candidate name="Derrickson, Samuel"  id="DS0182"/>
<auth:candidate name="Dwight, Theodore"  id="DT0000"/>
<auth:candidate name="Dennis, Thomas"  id="DT0001"/>
<auth:candidate name="Day, Thomas"  id="DT0007"/>
<auth:candidate name="Duff, Thomas"  id="DT0018"/>
<auth:candidate name="Dubois, Toussant"  id="DT0020"/>
<auth:candidate name="Dorris, Thomas M."  id="DT0021"/>
<auth:candidate name="Davis, Thomas J."  id="DT0024"/>
<auth:candidate name="Davis, Thomas"  id="DT0028"/>
<auth:candidate name="Davis, Thomas Terry"  id="DT0030"/>
<auth:candidate name="Dougherty, Thomas"  id="DT0032"/>
<auth:candidate name="Dollerhide, Thomas"  id="DT0035"/>
<auth:candidate name="Doye, Thomas Cockey"  id="DT0036"/>
<auth:candidate name="Dyson, Thomas Andrew"  id="DT0040"/>
<auth:candidate name="Davis, Thomas"  id="DT0041"/>
<auth:candidate name="Diggs, Thomas"  id="DT0043"/>
<auth:candidate name="Dixon, Thomas"  id="DT0044"/>
<auth:candidate name="Denny, Thomas S."  id="DT0045"/>
<auth:candidate name="Dent, Thomas"  id="DT0051"/>
<auth:candidate name="Dixon, Thomas"  id="DT0052"/>
<auth:candidate name="Dorsey, Thomas B."  id="DT0054"/>
<auth:candidate name="Daffin, Thomas B."  id="DT0055"/>
<auth:candidate name="Davis, Thomas A."  id="DT0057"/>
<auth:candidate name="Duckett, Thomas"  id="DT0059"/>
<auth:candidate name="Douglas, Thomas"  id="DT0061"/>
<auth:candidate name="Dorsey, Thomas H."  id="DT0065"/>
<auth:candidate name="Dana, Thomas"  id="DT0077"/>
<auth:candidate name="Dwight, Thomas"  id="DT0078"/>
<auth:candidate name="Danforth, Thomas"  id="DT0079"/>
<auth:candidate name="Dennie, Thomas"  id="DT0080"/>
<auth:candidate name="Dorum, Thomas"  id="DT0085"/>
<auth:candidate name="Dubois, Thomas"  id="DT0086"/>
<auth:candidate name="Doughty, Thomas"  id="DT0087"/>
<auth:candidate name="Dickerson, Thomas"  id="DT0089"/>
<auth:candidate name="Donnelly, Thomas"  id="DT0093"/>
<auth:candidate name="Davis, Thomas"  id="DT0094"/>
<auth:candidate name="Dick, Thomas"  id="DT0118"/>
<auth:candidate name="Dobbins, Thomas"  id="DT0119"/>
<auth:candidate name="Duff, Thomas"  id="DT0120"/>
<auth:candidate name="Davidson, Thomas"  id="DT0121"/>
<auth:candidate name="Davis, Thomas"  id="DT0122"/>
<auth:candidate name="Dobbins, Thomas"  id="DT0125"/>
    <auth:candidate name="Dodds, Thomas"  id="DT0127"/>
    <auth:candidate name="Dorsey, Thomas"  id="DT0128"/>
<auth:candidate name="Dick, Thomas B."  id="DT0129"/>
<auth:candidate name="Desilver, Thomas"  id="DT0130"/>
<auth:candidate name="Dargon, Timothy"  id="DT0131"/>
<auth:candidate name="Deveaux, Thomas"  id="DT0132"/>
<auth:candidate name="Dugan, Thomas"  id="DT0133"/>
    <auth:candidate name="Davis, Thomas P."  id="DT0134"/>
    <auth:candidate name="Davidson, Thomas G."  id="DT0135"/>
    <auth:candidate name="Dixon, Tilman"  id="DT0136"/>
<auth:candidate name="Dunn, Thomas"  id="DT0140"/>
<auth:candidate name="Downing, Thomas"  id="DT0141"/>
<auth:candidate name="Dobyns, Thomas"  id="DT0142"/>
<auth:candidate name="Dabney, Thomas"  id="DT0143"/>
<auth:candidate name="Davenport, Thomas"  id="DT0144"/>
<auth:candidate name="Deporty, Thomas"  id="DT0145"/>
    <auth:candidate name="Deakyne, Thomas"  id="DT0146"/>
    <auth:candidate name="Denny, Thomas"  id="DT0147"/>
<auth:candidate name="DuPont, Victor"  id="DV0000"/>
<auth:candidate name="Duplessis, Valery"  id="DV0001"/>
    <auth:candidate name="de Vastine Jamison, Van"  id="DV0004"/>
<auth:candidate name="Denny, William"  id="DW0000"/>
<auth:candidate name="Davis, William M."  id="DW0001"/>
<auth:candidate name="Davis, William"  id="DW0002"/>
<auth:candidate name="Drane, Walter"  id="DW0003"/>
<auth:candidate name="Davies, William"  id="DW0005"/>
<auth:candidate name="DeWolf, William"  id="DW0007"/>
<auth:candidate name="Daniell, William C."  id="DW0011"/>
    <auth:candidate name="Dawson, William C."  id="DW0014"/>
    <auth:candidate name="Dunlap, William"  id="DW0015"/>
<auth:candidate name="De Les Dernier, William"  id="DW0020"/>
<auth:candidate name="Downing, William"  id="DW0021"/>
    <auth:candidate name="Dunn, Williamson"  id="DW0022"/>
    <auth:candidate name="Davis, William C."  id="DW0023"/>
    <auth:candidate name="Dashiell, William George"  id="DW0024"/>
<auth:candidate name="Drew, William C."  id="DW0025"/>
<auth:candidate name="Doughty, William H."  id="DW0026"/>
<auth:candidate name="Duval, William P."  id="DW0027"/>
<auth:candidate name="Depeyster, William A."  id="DW0028"/>
<auth:candidate name="Deakins, William, Jr."  id="DW0029"/>
<auth:candidate name="Dorsey, William"  id="DW0030"/>
<auth:candidate name="Dorsey, Walter"  id="DW0031"/>
<auth:candidate name="Dallam, William Smith"  id="DW0033"/>
<auth:candidate name="Dorsey, William"  id="DW0034"/>
<auth:candidate name="Darns, William"  id="DW0037"/>
<auth:candidate name="Downey, William"  id="DW0039"/>
<auth:candidate name="Dixon, Wallace"  id="DW0040"/>
<auth:candidate name="Dixon, William"  id="DW0041"/>
<auth:candidate name="Dorsey, William"  id="DW0044"/>
<auth:candidate name="Dawson, William R."  id="DW0045"/>
<auth:candidate name="Durbin, William"  id="DW0048"/>
<auth:candidate name="Downey, William"  id="DW0051"/>
<auth:candidate name="Digges, William D."  id="DW0052"/>
<auth:candidate name="Darne, William"  id="DW0053"/>
<auth:candidate name="Duvall, Washington"  id="DW0056"/>
<auth:candidate name="Dawson, William"  id="DW0057"/>
<auth:candidate name="Dunnington, William W."  id="DW0058"/>
<auth:candidate name="Davis, Wendell"  id="DW0060"/>
<auth:candidate name="Davis, Wendall"  id="DW0062"/>
<auth:candidate name="Donel, William"  id="DW0064"/>
<auth:candidate name="Duncan, William"  id="DW0065"/>
<auth:candidate name="Day, William"  id="DW0067"/>
<auth:candidate name="Davis, William"  id="DW0068"/>
    <auth:candidate name="Darrah, William"  id="DW0070"/>
    <auth:candidate name="Davis, William"  id="DW0071"/>
<auth:candidate name="Demun, William"  id="DW0072"/>
<auth:candidate name="Duryea, William"  id="DW0076"/>
<auth:candidate name="Denning, William"  id="DW0080"/>
<auth:candidate name="Dowse, William"  id="DW0088"/>
<auth:candidate name="Duer, William A."  id="DW0089"/>
<auth:candidate name="Dietz, William"  id="DW0091"/>
<auth:candidate name="Dickson, William"  id="DW0093"/>
<auth:candidate name="Dodge, William L."  id="DW0104"/>
<auth:candidate name="Daboon, William"  id="DW0105"/>
<auth:candidate name="Deitz, William"  id="DW0106"/>
<auth:candidate name="Dawson, William J."  id="DW0108"/>
<auth:candidate name="Davie, William R."  id="DW0110"/>
    <auth:candidate name="Daniel, Woodson"  id="DW0113"/>
    <auth:candidate name="Duncan, William"  id="DW0114"/>
<auth:candidate name="Douglass, William"  id="DW0116"/>
<auth:candidate name="Dowling, William"  id="DW0117"/>
    <auth:candidate name="Dismukes, William"  id="DW0121"/>
    <auth:candidate name="Douglass, William"  id="DW0122"/>
<auth:candidate name="Dobson, W. P."  id="DW0123"/>
<auth:candidate name="Davidson, William L."  id="DW0128"/>
    <auth:candidate name="Davis, Whitington"  id="DW0131"/>
    <auth:candidate name="Douglass, William"  id="DW0132"/>
<auth:candidate name="Dodds, William"  id="DW0135"/>
<auth:candidate name="Daily, William"  id="DW0137"/>
    <auth:candidate name="Darst, William P."  id="DW0139"/>
    <auth:candidate name="Dodds, William"  id="DW0140"/>
<auth:candidate name="Dawes, William M."  id="DW0141"/>
<auth:candidate name="Drake, William S."  id="DW0142"/>
<auth:candidate name="Domigan, William"  id="DW0143"/>
<auth:candidate name="Dars, William P."  id="DW0144"/>
<auth:candidate name="Dean, William"  id="DW0145"/>
<auth:candidate name="Dunning, William"  id="DW0146"/>
<auth:candidate name="Dickson, William and Robert"  id="DW0147"/>
<auth:candidate name="Dawson, William"  id="DW0148"/>
<auth:candidate name="Duncan, William"  id="DW0150"/>
<auth:candidate name="Donaldson, William T."  id="DW0151"/>
<auth:candidate name="David, White"  id="DW0154"/>
<auth:candidate name="Duane, William"  id="DW0157"/>
<auth:candidate name="Duane, William J."  id="DW0162"/>
<auth:candidate name="Dalzell, William"  id="DW0163"/>
<auth:candidate name="Davidson, William"  id="DW0165"/>
<auth:candidate name="Devor, William"  id="DW0167"/>
    <auth:candidate name="Dazel, William"  id="DW0168"/>
    <auth:candidate name="Dudley, William"  id="DW0169"/>
<auth:candidate name="Dale, William"  id="DW0171"/>
<auth:candidate name="Darlington, William"  id="DW0174"/>
<auth:candidate name="Davidson, William"  id="DW0177"/>
<auth:candidate name="Diven, William"  id="DW0182"/>
<auth:candidate name="Delany, William"  id="DW0183"/>
<auth:candidate name="Dalington, William"  id="DW0187"/>
<auth:candidate name="Downing, William"  id="DW0190"/>
<auth:candidate name="Drum, William"  id="DW0193"/>
<auth:candidate name="Dixey, William"  id="DW0194"/>
<auth:candidate name="Dunbar, William"  id="DW0237"/>
<auth:candidate name="Davis, William"  id="DW0238"/>
<auth:candidate name="Dunlap, William"  id="DW0239"/>
<auth:candidate name="Davis, William"  id="DW0242"/>
<auth:candidate name="Drayton, William"  id="DW0243"/>
<auth:candidate name="Drakefield, William"  id="DW0244"/>
<auth:candidate name="Duboise, William"  id="DW0245"/>
<auth:candidate name="Davis, Warren R."  id="DW0246"/>
<auth:candidate name="Dubose, William"  id="DW0247"/>
<auth:candidate name="Dickson, William"  id="DW0252"/>
    <auth:candidate name="Dulaney, William H."  id="DW0255"/>
    <auth:candidate name="Douglass, William"  id="DW0256"/>
<auth:candidate name="Darke, William"  id="DW0258"/>
<auth:candidate name="Daniel, William"  id="DW0259"/>
    <auth:candidate name="Duane, William"  id="DW0260"/>
    <auth:candidate name="Davey, William"  id="DW0261"/>
<auth:candidate name="Dean, William C."  id="DW0263"/>
<auth:candidate name="Dickenson, William W."  id="DW0266"/>
<auth:candidate name="Dandridge, William"  id="DW0267"/>
<auth:candidate name="Donoldson, William"  id="DW0269"/>
<auth:candidate name="Dade, William A. G."  id="DW0273"/>
<auth:candidate name="Dickinson, William W."  id="DW0274"/>
<auth:candidate name="Dunton, William"  id="DW0275"/>
<auth:candidate name="Davis, W."  id="DW0279"/>
<auth:candidate name="Dyer, William, Jr."  id="DW0285"/>
<auth:candidate name="Daniel, Walter R."  id="DW0286"/>
<auth:candidate name="Dickson, William"  id="DW0287"/>
<auth:candidate name="Doake, William"  id="DW0288"/>
<auth:candidate name="Douglass, Walter"  id="DW0289"/>
<auth:candidate name="Derickson, William"  id="DW0290"/>
    <auth:candidate name="Du Val, William"  id="DW0400"/>
    <auth:candidate name="Davie, W. R."  id="DW1151"/>
    <auth:candidate name="DeSaussure, William F."  id="DW8117"/>
<auth:candidate name="Duvall, Zadock"  id="DZ0000"/>
<auth:candidate name="Duvall, Zachariah"  id="DZ0001"/>
<auth:candidate name="Douglass, Zebulon"  id="DZ0004"/>
</names-authority-list>