<?xml version="1.0" encoding="UTF-8"?> <names-authority-list xmlns:auth="http://dca.tufts.edu/aas/auth" xmlns:xref="http://dca/tufts.edu/aas/xref">

<auth:candidate name="Emanuel, Asa"  id="EA0000"/>
<auth:candidate name="Eyman, Abraham"  id="EA0001"/>
<auth:candidate name="Easton, Anderson"  id="EA0002"/>
    <auth:candidate name="Ellicott, Andrew"  id="EA0003"/>
    <auth:candidate name="Edwards, Abraham"  id="EA0004"/>
<auth:candidate name="Elzey, Adam"  id="EA0005"/>
<auth:candidate name="Eaton, Alpheus"  id="EA0011"/>
<auth:candidate name="Edwards, Azariah"  id="EA0012"/>
<auth:candidate name="Erringhaus, Apolph"  id="EA0013"/>
<auth:candidate name="Eaton, Amherst"  id="EA0014"/>
<auth:candidate name="Everett, Alexander H."  id="EA0015"/>
<auth:candidate name="Ewing, Abner"  id="EA0016"/>
<auth:candidate name="Elstone, Andrew"  id="EA0019"/>
<auth:candidate name="Earll, Abijah"  id="EA0026"/>
<auth:candidate name="Ellison, Andrew"  id="EA0029"/>
<auth:candidate name="Ellis, Amos"  id="EA0030"/>
<auth:candidate name="Elison, Andrew"  id="EA0031"/>
<auth:candidate name="Ewing, Alexander"  id="EA0032"/>
<auth:candidate name="Enos, Alexander"  id="EA0034"/>
<auth:candidate name="Elliott, Alexander"  id="EA0037"/>
<auth:candidate name="Ebey, Abraham"  id="EA0038"/>
<auth:candidate name="Evans, Abel"  id="EA0039"/>
<auth:candidate name="Ellmaker, Amos"  id="EA0041"/>
<auth:candidate name="Elliot, Adam"  id="EA0043"/>
<auth:candidate name="Eckfeldt, Adam"  id="EA0045"/>
<auth:candidate name="Evans, Amos"  id="EA0047"/>
<auth:candidate name="Erwin, Andrew"  id="EA0049"/>
<auth:candidate name="Emmerson, Arthur"  id="EA0050"/>
    <auth:candidate name="Elliott, Abednego"  id="EA0051"/>
    <auth:candidate name="Elholm, A.C.G."  id="EA0052"/>
<auth:candidate name="Ewing, Baker"  id="EB0000"/>
<auth:candidate name="Eggleston, Benjamin"  id="EB0001"/>
    <auth:candidate name="Edwards, Benjamin"  id="EB0002"/>
    <auth:candidate name="Elder, Basil S."  id="EB0003"/>
<auth:candidate name="Ellicott, Benjamin"  id="EB0006"/>
<auth:candidate name="Etherington, Bartholomew"  id="EB0007"/>
<auth:candidate name="Ellicott, Benjamin"  id="EB0008"/>
<auth:candidate name="Emmons, Benjamin"  id="EB0011"/>
<auth:candidate name="Ellicott, Benjamin"  id="EB0013"/>
<auth:candidate name="Eldridge, Barnabas"  id="EB0015"/>
<auth:candidate name="Edmunds, Benjamin"  id="EB0018"/>
<auth:candidate name="Eaton, B."  id="EB0019"/>
<auth:candidate name="Elliott, Benjamin"  id="EB0020"/>
<auth:candidate name="Elliott, Benjamin"  id="EB0021"/>
<auth:candidate name="Emmons, Benjamin"  id="EB0022"/>
    <auth:candidate name="Estill, Benjamin"  id="EB0023"/>
    <auth:candidate name="Elmore, Benjamin T."  id="EB8140"/>
<auth:candidate name="Eells, Cushing"  id="EC0000"/>
<auth:candidate name="Emory, Charles"  id="EC0002"/>
<auth:candidate name="Evans, Charles"  id="EC0003"/>
<auth:candidate name="Earle, Caleb"  id="EC0004"/>
<auth:candidate name="Ellis, Caleb"  id="EC0005"/>
<auth:candidate name="Eldridge, Charles"  id="EC0007"/>
<auth:candidate name="Earle, Caleb"  id="EC0008"/>
<auth:candidate name="Ellis, Charles"  id="EC0011"/>
<auth:candidate name="Ewing, Charles"  id="EC0012"/>
<auth:candidate name="Emerson, Charles O."  id="EC0013"/>
<auth:candidate name="Elmendorf, Conrad Edward"  id="EC0014"/>
<auth:candidate name="Elmendorf, Cornelius C."  id="EC0024"/>
<auth:candidate name="Espich, Christian, Sr."  id="EC0025"/>
<auth:candidate name="Emrich, Christopher"  id="EC0026"/>
    <auth:candidate name="Evans, Cadwalder"  id="EC0027"/>
    <auth:candidate name="Eaton, Cyrus"  id="EC0037"/>
    <auth:candidate name="Evans, Charles"  id="EC0038"/>
    <auth:candidate name="Eyre, Caleb"  id="EC0039"/>
<auth:candidate name="Elliott, Charles"  id="EC0041"/>
<auth:candidate name="Emig, Charles"  id="EC0042"/>
<auth:candidate name="Ent, Charles"  id="EC0043"/>
<auth:candidate name="Ellery, Christopher"  id="EC0044"/>
<auth:candidate name="Everett, Charles"  id="EC0045"/>
<auth:candidate name="Emmanuel, David"  id="ED0002"/>
<auth:candidate name="Evans, D."  id="ED0004"/>
<auth:candidate name="Emerson, Daniel"  id="ED0009"/>
<auth:candidate name="Earlls, Daniel"  id="ED0011"/>
<auth:candidate name="Evans, David E."  id="ED0012"/>
<auth:candidate name="Eason, David"  id="ED0014"/>
<auth:candidate name="Erwin, David"  id="ED0015"/>
<auth:candidate name="Eure, D."  id="ED0017"/>
    <auth:candidate name="Elliot, David"  id="ED0018"/>
    <auth:candidate name="Eaton, Daniel"  id="ED0019"/>
<auth:candidate name="Embree, Davis"  id="ED0021"/>
<auth:candidate name="Evans, David"  id="ED0024"/>
<auth:candidate name="Edie, David"  id="ED0025"/>
<auth:candidate name="Eby, David"  id="ED0027"/>
<auth:candidate name="Eckert, Daniel"  id="ED0028"/>
<auth:candidate name="Evans, David Read"  id="ED0029"/>
<auth:candidate name="Evans, David R."  id="ED0030"/>
<auth:candidate name="Edmunds, David"  id="ED0031"/>
<auth:candidate name="Evans, Dudley"  id="ED0037"/>
<auth:candidate name="Evans, Elisha"  id="EE0000"/>
<auth:candidate name="Early, Eleazer"  id="EE0001"/>
    <auth:candidate name="Ewing, Ephraim M."  id="EE0002"/>
    <auth:candidate name="Edilen, Edward C."  id="EE0003"/>
<auth:candidate name="Ewing, Elijah"  id="EE0004"/>
<auth:candidate name="Ensminger, E."  id="EE0007"/>
<auth:candidate name="Emerton, Ephraim"  id="EE0009"/>
<auth:candidate name="Elston, Elias"  id="EE0011"/>
<auth:candidate name="Evans, Edward"  id="EE0014"/>
<auth:candidate name="Elmer, Ebenezer"  id="EE0016"/>
<auth:candidate name="Embree, E."  id="EE0030"/>
<auth:candidate name="Edwards, Edward"  id="EE0031"/>
<auth:candidate name="Evans, Evan"  id="EE0036"/>
<auth:candidate name="Edwards, Enoch"  id="EE0037"/>
<auth:candidate name="Eyres, Emanuel"  id="EE0038"/>
<auth:candidate name="Evans, E."  id="EE0039"/>
<auth:candidate name="Engle, Edward"  id="EE0040"/>
<auth:candidate name="Evans, Evan"  id="EE0041"/>
<auth:candidate name="Earle, Elias"  id="EE0042"/>
<auth:candidate name="Edmonds, Elias"  id="EE0051"/>
<auth:candidate name="Eggleston, Edward"  id="EE0057"/>
<auth:candidate name="Eley, Exum"  id="EE0058"/>
<auth:candidate name="Edmonds, Elias"  id="EE0059"/>
    <auth:candidate name="Elliot, Edmund"  id="EE0061"/>
    <auth:candidate name="Edmonds, Elias"  id="EE0062"/>
<auth:candidate name="Elliott, Fuller"  id="EF0000"/>
<auth:candidate name="Eichelberger, Frederick"  id="EF0001"/>
<auth:candidate name="Embech, Frederick"  id="EF0004"/>
<auth:candidate name="Evans, Frederick"  id="EF0007"/>
<auth:candidate name="Engle, Francis"  id="EF0010"/>
<auth:candidate name="Emolch, Frederick"  id="EF0011"/>
<auth:candidate name="Erringer, Frederick"  id="EF0016"/>
<auth:candidate name="Emblich, Frederick"  id="EF0025"/>
<auth:candidate name="Emory, Gideon"  id="EG0000"/>
<auth:candidate name="Emory, Gideon"  id="EG0001"/>
    <auth:candidate name="Eustis, G."  id="EG0002"/>
    <auth:candidate name="Elgin, George"  id="EG0003"/>
    <auth:candidate name="Earnest, George"  id="EG0004"/>
<auth:candidate name="Eichelburger, George M."  id="EG0005"/>
<auth:candidate name="Ellis, George"  id="EG0006"/>
<auth:candidate name="Edwards, George"  id="EG0007"/>
<auth:candidate name="Earl, Gilbertharp"  id="EG0008"/>
<auth:candidate name="Ege, George"  id="EG0009"/>
<auth:candidate name="Evans, George"  id="EG0013"/>
<auth:candidate name="Evans, Griffith"  id="EG0014"/>
<auth:candidate name="Engel, George"  id="EG0019"/>
<auth:candidate name="Eisenhart, George S."  id="EG0020"/>
<auth:candidate name="Ebert, George"  id="EG0025"/>
<auth:candidate name="Emlen, George"  id="EG0027"/>
<auth:candidate name="Eckhard, George B."  id="EG0029"/>
<auth:candidate name="Egleston, George W."  id="EG0033"/>
<auth:candidate name="Eskridge, George"  id="EG0035"/>
<auth:candidate name="Edwards, Griffin"  id="EG0036"/>
<auth:candidate name="Edwards, Henry W."  id="EH0001"/>
<auth:candidate name="Eddy, Henry"  id="EH0006"/>
<auth:candidate name="Ewin, Henry"  id="EH0008"/>
<auth:candidate name="Edwards, Haden"  id="EH0009"/>
<auth:candidate name="Ellis, Henry P."  id="EH0011"/>
<auth:candidate name="Ely, Hugh"  id="EH0012"/>
<auth:candidate name="Elkins, Henry"  id="EH0016"/>
<auth:candidate name="Eckford, Henry"  id="EH0020"/>
<auth:candidate name="Ewing, Henry"  id="EH0021"/>
<auth:candidate name="Eckman, Heironimus"  id="EH0022"/>
<auth:candidate name="Everheart, H."  id="EH0023"/>
<auth:candidate name="Evans, Henry"  id="EH0024"/>
<auth:candidate name="Etter, Henry"  id="EH0025"/>
<auth:candidate name="Ensminger, H."  id="EH0028"/>
<auth:candidate name="Everett, Horace"  id="EH0029"/>
<auth:candidate name="Eustace, Hancock"  id="EH0037"/>
<auth:candidate name="Edmundson, Henry"  id="EH0038"/>
<auth:candidate name="Evans, Israel"  id="EI0000"/>
<auth:candidate name="Ely, Isaac"  id="EI0001"/>
<auth:candidate name="Elting, Isaac"  id="EI0002"/>
<auth:candidate name="Ellmaker, Isaac"  id="EI0004"/>
<auth:candidate name="Evans, Isaac"  id="EI0005"/>
<auth:candidate name="Eaton, Isaac"  id="EI0006"/>
<auth:candidate name="Enkeng, Isaac"  id="EI0007"/>
<auth:candidate name="Echols, John"  id="EJ0000"/>
<auth:candidate name="Exum, James W."  id="EJ0001"/>
<auth:candidate name="Elliott, John"  id="EJ0002"/>
<auth:candidate name="Earl, John, Jr."  id="EJ0004"/>
<auth:candidate name="Eldridge, James"  id="EJ0005"/>
<auth:candidate name="Edwards, Jonathan W."  id="EJ0007"/>
    <auth:candidate name="Eaton, Joseph"  id="EJ0009"/>
    <auth:candidate name="Egnew, Jesse W."  id="EJ0010"/>
<auth:candidate name="England, Joseph"  id="EJ0011"/>
    <auth:candidate name="Embree, Jesse"  id="EJ0012"/>
    <auth:candidate name="Erwin, John P."  id="EJ0013"/>
<auth:candidate name="Eppinger, John"  id="EJ0014"/>
<auth:candidate name="Elliot, James"  id="EJ0015"/>
<auth:candidate name="Elliot, John"  id="EJ0016"/>
    <auth:candidate name="Eppinger, James"  id="EJ0017"/>
    <auth:candidate name="Ebert, John"  id="EJ0018"/>
<auth:candidate name="Echols, Jesse"  id="EJ0020"/>
<auth:candidate name="Emmit, John"  id="EJ0021"/>
<auth:candidate name="Eberman, Joseph"  id="EJ0022"/>
<auth:candidate name="Ewing, John"  id="EJ0023"/>
<auth:candidate name="Ewing, John"  id="EJ0024"/>
<auth:candidate name="Early, John D."  id="EJ0025"/>
<auth:candidate name="Edwards, John"  id="EJ0027"/>
    <auth:candidate name="Enloe, Jacob"  id="EJ0029"/>
    <auth:candidate name="Edwards, John"  id="EJ0030"/>
<auth:candidate name="Elder, J."  id="EJ0031"/>
<auth:candidate name="Emmerson, Joseph"  id="EJ0032"/>
<auth:candidate name="Emmerson, John"  id="EJ0033"/>
<auth:candidate name="Ecleston, John"  id="EJ0034"/>
<auth:candidate name="Edmondson, John"  id="EJ0035"/>
<auth:candidate name="Ennalls, Joseph"  id="EJ0037"/>
<auth:candidate name="Ennis, Joshua"  id="EJ0039"/>
<auth:candidate name="Egerton, James"  id="EJ0040"/>
<auth:candidate name="Evatt, John"  id="EJ0045"/>
<auth:candidate name="Evans, John R."  id="EJ0051"/>
<auth:candidate name="Ewing, James P."  id="EJ0058"/>
<auth:candidate name="Eccleston, John B."  id="EJ0059"/>
<auth:candidate name="Elbert, John L."  id="EJ0060"/>
<auth:candidate name="Elder, John"  id="EJ0061"/>
<auth:candidate name="Edler, John"  id="EJ0063"/>
<auth:candidate name="Ewing, John"  id="EJ0071"/>
<auth:candidate name="Edelen, John"  id="EJ0075"/>
<auth:candidate name="Esin, Jah"  id="EJ0076"/>
<auth:candidate name="Estabrook, James"  id="EJ0077"/>
<auth:candidate name="Ellis, John"  id="EJ0081"/>
<auth:candidate name="Evans, Joseph"  id="EJ0083"/>
<auth:candidate name="Evans, James"  id="EJ0084"/>
<auth:candidate name="Erwin, John"  id="EJ0088"/>
<auth:candidate name="Eames, J"  id="EJ0090"/>
<auth:candidate name="Eldbridge, Jeremiah"  id="EJ0093"/>
<auth:candidate name="Elmer, Jonathan"  id="EJ0094"/>
<auth:candidate name="Emley, John"  id="EJ0097"/>
<auth:candidate name="Earl, Joseph"  id="EJ0103"/>
<auth:candidate name="Egbert, Jacob"  id="EJ0104"/>
<auth:candidate name="Ely, John J."  id="EJ0106"/>
<auth:candidate name="Evans, John"  id="EJ0109"/>
<auth:candidate name="Earl, Joshua S."  id="EJ0110"/>
<auth:candidate name="Eaker, Jacob"  id="EJ0111"/>
    <auth:candidate name="Ely, John"  id="EJ0115"/>
    <auth:candidate name="Eave, John S."  id="EJ0116"/>
<auth:candidate name="Emott, James"  id="EJ0125"/>
<auth:candidate name="Esselstyne, John B."  id="EJ0127"/>
<auth:candidate name="Earll, Jonas, Jr."  id="EJ0128"/>
<auth:candidate name="Eaton, John R."  id="EJ0131"/>
<auth:candidate name="Eason, Joseph"  id="EJ0132"/>
<auth:candidate name="Evans, John"  id="EJ0134"/>
<auth:candidate name="Ewing, James"  id="EJ0136"/>
<auth:candidate name="Evans, Joseph"  id="EJ0139"/>
<auth:candidate name="Emmit, John"  id="EJ0141"/>
<auth:candidate name="Edwards, John S."  id="EJ0143"/>
<auth:candidate name="Ellison, John, Jr."  id="EJ0144"/>
<auth:candidate name="Elliot, John"  id="EJ0145"/>
<auth:candidate name="Eaton, John"  id="EJ0147"/>
<auth:candidate name="Evans, John"  id="EJ0148"/>
<auth:candidate name="Evan, John"  id="EJ0149"/>
<auth:candidate name="Ewalt, John"  id="EJ0150"/>
<auth:candidate name="Eaton, Joseph"  id="EJ0151"/>
<auth:candidate name="Ebbert, Jacob"  id="EJ0152"/>
<auth:candidate name="Everett, Jeremiah"  id="EJ0153"/>
<auth:candidate name="Erb, Jacob"  id="EJ0155"/>
<auth:candidate name="Elder, John"  id="EJ0158"/>
<auth:candidate name="Edmiston, Joseph"  id="EJ0159"/>
<auth:candidate name="Ewing, James"  id="EJ0160"/>
<auth:candidate name="Eckman, John"  id="EJ0161"/>
<auth:candidate name="Edert, Jonathan"  id="EJ0163"/>
<auth:candidate name="Eckert, John"  id="EJ0164"/>
<auth:candidate name="Erwin, Joseph"  id="EJ0165"/>
<auth:candidate name="Eyerly, Jacob"  id="EJ0166"/>
<auth:candidate name="Erwin, James"  id="EJ0168"/>
<auth:candidate name="Elliot, John"  id="EJ0171"/>
<auth:candidate name="Eppler, Jacob"  id="EJ0172"/>
<auth:candidate name="Eyre, Jonas"  id="EJ0173"/>
    <auth:candidate name="Edie, John"  id="EJ0174"/>
    <auth:candidate name="Edgar, John"  id="EJ0175"/>
<auth:candidate name="Engle, James"  id="EJ0177"/>
<auth:candidate name="Eyler, Jacob"  id="EJ0178"/>
<auth:candidate name="Erb, John"  id="EJ0180"/>
<auth:candidate name="Engle, Jacob"  id="EJ0181"/>
<auth:candidate name="Edgar, Joseph"  id="EJ0182"/>
<auth:candidate name="Eberman, John"  id="EJ0183"/>
<auth:candidate name="Ewalt, John"  id="EJ0185"/>
<auth:candidate name="Eichelberger, Jacob"  id="EJ0187"/>
<auth:candidate name="Engle, Joseph"  id="EJ0192"/>
<auth:candidate name="Eason, John"  id="EJ0193"/>
<auth:candidate name="Eberman, Jacob"  id="EJ0194"/>
<auth:candidate name="Espy, Josiah"  id="EJ0196"/>
<auth:candidate name="Elmlie, John"  id="EJ0200"/>
<auth:candidate name="Enos, John"  id="EJ0202"/>
<auth:candidate name="Evans, Jenkins"  id="EJ0206"/>
<auth:candidate name="Edenborn, Jacob"  id="EJ0208"/>
<auth:candidate name="Eyster, Jacob"  id="EJ0211"/>
    <auth:candidate name="Entrekin, James"  id="EJ0216"/>
    <auth:candidate name="Eccleston, John"  id="EJ0217"/>
<auth:candidate name="Evans, Joseph R."  id="EJ0225"/>
<auth:candidate name="Evans, Jesse"  id="EJ0226"/>
<auth:candidate name="Evans, Joshua"  id="EJ0227"/>
<auth:candidate name="Etel, John"  id="EJ0235"/>
<auth:candidate name="Estep, James"  id="EJ0236"/>
<auth:candidate name="Eakin, James"  id="EJ0238"/>
<auth:candidate name="Elliot, James"  id="EJ0240"/>
<auth:candidate name="Erwin, John"  id="EJ0241"/>
<auth:candidate name="Edwards, John, Jr."  id="EJ0246"/>
<auth:candidate name="Eisenhart, James"  id="EJ0258"/>
<auth:candidate name="Eaton, Joseph"  id="EJ0260"/>
<auth:candidate name="Eldred, John"  id="EJ0261"/>
<auth:candidate name="Edwards, John"  id="EJ0262"/>
<auth:candidate name="Eddings, Joseph"  id="EJ0263"/>
<auth:candidate name="Earle, John B."  id="EJ0266"/>
<auth:candidate name="Elmore, John A."  id="EJ0269"/>
<auth:candidate name="Evans, Jonathan"  id="EJ0275"/>
<auth:candidate name="Ervin, James"  id="EJ0276"/>
<auth:candidate name="Everingham, John"  id="EJ0279"/>
<auth:candidate name="Evans, John Augustus"  id="EJ0280"/>
<auth:candidate name="Evans, John P."  id="EJ0289"/>
<auth:candidate name="Eaton, John H."  id="EJ0290"/>
<auth:candidate name="Elliot, James"  id="EJ0292"/>
<auth:candidate name="Edmondson, John"  id="EJ0298"/>
<auth:candidate name="Edmonds, John T."  id="EJ0299"/>
<auth:candidate name="Eggleston, Joseph"  id="EJ0301"/>
<auth:candidate name="Evans, John"  id="EJ0302"/>
<auth:candidate name="Evans, James"  id="EJ0303"/>
<auth:candidate name="Eppes, John W."  id="EJ0310"/>
<auth:candidate name="Evans, John"  id="EJ0316"/>
<auth:candidate name="Eyre, John"  id="EJ0317"/>
<auth:candidate name="Ewing, John"  id="EJ0319"/>
<auth:candidate name="Edmunds, James"  id="EJ0323"/>
<auth:candidate name="Evans, Joseph"  id="EJ0330"/>
<auth:candidate name="Ellis, John S."  id="EJ0332"/>
<auth:candidate name="Elam, James"  id="EJ0334"/>
<auth:candidate name="Edwards, James D."  id="EJ0335"/>
<auth:candidate name="Edwards, John"  id="EJ0336"/>
<auth:candidate name="Edie, John"  id="EJ0338"/>
<auth:candidate name="Eubanks, John"  id="EJ0340"/>
<auth:candidate name="Edgington, Jesse"  id="EJ0341"/>
<auth:candidate name="Edloe, J."  id="EJ0342"/>
<auth:candidate name="Everett, John, Jr."  id="EJ0344"/>
<auth:candidate name="Esty, John H."  id="EJ0345"/>
<auth:candidate name="Erwin, John"  id="EJ0346"/>
<auth:candidate name="Eves, James"  id="EJ0348"/>
<auth:candidate name="Elliott, John"  id="EJ0349"/>
<auth:candidate name="Erwin, John"  id="EJ0350"/>
    <auth:candidate name="Exton, John"  id="EJ0351"/>
    <auth:candidate name="Earl, John"  id="EJ1111"/>
    <auth:candidate name="Earle, John T."  id="EJ1228"/>
    <auth:candidate name="Ellis, Joseph"  id="EJ7878"/>
<auth:candidate name="Eldredge, Killey"  id="EK0000"/>
<auth:candidate name="Eichelberger, Louis"  id="EL0001"/>
<auth:candidate name="Elmendorf, Lucas"  id="EL0004"/>
<auth:candidate name="Eaton, Lewis"  id="EL0013"/>
<auth:candidate name="Evans, Levi"  id="EL0015"/>
<auth:candidate name="Eppley, Leonard"  id="EL0016"/>
<auth:candidate name="Evans, Lewis"  id="EL0018"/>
<auth:candidate name="Eichholtz, Leonard"  id="EL0019"/>
<auth:candidate name="Edwards, LeRoy"  id="EL0020"/>
<auth:candidate name="Ellzey, Lewis, Jr."  id="EL0021"/>
<auth:candidate name="Emerson, Manlove"  id="EM0001"/>
<auth:candidate name="Esty, Moses"  id="EM0003"/>
<auth:candidate name="Engie, Matthias"  id="EM0005"/>
<auth:candidate name="Eyre, Manuel"  id="EM0006"/>
<auth:candidate name="Ege, Michael"  id="EM0007"/>
<auth:candidate name="Elder, Mathew"  id="EM0008"/>
<auth:candidate name="Ebert, Martin"  id="EM0010"/>
<auth:candidate name="Ewing, Maskill"  id="EM0011"/>
<auth:candidate name="Enterlein, Michael"  id="EM0012"/>
<auth:candidate name="Emery, Nicholas"  id="EN0001"/>
<auth:candidate name="Edwards, Ninian"  id="EN0002"/>
<auth:candidate name="Easton, Nicholas"  id="EN0004"/>
<auth:candidate name="Edwards, Ninian"  id="EN0005"/>
<auth:candidate name="Evans, N."  id="EN0006"/>
<auth:candidate name="Emmons, Nicholas"  id="EN0007"/>
<auth:candidate name="Emigh, Nicholas H."  id="EN0008"/>
<auth:candidate name="Eyre, Nathan"  id="EN0010"/>
<auth:candidate name="Estling, Nicholas"  id="EN0014"/>
<auth:candidate name="Eding, Nicholas"  id="EN0015"/>
<auth:candidate name="Eldred, Nathaniel B."  id="EN0016"/>
<auth:candidate name="Edwards, Ninian"  id="EN0019"/>
<auth:candidate name="Ellsworth, Oliver"  id="EO0001"/>
<auth:candidate name="Evans, Otho"  id="EO0010"/>
<auth:candidate name="Evans, Oliver"  id="EO0011"/>
<auth:candidate name="Evans, O."  id="EO0013"/>
<auth:candidate name="Evans, Owen"  id="EO0014"/>
    <auth:candidate name="Edwards, Pierpont"  id="EP0001"/>
    <auth:candidate name="Edwards, Peter"  id="EP0002"/>
<auth:candidate name="Early, Peter"  id="EP0004"/>
<auth:candidate name="Edmondson, Peter"  id="EP0008"/>
<auth:candidate name="Emerson, Peter"  id="EP0009"/>
<auth:candidate name="Elwell, Payn"  id="EP0010"/>
<auth:candidate name="Emmerson, P."  id="EP0013"/>
<auth:candidate name="Earl, Philip R."  id="EP0014"/>
<auth:candidate name="Elting, Philip"  id="EP0018"/>
<auth:candidate name="Eaton, Peter"  id="EP0019"/>
<auth:candidate name="Ealer, Peter"  id="EP0020"/>
<auth:candidate name="Eberly, Peter"  id="EP0022"/>
<auth:candidate name="Elshberger, P."  id="EP0023"/>
<auth:candidate name="Erye, Preston"  id="EP0024"/>
<auth:candidate name="Eldridge, Phinehas"  id="EP0026"/>
<auth:candidate name="Espey, Patterson"  id="EP0027"/>
<auth:candidate name="Enos, Pascal P."  id="EP0028"/>
<auth:candidate name="Ellis, Richard W."  id="ER0003"/>
<auth:candidate name="Evans, Robert M."  id="ER0004"/>
<auth:candidate name="Ewing, R."  id="ER0005"/>
<auth:candidate name="Ewing, Robert"  id="ER0006"/>
<auth:candidate name="Ewing, Reuben"  id="ER0007"/>
<auth:candidate name="Estep, Rezin"  id="ER0009"/>
    <auth:candidate name="Earle, Richard T."  id="ER0010"/>
    <auth:candidate name="Estep, Rezin"  id="ER0011"/>
<auth:candidate name="Evans, Robert"  id="ER0015"/>
<auth:candidate name="Eastburn, Robinson"  id="ER0017"/>
<auth:candidate name="Edmonson, Robert"  id="ER0018"/>
<auth:candidate name="Edelen, Raphael C."  id="ER0026"/>
<auth:candidate name="Elwell, Robert"  id="ER0027"/>
<auth:candidate name="Elwell, Robert"  id="ER0029"/>
<auth:candidate name="Emery, Robert"  id="ER0030"/>
<auth:candidate name="Easton, Rufus"  id="ER0031"/>
<auth:candidate name="Edsall, Richard"  id="ER0037"/>
<auth:candidate name="Earll, Robert"  id="ER0040"/>
<auth:candidate name="Esselstyne, Richard M."  id="ER0041"/>
<auth:candidate name="Enos, Rosewell"  id="ER0042"/>
<auth:candidate name="Eldredge, Robert"  id="ER0043"/>
<auth:candidate name="Erwin, Robert"  id="ER0044"/>
<auth:candidate name="Evans, Robert"  id="ER0045"/>
<auth:candidate name="Elder, Robert"  id="ER0046"/>
<auth:candidate name="Etting, Reuben"  id="ER0048"/>
<auth:candidate name="Evans, Robert J."  id="ER0049"/>
<auth:candidate name="Enos, Roger, Jr."  id="ER0051"/>
<auth:candidate name="Eley, Robert"  id="ER0052"/>
<auth:candidate name="Edmonds, Ralph"  id="ER0053"/>
<auth:candidate name="Epps, Richard"  id="ER0057"/>
<auth:candidate name="Edmundson, Robert"  id="ER0063"/>
<auth:candidate name="Elzey, Robert"  id="ER0065"/>
<auth:candidate name="Eaken, Robert"  id="ER0310"/>
<auth:candidate name="Evans, Soloman"  id="ES0000"/>
<auth:candidate name="Ellis, Solomon"  id="ES0001"/>
<auth:candidate name="Elbert, Samuel"  id="ES0002"/>
<auth:candidate name="Emmison, Samuel"  id="ES0005"/>
<auth:candidate name="Emmerson, S."  id="ES0006"/>
<auth:candidate name="Eastman, Samuel"  id="ES0007"/>
<auth:candidate name="Emory, Stephen"  id="ES0008"/>
<auth:candidate name="Emmons, Seth"  id="ES0009"/>
<auth:candidate name="Evans, S."  id="ES0010"/>
<auth:candidate name="Ellis, Samuel"  id="ES0011"/>
<auth:candidate name="Edmonds, Samuel"  id="ES0012"/>
<auth:candidate name="Emott, Samuel"  id="ES0013"/>
<auth:candidate name="Evans, Samuel E."  id="ES0014"/>
<auth:candidate name="Ellsworth, Stukely"  id="ES0015"/>
<auth:candidate name="Evans, Samuel"  id="ES0016"/>
<auth:candidate name="Everett, Samuel"  id="ES0017"/>
<auth:candidate name="Elliot, Samuel"  id="ES0018"/>
<auth:candidate name="Ewalt, Samuel"  id="ES0019"/>
<auth:candidate name="Evans, Samuel"  id="ES0020"/>
<auth:candidate name="Elder, Samuel"  id="ES0027"/>
<auth:candidate name="Elliot, Samuel"  id="ES0032"/>
<auth:candidate name="Edwards, Samuel"  id="ES0034"/>
<auth:candidate name="Engles, Silas"  id="ES0035"/>
    <auth:candidate name="Engel, Silas"  id="ES0036"/>
    <auth:candidate name="Egilberner, Samuel"  id="ES0037"/>
<auth:candidate name="Eddy, Samuel"  id="ES0042"/>
<auth:candidate name="Elan, Samuel"  id="ES0043"/>
<auth:candidate name="Elliot, Stephen"  id="ES0048"/>
<auth:candidate name="Easley, Samuel A."  id="ES0057"/>
<auth:candidate name="Elliot, Samuel"  id="ES0058"/>
<auth:candidate name="Edmunds, Sterling"  id="ES0061"/>
<auth:candidate name="Ervin, Samuel"  id="ES0062"/>
    <auth:candidate name="Elliott, Samuel"  id="ES0063"/>
    <auth:candidate name="Ennalls, Thomas"  id="ET0000"/>
<auth:candidate name="Eldridge, Thomas"  id="ET0001"/>
<auth:candidate name="Evans, Thomas"  id="ET0002"/>
<auth:candidate name="Evans, Thomas"  id="ET0003"/>
<auth:candidate name="Evans, Thomas"  id="ET0004"/>
<auth:candidate name="Ennalls, Thomas"  id="ET0005"/>
<auth:candidate name="Emerson, Thomas M."  id="ET0006"/>
    <auth:candidate name="Emory, Thomas"  id="ET0007"/>
    <auth:candidate name="Emory, T. L., Jr."  id="ET0008"/>
<auth:candidate name="Eccleston, Thomas L. H."  id="ET0018"/>
<auth:candidate name="Elmer, Timothy"  id="ET0021"/>
<auth:candidate name="Elliot, Thomas"  id="ET0025"/>
<auth:candidate name="Ellicott, Thomas"  id="ET0026"/>
<auth:candidate name="Ewing, Thomas"  id="ET0031"/>
<auth:candidate name="Eagan, Thomas"  id="ET0032"/>
<auth:candidate name="Elder, Thomas"  id="ET0034"/>
<auth:candidate name="Elliott, Thomas"  id="ET0035"/>
<auth:candidate name="Edwards, Thomas"  id="ET0040"/>
<auth:candidate name="Elliot, Thomas O."  id="ET0041"/>
<auth:candidate name="English, Thomas"  id="ET0044"/>
<auth:candidate name="Emmerson, Thomas"  id="ET0045"/>
<auth:candidate name="Evans, Thomas"  id="ET0046"/>
<auth:candidate name="Edmunds, Thomas"  id="ET0047"/>
<auth:candidate name="Evans, Thomas"  id="ET0051"/>
    <auth:candidate name="Evans, Thomas"  id="ET0794"/>
<auth:candidate name="Ewing, Urbin"  id="EU0001"/>
<auth:candidate name="Edmonds, William"  id="EW0001"/>
<auth:candidate name="Emerson, William"  id="EW0015"/>
    <auth:candidate name="Eldridge, William"  id="EW0016"/>
    <auth:candidate name="Eames, William"  id="EW0017"/>
<auth:candidate name="Ellis, William"  id="EW0018"/>
<auth:candidate name="Echols, William"  id="EW0019"/>
<auth:candidate name="Eads, William"  id="EW0020"/>
<auth:candidate name="Eccleston, William W."  id="EW0021"/>
<auth:candidate name="Everett, William B."  id="EW0026"/>
<auth:candidate name="Emmons, Williams"  id="EW0027"/>
<auth:candidate name="Eustis, William"  id="EW0031"/>
<auth:candidate name="Ely, William"  id="EW0034"/>
<auth:candidate name="Eaton, William"  id="EW0041"/>
<auth:candidate name="Eaton, William"  id="EW0045"/>
<auth:candidate name="Edgar, William"  id="EW0060"/>
<auth:candidate name="Ewing, William B."  id="EW0062"/>
<auth:candidate name="Eldridge, William"  id="EW0065"/>
<auth:candidate name="Englis, William, Jr."  id="EW0069"/>
<auth:candidate name="Emott, William"  id="EW0071"/>
<auth:candidate name="Easterling, William"  id="EW0073"/>
<auth:candidate name="Edwards, Weldon N."  id="EW0075"/>
<auth:candidate name="Edge, William"  id="EW0081"/>
<auth:candidate name="Elliot, William"  id="EW0082"/>
<auth:candidate name="Elliott, William"  id="EW0083"/>
<auth:candidate name="Entyeart, William"  id="EW0086"/>
<auth:candidate name="Elliott, William"  id="EW0087"/>
<auth:candidate name="Elliot, William"  id="EW0088"/>
<auth:candidate name="Erwin, William"  id="EW0090"/>
<auth:candidate name="Evans, William"  id="EW0091"/>
<auth:candidate name="Elrod, William"  id="EW0093"/>
<auth:candidate name="Eckert, William"  id="EW0095"/>
<auth:candidate name="Ellis, William Cox"  id="EW0096"/>
<auth:candidate name="Elder, William T."  id="EW0099"/>
<auth:candidate name="Ennis, William"  id="EW0102"/>
<auth:candidate name="Elliot, William"  id="EW0108"/>
<auth:candidate name="Elliott, William"  id="EW0109"/>
<auth:candidate name="Ellison, William"  id="EW0111"/>
<auth:candidate name="Ervin, William"  id="EW0113"/>
<auth:candidate name="Elliot, William"  id="EW0114"/>
<auth:candidate name="Ellison, William"  id="EW0116"/>
<auth:candidate name="Easley, William"  id="EW0119"/>
<auth:candidate name="Ellzey, William"  id="EW0121"/>
<auth:candidate name="Eustace, William"  id="EW0122"/>
<auth:candidate name="Elligood, William"  id="EW0123"/>
<auth:candidate name="Ennis, Wilson R."  id="EW0125"/>
<auth:candidate name="Everett, William L."  id="EW0126"/>
<auth:candidate name="Elligood, William"  id="EW0127"/>
<auth:candidate name="Elzey, William"  id="EW0128"/>
<auth:candidate name="Ewing, Young"  id="EY0000"/>
</names-authority-list>