<?xml version="1.0" encoding="UTF-8"?><names-authority-list xmlns:auth="http://dca.tufts.edu/aas/auth" xmlns:xref="http://dca/tufts.edu/aas/xref">

<auth:candidate name="Grubb, Amor"  id="GA0000"/>
<auth:candidate name="Gray, Andrew"  id="GA0001"/>
<auth:candidate name="Goodlett, Adam, Sr."  id="GA0002"/>
<auth:candidate name="Greene, Albert C."  id="GA0004"/>
<auth:candidate name="Grant, A.S."  id="GA0005"/>
<auth:candidate name="Guthrie, Archibald"  id="GA0006"/>
<auth:candidate name="Gardner, Andrew"  id="GA0007"/>
<auth:candidate name="Guibert, A."  id="GA0008"/>
    <auth:candidate name="Geoghegan, Ambrose"  id="GA0009"/>
    <auth:candidate name="Gould, Alexander"  id="GA0010"/>
<auth:candidate name="George, Archibald"  id="GA0013"/>
<auth:candidate name="Grubb, Andrew"  id="GA0014"/>
<auth:candidate name="Greenwood, Andrew"  id="GA0015"/>
<auth:candidate name="Gamble, Archibald"  id="GA0016"/>
<auth:candidate name="Gilman, Allen"  id="GA0017"/>
<auth:candidate name="Greeley, Aaron"  id="GA0018"/>
<auth:candidate name="Goodwin, Abraham"  id="GA0021"/>
<auth:candidate name="Giles, Aquila"  id="GA0024"/>
<auth:candidate name="Gilbert, Abijah"  id="GA0025"/>
<auth:candidate name="Gregory, Aaron"  id="GA0028"/>
<auth:candidate name="Grosvenor, Abel M."  id="GA0033"/>
<auth:candidate name="Gurnee, Abraham"  id="GA0034"/>
<auth:candidate name="Grant, Asa"  id="GA0036"/>
<auth:candidate name="Griffin, Archibald"  id="GA0038"/>
<auth:candidate name="Gilchrist, Allen W."  id="GA0039"/>
<auth:candidate name="Gandy, Amos"  id="GA0040"/>
<auth:candidate name="Graves, Azariah"  id="GA0043"/>
<auth:candidate name="Gray, Alexander"  id="GA0046"/>
<auth:candidate name="Gatlin, Alfred M."  id="GA0047"/>
<auth:candidate name="Gerrard, Abner"  id="GA0049"/>
<auth:candidate name="Goforth, Aaron"  id="GA0051"/>
<auth:candidate name="Gaforth, Aaron"  id="GA0052"/>
<auth:candidate name="Guttery, Andrew"  id="GA0056"/>
<auth:candidate name="Grimes, Alexander"  id="GA0057"/>
<auth:candidate name="Geyer, Andrew"  id="GA0058"/>
<auth:candidate name="Gregg, Andrew"  id="GA0060"/>
<auth:candidate name="Gallatin, Albert"  id="GA0061"/>
<auth:candidate name="Gregg, Amos"  id="GA0063"/>
<auth:candidate name="Gaffin, Abraham"  id="GA0084"/>
<auth:candidate name="Grafius, Abraham"  id="GA0085"/>
<auth:candidate name="Gross, Abraham"  id="GA0087"/>
<auth:candidate name="Guldin, Abraham"  id="GA0088"/>
<auth:candidate name="Guthekunet, Adam"  id="GA0091"/>
<auth:candidate name="Gross, Adam"  id="GA0093"/>
<auth:candidate name="Gardens, Alexander"  id="GA0103"/>
<auth:candidate name="Gill, Archibald"  id="GA0104"/>
<auth:candidate name="Gilchrist, Adam"  id="GA0105"/>
<auth:candidate name="Geiger, Abraham"  id="GA0107"/>
<auth:candidate name="Grayson, Alfred William"  id="GA0110"/>
<auth:candidate name="Gregg, Alexander"  id="GA0111"/>
<auth:candidate name="Govan, Andrew R."  id="GA0112"/>
<auth:candidate name="Gallatin, Albert"  id="GA0116"/>
<auth:candidate name="Gordon, Adam"  id="GA0117"/>
<auth:candidate name="Gibson, Andrew"  id="GA0118"/>
<auth:candidate name="Gray, Andrew"  id="GA0119"/>
<auth:candidate name="Green, Andrew"  id="GA0120"/>
<auth:candidate name="Gillon, Alexander"  id="GA0571"/>
<auth:candidate name="Gibbons, Barack"  id="GB0000"/>
<auth:candidate name="Green, Bowling"  id="GB0001"/>
<auth:candidate name="Grover, Benjamin"  id="GB0002"/>
<auth:candidate name="Graves, Benjamin"  id="GB0003"/>
<auth:candidate name="Graves, Bartlett"  id="GB0004"/>
<auth:candidate name="Galloway, Benjamin"  id="GB0005"/>
<auth:candidate name="Guyton, Benjamin"  id="GB0007"/>
<auth:candidate name="Gray, Benjamin"  id="GB0008"/>
<auth:candidate name="Gaither, Benjamin"  id="GB0012"/>
<auth:candidate name="Godfrey, Benjamin"  id="GB0018"/>
<auth:candidate name="Goddard, Benjamin"  id="GB0019"/>
<auth:candidate name="Greene, Benjamin"  id="GB0020"/>
<auth:candidate name="Gilbert, Benjamin"  id="GB0024"/>
<auth:candidate name="Gardnier, Barent"  id="GB0026"/>
<auth:candidate name="Graves, Benjamin"  id="GB0027"/>
<auth:candidate name="Green, Bryan"  id="GB0034"/>
<auth:candidate name="Gaither, Basil"  id="GB0036"/>
<auth:candidate name="Graves, Barzellai"  id="GB0038"/>
<auth:candidate name="Gilman, Benjamin Ives"  id="GB0040"/>
<auth:candidate name="Gehr, Balthazer"  id="GB0047"/>
<auth:candidate name="Garrigues, Benjamin F."  id="GB0049"/>
<auth:candidate name="Gardner, Benjamin"  id="GB0050"/>
<auth:candidate name="Gilbert, Bernhart"  id="GB0053"/>
<auth:candidate name="Graves, B."  id="GB0055"/>
<auth:candidate name="Grimler, Benjamin"  id="GB0056"/>
<auth:candidate name="Gardner, Benjamin"  id="GB0058"/>
<auth:candidate name="Glenn, Bernard"  id="GB0060"/>
    <auth:candidate name="Glover, Benjamin"  id="GB0061"/>
<auth:candidate name="Green, Benjamin"  id="GB0063"/>
    <auth:candidate name="Greene, Benjamin"  id="GB0066"/>
    <auth:candidate name="Goodwin, Benjamin"  id="GB0067"/>
<auth:candidate name="Goodwyn, Burwell"  id="GB0068"/>
<auth:candidate name="Gardner, Benjamin M."  id="GB0070"/>
<auth:candidate name="Graves, Bakzellai"  id="GB0071"/>
<auth:candidate name="Grayson, Beverly R."  id="GB0072"/>
<auth:candidate name="Goodrich, Chauncey"  id="GC0000"/>
    <auth:candidate name="Gardner, Caleb"  id="GC0001"/>
    <auth:candidate name="Gordon, Charles"  id="GC0002"/>
<auth:candidate name="Goddard, Calvin"  id="GC0005"/>
    <auth:candidate name="Grans, Crispus"  id="GC0007"/>
<auth:candidate name="Garlington, Conway"  id="GC0045"/>
<auth:candidate name="Gilden, C."  id="GC0046"/>
<auth:candidate name="Gunn, Christopher"  id="GC0047"/>
<auth:candidate name="Goolsby, Charles M."  id="GC0049"/>
<auth:candidate name="Gooding, Cornelius"  id="GC0050"/>
<auth:candidate name="Gregory, Charles"  id="GC0051"/>
<auth:candidate name="Greenup, Christopher, Jr."  id="GC0053"/>
<auth:candidate name="Graves, C."  id="GC0055"/>
<auth:candidate name="Gist, Cornelius H."  id="GC0064"/>
    <auth:candidate name="Goldsborough, Charles"  id="GC0065"/>
    <auth:candidate name="Griffin, Caleb"  id="GC0066"/>
<auth:candidate name="Gantt, Christopher L."  id="GC0079"/>
<auth:candidate name="Gore, Christopher"  id="GC0083"/>
<auth:candidate name="Green, Charles B."  id="GC0090"/>
<auth:candidate name="Green, Charles"  id="GC0091"/>
<auth:candidate name="Griswold, Chester"  id="GC0092"/>
<auth:candidate name="Gobin, Charles"  id="GC0095"/>
<auth:candidate name="Gale, Charles"  id="GC0096"/>
<auth:candidate name="Good, Christian"  id="GC0099"/>
<auth:candidate name="Gleim, Charles"  id="GC0100"/>
<auth:candidate name="Garber, Christian"  id="GC0102"/>
<auth:candidate name="Gere, Charles"  id="GC0103"/>
<auth:candidate name="Gehert, Christian"  id="GC0106"/>
<auth:candidate name="Gleim, Christian"  id="GC0108"/>
<auth:candidate name="Graft, Charles"  id="GC0109"/>
<auth:candidate name="Goodwin, Charles"  id="GC0113"/>
<auth:candidate name="Graves, Crummy"  id="GC0114"/>
<auth:candidate name="Goodwin, Charles"  id="GC0116"/>
<auth:candidate name="Glover, Charles"  id="GC0117"/>
<auth:candidate name="Graves, Charles"  id="GC0118"/>
<auth:candidate name="Gordon, Charles F."  id="GC0121"/>
<auth:candidate name="Green, Christopher R."  id="GC0122"/>
<auth:candidate name="Garland, Christopher"  id="GC0124"/>
<auth:candidate name="Gregory, Claiborne"  id="GC0126"/>
<auth:candidate name="Graves, Charles H."  id="GC0128"/>
<auth:candidate name="Garland, Clifton"  id="GC0129"/>
<auth:candidate name="Grable, David"  id="GD0001"/>
<auth:candidate name="Grass, Daniel"  id="GD0002"/>
<auth:candidate name="Gano, Daniel"  id="GD0003"/>
<auth:candidate name="Goodwin, Daniel M."  id="GD0004"/>
    <auth:candidate name="Given, Dickson"  id="GD0005"/>
    <auth:candidate name="Giks, Daniel"  id="GD0006"/>
<auth:candidate name="Gaunt, Daniel"  id="GD0007"/>
<auth:candidate name="Gehr, Daniel"  id="GD0008"/>
<auth:candidate name="Goodwin, David"  id="GD0010"/>
<auth:candidate name="Gilbert, Daniel"  id="GD0013"/>
<auth:candidate name="Green, Duff"  id="GD0014"/>
<auth:candidate name="Gale, Daniel"  id="GD0018"/>
<auth:candidate name="Gordon, David"  id="GD0019"/>
<auth:candidate name="Garrison, Daniel"  id="GD0024"/>
<auth:candidate name="Graham, Daniel"  id="GD0031"/>
<auth:candidate name="Gray, Daniel"  id="GD0032"/>
<auth:candidate name="Gardinier, Derek"  id="GD0038"/>
<auth:candidate name="Gordon, David W."  id="GD0039"/>
<auth:candidate name="Gardiner, David"  id="GD0040"/>
<auth:candidate name="Gregory, David E."  id="GD0041"/>
<auth:candidate name="Garnsey, Daniel G."  id="GD0043"/>
<auth:candidate name="Glisson, Daniel"  id="GD0044"/>
<auth:candidate name="Gold, Daniel"  id="GD0045"/>
<auth:candidate name="Gharky, David"  id="GD0049"/>
<auth:candidate name="Garrett, David J."  id="GD0050"/>
    <auth:candidate name="Groves, Daniel"  id="GD0051"/>
    <auth:candidate name="Gear, Daniel"  id="GD0052"/>
<auth:candidate name="Green, David"  id="GD0062"/>
<auth:candidate name="Graham, Duren"  id="GD0063"/>
<auth:candidate name="Gaillard, David"  id="GD0064"/>
<auth:candidate name="Gowen, David"  id="GD0065"/>
<auth:candidate name="Guerrant, Daniel"  id="GD0066"/>
<auth:candidate name="Ghant, D."  id="GD0067"/>
<auth:candidate name="Graham, David"  id="GD0068"/>
<auth:candidate name="Garland, David S."  id="GD0070"/>
<auth:candidate name="Garland, David"  id="GD0072"/>
<auth:candidate name="Greenleaf, David"  id="GD0073"/>
<auth:candidate name="Greenleaf, Daniel"  id="GD0074"/>
    <auth:candidate name="Green, Daniel"  id="GD0075"/>
<auth:candidate name="Goodrich, Elizur"  id="GE0001"/>
<auth:candidate name="Gardner, Ezekiel, Jr."  id="GE0002"/>
    <auth:candidate name="George, Edward"  id="GE0026"/>
    <auth:candidate name="Greanleaf, Ebenezer"  id="GE0030"/>
<auth:candidate name="Glenn, Elias"  id="GE0031"/>
<auth:candidate name="Griffith, Edward"  id="GE0032"/>
<auth:candidate name="Gaither, Ephraim"  id="GE0040"/>
<auth:candidate name="Gerry, Elbridge"  id="GE0049"/>
<auth:candidate name="Giles, Edward"  id="GE0051"/>
<auth:candidate name="Gunnison, Ebenezer"  id="GE0074"/>
<auth:candidate name="Green, Ephraim, Jr."  id="GE0075"/>
<auth:candidate name="Gilbert, Ezekiel"  id="GE0076"/>
<auth:candidate name="Gage, Eli"  id="GE0079"/>
<auth:candidate name="Gross, Ezra C."  id="GE0080"/>
    <auth:candidate name="Gumaer, Elias"  id="GE0082"/>
    <auth:candidate name="Guyton, Elisha"  id="GE0083"/>
<auth:candidate name="Glover, Elijah"  id="GE0087"/>
<auth:candidate name="Gordon, Elisha"  id="GE0088"/>
<auth:candidate name="Graham, Edward"  id="GE0092"/>
<auth:candidate name="Griffitts, Elijah"  id="GE0094"/>
<auth:candidate name="Gilkyson, Elias"  id="GE0095"/>
<auth:candidate name="Gellett, Elijah"  id="GE0100"/>
<auth:candidate name="Graw, E. M."  id="GE0101"/>
<auth:candidate name="Goodwyn, Esaw"  id="GE0102"/>
    <auth:candidate name="Gray, Edwin"  id="GE0103"/>
    <auth:candidate name="Goodyear, E. G."  id="GE0104"/>
<auth:candidate name="Garland, Edward"  id="GE0105"/>
<auth:candidate name="Gaither, Elijah"  id="GE0106"/>
<auth:candidate name="Garett, Erasmus"  id="GE0108"/>
<auth:candidate name="Graham, Edward"  id="GE0113"/>
<auth:candidate name="Gaither, Edward"  id="GE0114"/>
    <auth:candidate name="Gilpin, Edward"  id="GE0115"/>
    <auth:candidate name="Gibbs, Edward"  id="GE9111"/>
<auth:candidate name="Gilbert, Felix H."  id="GF0000"/>
<auth:candidate name="Garin, F. M."  id="GF0001"/>
<auth:candidate name="Grima, Felix"  id="GF0002"/>
<auth:candidate name="Gaines, Francis H."  id="GF0003"/>
<auth:candidate name="Gillespie, Francis"  id="GF0004"/>
<auth:candidate name="Grapevine, Frederick"  id="GF0005"/>
    <auth:candidate name="Gardner, Francis"  id="GF0006"/>
    <auth:candidate name="Grima, Felix"  id="GF0007"/>
<auth:candidate name="Getman, Frederick"  id="GF0008"/>
<auth:candidate name="Gurney, Francis"  id="GF0011"/>
<auth:candidate name="Gardner, Francis"  id="GF0018"/>
<auth:candidate name="Gibson, Francis"  id="GF0025"/>
<auth:candidate name="Graham, Francis"  id="GF0027"/>
<auth:candidate name="Guttelius, Frederick"  id="GF0028"/>
<auth:candidate name="Grundy, Felix"  id="GF0029"/>
<auth:candidate name="Goode, Francis"  id="GF0035"/>
<auth:candidate name="Gregory, Fendall"  id="GF0036"/>
<auth:candidate name="Griffin, Francis"  id="GF0037"/>
<auth:candidate name="Granger, Gideon"  id="GG0000"/>
<auth:candidate name="Gillaspie, George"  id="GG0004"/>
<auth:candidate name="Gilmer, George R."  id="GG0006"/>
<auth:candidate name="Gale, George"  id="GG0007"/>
<auth:candidate name="Grant, Goodwin"  id="GG0008"/>
<auth:candidate name="Gibbs, George"  id="GG0009"/>
<auth:candidate name="Gaither, George"  id="GG0012"/>
<auth:candidate name="Gardner, Gideon"  id="GG0013"/>
    <auth:candidate name="Gains, George"  id="GG0014"/>
    <auth:candidate name="Graybill, Henry"  id="GG0015"/>
<auth:candidate name="Genge, George"  id="GG0016"/>
<auth:candidate name="Griswold, Gaylord"  id="GG0018"/>
<auth:candidate name="Granger, Gideon"  id="GG0020"/>
<auth:candidate name="Graham, George"  id="GG0021"/>
<auth:candidate name="Gully, George"  id="GG0030"/>
<auth:candidate name="Grice, Garry"  id="GG0033"/>
<auth:candidate name="Green, G. M."  id="GG0034"/>
<auth:candidate name="Green, Griffin"  id="GG0035"/>
<auth:candidate name="Grove, George"  id="GG0037"/>
<auth:candidate name="Gray, George"  id="GG0038"/>
<auth:candidate name="Graff, George"  id="GG0039"/>
<auth:candidate name="Graff, George"  id="GG0042"/>
<auth:candidate name="Gaw, Gilbert"  id="GG0045"/>
<auth:candidate name="Gorgas, George"  id="GG0050"/>
<auth:candidate name="Gebhard, George"  id="GG0052"/>
<auth:candidate name="Gardner, George R."  id="GG0053"/>
<auth:candidate name="Goodman, George F."  id="GG0056"/>
<auth:candidate name="Gangewer, George"  id="GG0057"/>
<auth:candidate name="Gernand, George"  id="GG0060"/>
<auth:candidate name="Getz, George"  id="GG0062"/>
<auth:candidate name="Green, George"  id="GG0064"/>
<auth:candidate name="Gillaspy, George"  id="GG0066"/>
<auth:candidate name="Geyer, George"  id="GG0068"/>
<auth:candidate name="Green, George"  id="GG0070"/>
<auth:candidate name="Gill, George"  id="GG0071"/>
    <auth:candidate name="Gignilliat, Gabriel"  id="GG0072"/>
    <auth:candidate name="Griffith, G."  id="GG0073"/>
<auth:candidate name="Gibbs, George"  id="GG0075"/>
<auth:candidate name="Gibbs, George W."  id="GG0076"/>
<auth:candidate name="Gillespie, George T."  id="GG0077"/>
<auth:candidate name="Graves, George"  id="GG0079"/>
<auth:candidate name="Gammon, George"  id="GG0080"/>
<auth:candidate name="Garner, George"  id="GG0084"/>
<auth:candidate name="Grant, George W."  id="GG0085"/>
<auth:candidate name="Gurley, George"  id="GG0088"/>
<auth:candidate name="Goodrich, Hezekial"  id="GH0000"/>
<auth:candidate name="Goodwin, Henry"  id="GH0001"/>
<auth:candidate name="Greene, Henry B. C."  id="GH0005"/>
<auth:candidate name="Grindage, Henry"  id="GH0006"/>
<auth:candidate name="Gaster, Henry"  id="GH0008"/>
<auth:candidate name="Gignilliat, Henry"  id="GH0009"/>
<auth:candidate name="Green, Henry"  id="GH0010"/>
<auth:candidate name="Garrett, Henry"  id="GH0011"/>
<auth:candidate name="Grubbs, Higgerson"  id="GH0012"/>
<auth:candidate name="Gurley, Henry H."  id="GH0013"/>
<auth:candidate name="Gough, Harry Dorsey"  id="GH0016"/>
<auth:candidate name="Griffith, Henry"  id="GH0017"/>
<auth:candidate name="Griffith, Howard"  id="GH0019"/>
<auth:candidate name="Gaither, Henry C."  id="GH0020"/>
<auth:candidate name="Geyer, Henry S."  id="GH0028"/>
<auth:candidate name="Gerrish, Henry"  id="GH0029"/>
<auth:candidate name="Garritse, Henry"  id="GH0037"/>
<auth:candidate name="Green, Henry"  id="GH0038"/>
<auth:candidate name="Glenn, Henry"  id="GH0039"/>
<auth:candidate name="Garrison, Harry"  id="GH0044"/>
<auth:candidate name="Granger, Hezekiah L."  id="GH0048"/>
<auth:candidate name="Gross, Henry"  id="GH0049"/>
<auth:candidate name="Guyon, Hermanus"  id="GH0051"/>
<auth:candidate name="Garretson, Harmanus"  id="GH0052"/>
<auth:candidate name="Greene, Henry"  id="GH0053"/>
<auth:candidate name="Guy, Henry"  id="GH0054"/>
<auth:candidate name="Greenwood, H. F."  id="GH0055"/>
<auth:candidate name="Garard, Henry"  id="GH0059"/>
<auth:candidate name="Gorton, Hezekiah"  id="GH0061"/>
<auth:candidate name="Gilbert, Henry"  id="GH0062"/>
<auth:candidate name="Glascow, Hugh"  id="GH0063"/>
<auth:candidate name="Gordon, Hugh"  id="GH0065"/>
<auth:candidate name="Gibbs, Henry"  id="GH0066"/>
    <auth:candidate name="Garnett, Henry"  id="GH0067"/>
    <auth:candidate name="Gambrill, H."  id="GH0068"/>
<auth:candidate name="Gambill, Henry I."  id="GH0070"/>
<auth:candidate name="Gammal, Hugh"  id="GH0071"/>
<auth:candidate name="Graham, H."  id="GH0072"/>
<auth:candidate name="Graham, Hynson"  id="GH0073"/>
<auth:candidate name="Grantham, Isaac"  id="GI0000"/>
<auth:candidate name="Gould, Isaac"  id="GI0001"/>
<auth:candidate name="Gillham, Isom"  id="GI0003"/>
<auth:candidate name="Gans, Isaac E."  id="GI0005"/>
<auth:candidate name="Giles, Isaac W."  id="GI0006"/>
<auth:candidate name="Green, Isaiah L."  id="GI0007"/>
    <auth:candidate name="Gardner, Isaac S."  id="GI0008"/>
    <auth:candidate name="Gage, Isaac"  id="GI0017"/>
<auth:candidate name="Grant, Israel B."  id="GI0018"/>
<auth:candidate name="Garrison, Isaac"  id="GI0019"/>
<auth:candidate name="Graham, Isaac G."  id="GI0020"/>
<auth:candidate name="Guion, Isaac"  id="GI0021"/>
<auth:candidate name="Gruman, Isaac"  id="GI0022"/>
<auth:candidate name="Gilpin, Isaac"  id="GI0023"/>
<auth:candidate name="Griffith, Isaac"  id="GI0024"/>
<auth:candidate name="Graham, Isaiah"  id="GI0025"/>
<auth:candidate name="Green, Innis"  id="GI0032"/>
<auth:candidate name="Green, Isaac"  id="GI0036"/>
<auth:candidate name="Guion, Isaac"  id="GI0037"/>
<auth:candidate name="Griffith, Isaac"  id="GI0038"/>
<auth:candidate name="Gibbs, Isaac"  id="GI0039"/>
<auth:candidate name="Graham, James B."  id="GJ0000"/>
<auth:candidate name="Gillespie, John"  id="GJ0001"/>
<auth:candidate name="Griffin, John"  id="GJ0002"/>
<auth:candidate name="Grayson, John"  id="GJ0003"/>
<auth:candidate name="Garth, Jesse W."  id="GJ0004"/>
<auth:candidate name="Gage, Joshua"  id="GJ0005"/>
<auth:candidate name="Gallion, James K."  id="GJ0006"/>
<auth:candidate name="Goodwin, James"  id="GJ0007"/>
    <auth:candidate name="Gould, James"  id="GJ0008"/>
    <auth:candidate name="Gwinn, John"  id="GJ0009"/>
    <auth:candidate name="Gillaspie, John"  id="GJ0010"/>
    <auth:candidate name="Giks, John"  id="GJ0011"/>
    <auth:candidate name="Gurley, Jacob B."  id="GJ0012"/>
    <auth:candidate name="Green, Jonas"  id="GJ0013"/>
    <auth:candidate name="Galloway, John"  id="GJ0014"/>
<auth:candidate name="Gordon, John"  id="GJ0019"/>
<auth:candidate name="Green, Jesse"  id="GJ0021"/>
<auth:candidate name="Greene, Job"  id="GJ0022"/>
<auth:candidate name="Gilpin, Joseph"  id="GJ0026"/>
<auth:candidate name="Goodwin, Jeremiah"  id="GJ0027"/>
<auth:candidate name="Gowen, Joseph"  id="GJ0028"/>
<auth:candidate name="Gadsen, James"  id="GJ0029"/>
<auth:candidate name="Glen, John"  id="GJ0030"/>
<auth:candidate name="Graves, John"  id="GJ0031"/>
<auth:candidate name="Gunn, James"  id="GJ0032"/>
    <auth:candidate name="Grig, Jesse"  id="GJ0033"/>
    <auth:candidate name="Gears, Joseph"  id="GJ0034"/>
    <auth:candidate name="Grey, James"  id="GJ0035"/>
<auth:candidate name="Grimes, John"  id="GJ0036"/>
<auth:candidate name="Garrett, Joseph"  id="GJ0038"/>
    <auth:candidate name="Griffon, John"  id="GJ0039"/>
    <auth:candidate name="Gower, John"  id="GJ0040"/>
<auth:candidate name="Golding, John R."  id="GJ0041"/>
<auth:candidate name="Gaudry, John B."  id="GJ0042"/>
<auth:candidate name="Gilliss, John W."  id="GJ0045"/>
<auth:candidate name="Graham, James"  id="GJ0046"/>
    <auth:candidate name="Gray, James"  id="GJ0047"/>
    <auth:candidate name="Gears, Joshua"  id="GJ0048"/>
<auth:candidate name="Grammer, John"  id="GJ0049"/>
<auth:candidate name="Green, John"  id="GJ0050"/>
<auth:candidate name="Goudy, John C."  id="GJ0051"/>
<auth:candidate name="Graham, John K."  id="GJ0052"/>
<auth:candidate name="Gray, Jesse"  id="GJ0053"/>
<auth:candidate name="Graham, J."  id="GJ0054"/>
<auth:candidate name="Goudie, James"  id="GJ0055"/>
<auth:candidate name="Gibson, Joseph"  id="GJ0058"/>
<auth:candidate name="Green, Joseph"  id="GJ0059"/>
<auth:candidate name="Gregory, James"  id="GJ0061"/>
<auth:candidate name="Garrard, James, Jr."  id="GJ0062"/>
<auth:candidate name="Grant, John"  id="GJ0064"/>
<auth:candidate name="Gray, Jonas"  id="GJ0065"/>
<auth:candidate name="Grant, John"  id="GJ0067"/>
<auth:candidate name="Gray, John B."  id="GJ0071"/>
    <auth:candidate name="Givens, John"  id="GJ0072"/>
    <auth:candidate name="Griffin, John"  id="GJ0073"/>
<auth:candidate name="Guthrie, James"  id="GJ0075"/>
<auth:candidate name="Guill, John"  id="GJ0076"/>
<auth:candidate name="Gass, John"  id="GJ0079"/>
<auth:candidate name="Grymes, John R."  id="GJ0080"/>
<auth:candidate name="Goff, John H."  id="GJ0081"/>
<auth:candidate name="Giquel, J. F."  id="GJ0083"/>
<auth:candidate name="Gainnit, J."  id="GJ0084"/>
<auth:candidate name="Goff, J. K."  id="GJ0086"/>
    <auth:candidate name="Gettings, James"  id="GJ0088"/>
    <auth:candidate name="Greenaway, James"  id="GJ0089"/>
    <auth:candidate name="Galbreath, John"  id="GJ0090"/>
    <auth:candidate name="Goold, John"  id="GJ0091"/>
    <auth:candidate name="Graham, John"  id="GJ0092"/>
<auth:candidate name="Green, Joseph"  id="GJ0093"/>
    <auth:candidate name="Gist, Joshua"  id="GJ0094"/>
    <auth:candidate name="Greer, Joseph"  id="GJ0095"/>
<auth:candidate name="Goldsborough, John"  id="GJ0096"/>
<auth:candidate name="Giles, Jacob W."  id="GJ0097"/>
    <auth:candidate name="Gilpin, John"  id="GJ0099"/>
    <auth:candidate name="Gregg, John"  id="GJ0100"/>
<auth:candidate name="Gunby, John"  id="GJ0102"/>
<auth:candidate name="Guyton, John"  id="GJ0103"/>
<auth:candidate name="Gibson, John"  id="GJ0105"/>
<auth:candidate name="Gassaway, John"  id="GJ0110"/>
<auth:candidate name="Gale, John"  id="GJ0111"/>
<auth:candidate name="Gibson, Jacob"  id="GJ0112"/>
<auth:candidate name="Gale, John"  id="GJ0114"/>
<auth:candidate name="Gibbons, John"  id="GJ0115"/>
<auth:candidate name="Groome, John"  id="GJ0117"/>
<auth:candidate name="Goldsborough, James"  id="GJ0119"/>
<auth:candidate name="Griffith, John"  id="GJ0120"/>
<auth:candidate name="Gilbert, Jarvis"  id="GJ0124"/>
<auth:candidate name="Gray, John"  id="GJ0125"/>
<auth:candidate name="Grahame, John"  id="GJ0126"/>
<auth:candidate name="Grindall, John G."  id="GJ0127"/>
<auth:candidate name="Gallup, Joseph"  id="GJ0128"/>
<auth:candidate name="Getzendammer, Jacob"  id="GJ0132"/>
<auth:candidate name="Glenn, John"  id="GJ0135"/>
<auth:candidate name="Grindale, James G."  id="GJ0137"/>
<auth:candidate name="Guyton, Joshua"  id="GJ0138"/>
<auth:candidate name="Gordon, Joseph N."  id="GJ0139"/>
<auth:candidate name="Gabby, Joseph"  id="GJ0141"/>
<auth:candidate name="Glen, John"  id="GJ0143"/>
<auth:candidate name="Gill, John"  id="GJ0147"/>
<auth:candidate name="Gears, Josiah"  id="GJ0149"/>
<auth:candidate name="Gerry, James"  id="GJ0150"/>
<auth:candidate name="Glisan, John"  id="GJ0152"/>
<auth:candidate name="Glenn, John"  id="GJ0154"/>
<auth:candidate name="Grout, Jonathan"  id="GJ0158"/>
<auth:candidate name="Goddard, John"  id="GJ0159"/>
<auth:candidate name="Goddard, Josiah"  id="GJ0166"/>
<auth:candidate name="Gardner, John, Jr."  id="GJ0169"/>
<auth:candidate name="Gage, Jonathan"  id="GJ0171"/>
<auth:candidate name="Green, Joseph"  id="GJ0172"/>
<auth:candidate name="Gardner, James"  id="GJ0175"/>
<auth:candidate name="Goodale, Job"  id="GJ0176"/>
<auth:candidate name="Gray, John"  id="GJ0177"/>
<auth:candidate name="Graves, John"  id="GJ0178"/>
<auth:candidate name="Green, James"  id="GJ0179"/>
<auth:candidate name="Gorham, John"  id="GJ0181"/>
<auth:candidate name="Garraty, Joseph W."  id="GJ0183"/>
<auth:candidate name="Gilman, John T."  id="GJ0184"/>
<auth:candidate name="Goddard, John"  id="GJ0185"/>
<auth:candidate name="Gilman, John P."  id="GJ0187"/>
<auth:candidate name="Gilman, Joseph Smith"  id="GJ0188"/>
<auth:candidate name="Gilman, Joseph S."  id="GJ0191"/>
<auth:candidate name="Gray, James"  id="GJ0192"/>
<auth:candidate name="Gregore, James M."  id="GJ0195"/>
<auth:candidate name="Gage, Joseph"  id="GJ0206"/>
<auth:candidate name="Gregg, James"  id="GJ0237"/>
<auth:candidate name="Gustin, John"  id="GJ0238"/>
<auth:candidate name="Gaston, Joseph"  id="GJ0239"/>
<auth:candidate name="Gibbs, Joel"  id="GJ0242"/>
<auth:candidate name="Gray, Jacob"  id="GJ0245"/>
<auth:candidate name="Giles, John"  id="GJ0250"/>
<auth:candidate name="Glover, Jacob"  id="GJ0253"/>
<auth:candidate name="Gilman, John"  id="GJ0256"/>
<auth:candidate name="Green, James"  id="GJ0261"/>
<auth:candidate name="Giles, James"  id="GJ0265"/>
<auth:candidate name="Green, James S."  id="GJ0266"/>
<auth:candidate name="Gordon, James"  id="GJ0267"/>
<auth:candidate name="Griffin, Jacob"  id="GJ0268"/>
<auth:candidate name="Gelston, John"  id="GJ0270"/>
<auth:candidate name="Green, John"  id="GJ0273"/>
<auth:candidate name="Graham, James G."  id="GJ0277"/>
<auth:candidate name="Grover, Joseph"  id="GJ0279"/>
<auth:candidate name="Geddes, James"  id="GJ0280"/>
<auth:candidate name="Green, Job"  id="GJ0281"/>
<auth:candidate name="Gebhard, Jacob"  id="GJ0282"/>
<auth:candidate name="Gebhard, John"  id="GJ0283"/>
<auth:candidate name="Green, James"  id="GJ0285"/>
<auth:candidate name="Grover, John"  id="GJ0287"/>
<auth:candidate name="Gale, James"  id="GJ0288"/>
<auth:candidate name="Garrison, John"  id="GJ0289"/>
<auth:candidate name="Glover, Joseph"  id="GJ0292"/>
<auth:candidate name="Green, John"  id="GJ0293"/>
<auth:candidate name="Gale, John"  id="GJ0295"/>
<auth:candidate name="Guyson, James, Jr."  id="GJ0298"/>
<auth:candidate name="Germain, John"  id="GJ0301"/>
<auth:candidate name="Gibbons, John"  id="GJ0302"/>
<auth:candidate name="Graves, John"  id="GJ0303"/>
<auth:candidate name="Garretson, James"  id="GJ0305"/>
<auth:candidate name="Garretson, John"  id="GJ0306"/>
<auth:candidate name="Grant, James"  id="GJ0310"/>
<auth:candidate name="Ganson, James"  id="GJ0313"/>
<auth:candidate name="Gifford, John"  id="GJ0315"/>
<auth:candidate name="Guion, James, Jr."  id="GJ0318"/>
<auth:candidate name="Gates, John C."  id="GJ0326"/>
<auth:candidate name="Gillespie, James"  id="GJ0328"/>
<auth:candidate name="Gregory, James"  id="GJ0332"/>
<auth:candidate name="Gilchrist, John"  id="GJ0337"/>
<auth:candidate name="Gentry, Joseph S."  id="GJ0338"/>
<auth:candidate name="Gaster, Jacob"  id="GJ0340"/>
<auth:candidate name="Goodwin, John"  id="GJ0341"/>
<auth:candidate name="Graham, Joseph"  id="GJ0342"/>
    <auth:candidate name="Greenlee, J."  id="GJ0343"/>
    <auth:candidate name="Goger, John"  id="GJ0344"/>
<auth:candidate name="Gaines, James"  id="GJ0345"/>
<auth:candidate name="Gordon, James"  id="GJ0346"/>
<auth:candidate name="Giles, John"  id="GJ0347"/>
<auth:candidate name="Graham, James"  id="GJ0348"/>
    <auth:candidate name="Grant, James"  id="GJ0349"/>
    <auth:candidate name="Gibbons, John"  id="GJ0350"/>
<auth:candidate name="Grubb, James"  id="GJ0351"/>
<auth:candidate name="Gaston, John R."  id="GJ0354"/>
<auth:candidate name="Gregory, Jehiel"  id="GJ0355"/>
<auth:candidate name="Gossett, John"  id="GJ0356"/>
<auth:candidate name="Gardner, Joseph"  id="GJ0357"/>
<auth:candidate name="Guthrie, John"  id="GJ0358"/>
<auth:candidate name="Grate, Joseph"  id="GJ0362"/>
<auth:candidate name="Gillis, James"  id="GJ0364"/>
<auth:candidate name="Glass, John"  id="GJ0366"/>
<auth:candidate name="Gazlay, James W."  id="GJ0367"/>
    <auth:candidate name="Gillespie, James A."  id="GJ0369"/>
    <auth:candidate name="Gibson, James"  id="GJ0370"/>
<auth:candidate name="Gloninger, John"  id="GJ0371"/>
<auth:candidate name="Gutrey, James"  id="GJ0372"/>
<auth:candidate name="Gray, John"  id="GJ0375"/>
<auth:candidate name="Green, John"  id="GJ0376"/>
<auth:candidate name="Gettys, James"  id="GJ0377"/>
<auth:candidate name="German, John"  id="GJ0378"/>
<auth:candidate name="Guthrie, James"  id="GJ0379"/>
<auth:candidate name="Grimm, Jacob"  id="GJ0380"/>
<auth:candidate name="Gartner, Jacob"  id="GJ0381"/>
<auth:candidate name="Greenameyer, Jacob"  id="GJ0382"/>
<auth:candidate name="Getty, James"  id="GJ0383"/>
<auth:candidate name="Gamble, James"  id="GJ0384"/>
<auth:candidate name="Goodman, John"  id="GJ0385"/>
<auth:candidate name="Glancey, Joseph"  id="GJ0386"/>
<auth:candidate name="Gibbons, Joseph"  id="GJ0387"/>
<auth:candidate name="Gardner, John"  id="GJ0388"/>
<auth:candidate name="Gally, Jacob"  id="GJ0389"/>
<auth:candidate name="Gish, Jacob"  id="GJ0390"/>
<auth:candidate name="Gregg, James"  id="GJ0392"/>
<auth:candidate name="Graham, Jered"  id="GJ0396"/>
<auth:candidate name="Gilliland, John"  id="GJ0399"/>
<auth:candidate name="Greenawalt, Jacob"  id="GJ0400"/>
<auth:candidate name="Gaylord, Justus, Jr."  id="GJ0402"/>
<auth:candidate name="Glessner, Jacob"  id="GJ0405"/>
<auth:candidate name="Good, Jesse"  id="GJ0407"/>
<auth:candidate name="Gibbons, Joshua"  id="GJ0411"/>
<auth:candidate name="Gailey, James"  id="GJ0412"/>
<auth:candidate name="Gowdy, James"  id="GJ0413"/>
<auth:candidate name="Geyer, John"  id="GJ0416"/>
<auth:candidate name="Green, John"  id="GJ0417"/>
<auth:candidate name="Gray, John"  id="GJ0418"/>
<auth:candidate name="Greble, Jacob"  id="GJ0421"/>
<auth:candidate name="Gardiner, J."  id="GJ0422"/>
<auth:candidate name="Graham, James"  id="GJ0423"/>
<auth:candidate name="Glasgow, James"  id="GJ0424"/>
<auth:candidate name="Gilmore, John"  id="GJ0429"/>
<auth:candidate name="Glossnor, Jacob"  id="GJ0431"/>
<auth:candidate name="Gaston, Joseph"  id="GJ0433"/>
<auth:candidate name="Greble, John"  id="GJ0434"/>
<auth:candidate name="Gilchrist, James"  id="GJ0438"/>
<auth:candidate name="Gibson, John B."  id="GJ0440"/>
<auth:candidate name="Graff, John"  id="GJ0441"/>
<auth:candidate name="Graves, John"  id="GJ0442"/>
<auth:candidate name="Grubb, John"  id="GJ0443"/>
<auth:candidate name="Galt, James"  id="GJ0446"/>
<auth:candidate name="Gilbert, Jacob"  id="GJ0447"/>
<auth:candidate name="Glenn, James"  id="GJ0448"/>
<auth:candidate name="Graff, John"  id="GJ0449"/>
<auth:candidate name="Goodwin, John"  id="GJ0450"/>
<auth:candidate name="Gemmil, John"  id="GJ0451"/>
<auth:candidate name="Gibbons, James M."  id="GJ0452"/>
<auth:candidate name="Grosh, Jacob"  id="GJ0454"/>
<auth:candidate name="Gorgas, Jospeh"  id="GJ0455"/>
<auth:candidate name="Griffin, James"  id="GJ0463"/>
<auth:candidate name="Guthard, Jacob"  id="GJ0470"/>
<auth:candidate name="Gehr, John"  id="GJ0476"/>
<auth:candidate name="Goodheart, Jacob"  id="GJ0479"/>
<auth:candidate name="Grier, John N.C."  id="GJ0481"/>
<auth:candidate name="Geddes, James"  id="GJ0482"/>
<auth:candidate name="Godshall, John"  id="GJ0483"/>
<auth:candidate name="Gillespie, John"  id="GJ0486"/>
<auth:candidate name="Good, Joseph"  id="GJ0487"/>
<auth:candidate name="Greisemer, Jacob"  id="GJ0488"/>
<auth:candidate name="Griffith, John"  id="GJ0489"/>
<auth:candidate name="Giffen, James"  id="GJ0490"/>
<auth:candidate name="Gavit, James"  id="GJ0491"/>
<auth:candidate name="Green, Joshua"  id="GJ0493"/>
<auth:candidate name="Gilleland, James C."  id="GJ0496"/>
<auth:candidate name="Gehr, Jacob"  id="GJ0504"/>
<auth:candidate name="Garrett, James"  id="GJ0507"/>
<auth:candidate name="George, Joseph"  id="GJ0508"/>
<auth:candidate name="Greiner, John"  id="GJ0509"/>
<auth:candidate name="Getz, John"  id="GJ0526"/>
<auth:candidate name="Gardner, John"  id="GJ0533"/>
<auth:candidate name="Gardner, Jacob"  id="GJ0534"/>
<auth:candidate name="Gosser, John, Sr."  id="GJ0536"/>
<auth:candidate name="Gilliland, Joseph"  id="GJ0541"/>
<auth:candidate name="Greigler, Jacob"  id="GJ0544"/>
<auth:candidate name="Gebhart, John"  id="GJ0546"/>
<auth:candidate name="Gisch, Jacob"  id="GJ0547"/>
<auth:candidate name="Goodwin, J. D."  id="GJ0548"/>
    <auth:candidate name="Gibson, John"  id="GJ0549"/>
    <auth:candidate name="Gough, Joseph"  id="GJ0550"/>
    <auth:candidate name="Guyton, John"  id="GJ0551"/>
<auth:candidate name="Goodwyn, James"  id="GJ0553"/>
<auth:candidate name="Gaillard, John, Jr."  id="GJ0554"/>
<auth:candidate name="Graham, Joseph"  id="GJ0555"/>
<auth:candidate name="Graham, John"  id="GJ0556"/>
<auth:candidate name="Guerard, Jacob"  id="GJ0558"/>
<auth:candidate name="Gimball, John"  id="GJ0559"/>
<auth:candidate name="Gilcreas, John"  id="GJ0560"/>
<auth:candidate name="Graves, J."  id="GJ0561"/>
<auth:candidate name="Graham, James"  id="GJ0565"/>
<auth:candidate name="Gaston, John"  id="GJ0566"/>
<auth:candidate name="Goodwyn, John"  id="GJ0567"/>
<auth:candidate name="Geddes, John"  id="GJ0568"/>
<auth:candidate name="Gray, John"  id="GJ0572"/>
<auth:candidate name="Gist, Joseph C."  id="GJ0573"/>
<auth:candidate name="Geddes, John"  id="GJ0575"/>
<auth:candidate name="Gilder, John"  id="GJ0577"/>
<auth:candidate name="Gibson, John"  id="GJ0578"/>
<auth:candidate name="Greening, John"  id="GJ0579"/>
<auth:candidate name="Glascock, John Sellard"  id="GJ0582"/>
<auth:candidate name="Gowdy, James"  id="GJ0586"/>
<auth:candidate name="Grayson, James"  id="GJ0587"/>
<auth:candidate name="Gilchrist, James"  id="GJ0588"/>
<auth:candidate name="Gadsden, John"  id="GJ0590"/>
<auth:candidate name="George, James"  id="GJ0592"/>
<auth:candidate name="Grimes, James H."  id="GJ0593"/>
<auth:candidate name="Groomes, John H."  id="GJ0595"/>
<auth:candidate name="Gaston, Joseph"  id="GJ0601"/>
    <auth:candidate name="Green, John F."  id="GJ0603"/>
    <auth:candidate name="Gimby, John"  id="GJ0604"/>
<auth:candidate name="Gotea, John, Jr."  id="GJ0608"/>
<auth:candidate name="Geddes, James"  id="GJ0609"/>
<auth:candidate name="Gillespie, James"  id="GJ0610"/>
<auth:candidate name="Gregg, James"  id="GJ0611"/>
<auth:candidate name="Gorin, John, Sr."  id="GJ0612"/>
<auth:candidate name="Gregg, John"  id="GJ0617"/>
<auth:candidate name="Griffin, James C."  id="GJ0618"/>
<auth:candidate name="Gordon, J."  id="GJ0625"/>
<auth:candidate name="Gore, John"  id="GJ0626"/>
<auth:candidate name="Gibbs, John"  id="GJ0627"/>
<auth:candidate name="Gillespie, James"  id="GJ0628"/>
<auth:candidate name="Gass, John"  id="GJ0629"/>
<auth:candidate name="Galusha, Jonas"  id="GJ0633"/>
<auth:candidate name="Gordon, James"  id="GJ0651"/>
<auth:candidate name="Goode, John"  id="GJ0652"/>
<auth:candidate name="Goodwyn, John"  id="GJ0653"/>
<auth:candidate name="Gatewood, John"  id="GJ0654"/>
<auth:candidate name="Gordon, John"  id="GJ0656"/>
<auth:candidate name="Garnett, James"  id="GJ0658"/>
<auth:candidate name="Granberry, John"  id="GJ0661"/>
<auth:candidate name="Gwen, James"  id="GJ0663"/>
<auth:candidate name="Gibson, John"  id="GJ0665"/>
<auth:candidate name="Goodrich, John"  id="GJ0667"/>
<auth:candidate name="Gray, John C."  id="GJ0669"/>
<auth:candidate name="Grigsby, Joseph"  id="GJ0670"/>
<auth:candidate name="Goodwyn, Joseph"  id="GJ0672"/>
<auth:candidate name="Goodson, John"  id="GJ0674"/>
<auth:candidate name="Gregory, James"  id="GJ0676"/>
<auth:candidate name="Garnett, John M."  id="GJ0677"/>
<auth:candidate name="Godwin, Joseph"  id="GJ0681"/>
<auth:candidate name="Gay, John"  id="GJ0683"/>
<auth:candidate name="Gird, John"  id="GJ0692"/>
<auth:candidate name="Gregory, John M."  id="GJ0693"/>
<auth:candidate name="Green, John W."  id="GJ0698"/>
<auth:candidate name="Goode, John C."  id="GJ0700"/>
<auth:candidate name="Glenn, James"  id="GJ0701"/>
    <auth:candidate name="Garth, Jesse Winston"  id="GJ0702"/>
    <auth:candidate name="Grenvill, John"  id="GJ0703"/>
<auth:candidate name="Garnett, James M., Jr."  id="GJ0706"/>
<auth:candidate name="Grayson, John W."  id="GJ0713"/>
<auth:candidate name="Goff, Jedediah W."  id="GJ0717"/>
<auth:candidate name="Gilliland, John"  id="GJ0719"/>
<auth:candidate name="Gholson, James H."  id="GJ0720"/>
<auth:candidate name="Grimes, John"  id="GJ0728"/>
<auth:candidate name="Gleaves, James T."  id="GJ0729"/>
<auth:candidate name="Garnett, James"  id="GJ0730"/>
<auth:candidate name="Gibson, James"  id="GJ0731"/>
<auth:candidate name="Guion, John L."  id="GJ0732"/>
<auth:candidate name="Gildart, John W."  id="GJ0733"/>
<auth:candidate name="Garret, John, Jr."  id="GJ0734"/>
<auth:candidate name="Griffin, J."  id="GJ0735"/>
<auth:candidate name="Goddard, John"  id="GJ0736"/>
<auth:candidate name="Gilpin, James"  id="GJ0737"/>
<auth:candidate name="Glasgow, James"  id="GJ0738"/>
<auth:candidate name="Gordon, John"  id="GJ0739"/>
    <auth:candidate name="Goodwin, Joshua"  id="GJ0740"/>
    <auth:candidate name="Guignard, J. G."  id="GJ0871"/>
    <auth:candidate name="Gordon, John"  id="GJ8444"/>
<auth:candidate name="Goodwin, Kimmel"  id="GK0000"/>
<auth:candidate name="Green, L."  id="GL0000"/>
<auth:candidate name="Gray, Leonard"  id="GL0001"/>
<auth:candidate name="Gale, Littleton"  id="GL0002"/>
<auth:candidate name="Gassoway, Louis"  id="GL0003"/>
<auth:candidate name="Gale, Levin"  id="GL0004"/>
    <auth:candidate name="Greenwell, Lewis"  id="GL0005"/>
    <auth:candidate name="Gardiner, Leonard B."  id="GL0006"/>
<auth:candidate name="Griffith, Lycle"  id="GL0007"/>
    <auth:candidate name="Gordon, Lewis"  id="GL0008"/>
    <auth:candidate name="Goodwin, Lyde"  id="GL0009"/>
<auth:candidate name="Gansevoort, Leonard"  id="GL0010"/>
<auth:candidate name="Graves, Lewis"  id="GL0011"/>
<auth:candidate name="Gross, Lawrence"  id="GL0012"/>
<auth:candidate name="Gibbs, Leman"  id="GL0013"/>
    <auth:candidate name="Gaylord, Levi"  id="GL0014"/>
    <auth:candidate name="Green, L."  id="GL0015"/>
<auth:candidate name="Garrett, Levi"  id="GL0020"/>
<auth:candidate name="Graves, Lewis"  id="GL0027"/>
    <auth:candidate name="Gibbes, Lewis"  id="GL0028"/>
    <auth:candidate name="Gum, Leander"  id="GL0029"/>
<auth:candidate name="Gasque, Lovelace"  id="GL0030"/>
<auth:candidate name="Gatchell, Lawyer"  id="GL0031"/>
<auth:candidate name="Griswold, Matthew"  id="GM0000"/>
<auth:candidate name="Greenleaf, Moses"  id="GM0017"/>
<auth:candidate name="Green, Myles"  id="GM0018"/>
<auth:candidate name="Garey, Moses"  id="GM0019"/>
<auth:candidate name="Guichard, Magloire"  id="GM0020"/>
<auth:candidate name="Gill, Moses"  id="GM0022"/>
<auth:candidate name="Grant, Moses"  id="GM0040"/>
<auth:candidate name="Gill, Matthew"  id="GM0041"/>
<auth:candidate name="Groesbeck, Myndert"  id="GM0046"/>
<auth:candidate name="Greber, Martin"  id="GM0047"/>
<auth:candidate name="Gilchrist, M."  id="GM0048"/>
<auth:candidate name="Greese, Matthias"  id="GM0049"/>
<auth:candidate name="Graffus, Martin"  id="GM0053"/>
<auth:candidate name="Gardner, Michael"  id="GM0054"/>
<auth:candidate name="Gillmor, Moses"  id="GM0056"/>
<auth:candidate name="Gunckle, Michael"  id="GM0057"/>
<auth:candidate name="Graeff, Michael"  id="GM0058"/>
<auth:candidate name="Gregg, Mahlon"  id="GM0061"/>
<auth:candidate name="Glover, M."  id="GM0062"/>
<auth:candidate name="Glover, Moses"  id="GM0063"/>
<auth:candidate name="Garnett, Muscoe"  id="GM0064"/>
<auth:candidate name="Greene, Mark"  id="GM0067"/>
<auth:candidate name="Glascock, Milton S."  id="GM0069"/>
<auth:candidate name="Green, Moses"  id="GM0071"/>
    <auth:candidate name="Greer, Mark"  id="GM0072"/>
    <auth:candidate name="Gill, Mathew, Jr."  id="GM8888"/>
<auth:candidate name="Gaither, Nathan"  id="GN0000"/>
<auth:candidate name="Girod, Nicolas"  id="GN0002"/>
<auth:candidate name="Goldsborough, Nicholas"  id="GN0003"/>
    <auth:candidate name="Groton, Nathaniel"  id="GN0004"/>
    <auth:candidate name="Goodwin, Nathaniel"  id="GN0005"/>
<auth:candidate name="Grafton, Nathan"  id="GN0006"/>
<auth:candidate name="Gorham, Nathaniel"  id="GN0007"/>
<auth:candidate name="Greene, Nathaniel"  id="GN0010"/>
<auth:candidate name="Gilman, Nathaniel"  id="GN0013"/>
<auth:candidate name="Gilman, Nicholas"  id="GN0015"/>
<auth:candidate name="Gallup, Nathaniel"  id="GN0025"/>
<auth:candidate name="Gesner, Nicholas"  id="GN0027"/>
<auth:candidate name="Gismer, Nicholas"  id="GN0029"/>
<auth:candidate name="Garrow, Nathaniel"  id="GN0031"/>
<auth:candidate name="Grimes, Noble"  id="GN0033"/>
<auth:candidate name="Gibson, Nathan"  id="GN0034"/>
<auth:candidate name="Grubb, Nathaniel"  id="GN0035"/>
<auth:candidate name="Gelwicks, Nicholas"  id="GN0036"/>
<auth:candidate name="Grear, Nicholas"  id="GN0038"/>
<auth:candidate name="Gist, Nathaniel"  id="GN0039"/>
<auth:candidate name="Garey, Obadiah"  id="GO0000"/>
<auth:candidate name="German, Obadiah"  id="GO0001"/>
<auth:candidate name="Gardner, Oliver"  id="GO0008"/>
<auth:candidate name="Gallup, Oliver"  id="GO0011"/>
<auth:candidate name="Gebhart, Peter"  id="GP0001"/>
<auth:candidate name="Galt, Peter"  id="GP0004"/>
<auth:candidate name="Gold, Peter"  id="GP0005"/>
    <auth:candidate name="Grant, Peter"  id="GP0006"/>
    <auth:candidate name="Graybill, Philip"  id="GP0007"/>
<auth:candidate name="Gifford, Prince, Jr."  id="GP0008"/>
<auth:candidate name="Goulding, Peter"  id="GP0009"/>
<auth:candidate name="Gates, Peter"  id="GP0011"/>
<auth:candidate name="Gay, Phinehas"  id="GP0012"/>
<auth:candidate name="Green, Peter"  id="GP0014"/>
<auth:candidate name="Gordon, Peter"  id="GP0021"/>
<auth:candidate name="Gansevoort, Peter"  id="GP0027"/>
<auth:candidate name="Gunkel, Philip"  id="GP0029"/>
<auth:candidate name="Goode, Phillip"  id="GP0031"/>
<auth:candidate name="Gardner, Philip"  id="GP0036"/>
<auth:candidate name="Groskop, Paul"  id="GP0044"/>
<auth:candidate name="Gehr, Philip"  id="GP0050"/>
<auth:candidate name="Geisinger, Philip"  id="GP0051"/>
<auth:candidate name="Gravenstine, Peter"  id="GP0052"/>
<auth:candidate name="Gwinn, Patrick"  id="GP0053"/>
<auth:candidate name="Gloninger, Peter"  id="GP0054"/>
<auth:candidate name="Gloninger, Philip"  id="GP0055"/>
<auth:candidate name="Gay, Peter"  id="GP0059"/>
<auth:candidate name="Grim, Peter"  id="GP0061"/>
<auth:candidate name="Gable, Peter"  id="GP0063"/>
<auth:candidate name="Gaillard, Peyre"  id="GP0065"/>
<auth:candidate name="Girardeau, Peter B."  id="GP0066"/>
<auth:candidate name="Gilbert, Peter"  id="GP0067"/>
    <auth:candidate name="Gaillard, Peter, Sr."  id="GP0070"/>
    <auth:candidate name="Gaillard, Peter"  id="GP0071"/>
<auth:candidate name="Gourdin, P. G."  id="GP0073"/>
<auth:candidate name="Goodwyn, Peterson"  id="GP0075"/>
    <auth:candidate name="Garland, Peter R."  id="GP0076"/>
    <auth:candidate name="Gould, Peter"  id="GP0077"/>
<auth:candidate name="Goggin, Pleasant M."  id="GP0084"/>
<auth:candidate name="Griffin, P. B."  id="GP0086"/>
<auth:candidate name="Garrity, Patrick"  id="GP0666"/>
    <auth:candidate name="Griswold, Roger M."  id="GR0000"/>
    <auth:candidate name="Gamble, Roger Lawson"  id="GR0001"/>
<auth:candidate name="Goodeneaugh, Rufus"  id="GR0005"/>
<auth:candidate name="Gay, Rufus"  id="GR0006"/>
    <auth:candidate name="Gilmore, Rufus"  id="GR0007"/>
    <auth:candidate name="Gage, R."  id="GR0008"/>
<auth:candidate name="Gray, Richard"  id="GR0018"/>
<auth:candidate name="Grice, Richard"  id="GR0019"/>
    <auth:candidate name="Gist, Rezin H."  id="GR0021"/>
    <auth:candidate name="Grayson, Richard"  id="GR0022"/>
<auth:candidate name="Gorsuch, Robert"  id="GR0023"/>
<auth:candidate name="Goldsborough, Richard"  id="GR0024"/>
<auth:candidate name="Grahame, Richard"  id="GR0027"/>
<auth:candidate name="Goldsborough, Robert Henry"  id="GR0028"/>
<auth:candidate name="Ghiselin, Reverdy"  id="GR0032"/>
<auth:candidate name="Gale, Rasin"  id="GR0033"/>
<auth:candidate name="Gilmore, Robert"  id="GR0043"/>
<auth:candidate name="Griffith, Richard"  id="GR0051"/>
    <auth:candidate name="Garner, Robert"  id="GR0060"/>
    <auth:candidate name="Gammon, Richard"  id="GR0061"/>
    <auth:candidate name="Gillespie, Richard G."  id="GR0062"/>
<auth:candidate name="Gill, Robert W."  id="GR0066"/>
<auth:candidate name="Gardner, Robert"  id="GR0072"/>
    <auth:candidate name="Gentry, Richard"  id="GR0073"/>
    <auth:candidate name="Griffith, Robert"  id="GR0074"/>
<auth:candidate name="Goble, Robert"  id="GR0075"/>
<auth:candidate name="Gray, Richard"  id="GR0076"/>
<auth:candidate name="Graham, Robert"  id="GR0078"/>
<auth:candidate name="Germond, Reuben"  id="GR0081"/>
<auth:candidate name="Goodell, Richard"  id="GR0083"/>
<auth:candidate name="Gully, Robert, Jr."  id="GR0087"/>
<auth:candidate name="Grist, Reading J."  id="GR0089"/>
<auth:candidate name="Gilmore, Robert"  id="GR0090"/>
<auth:candidate name="Grayson, Robert"  id="GR0091"/>
<auth:candidate name="Griffin, Robert"  id="GR0093"/>
<auth:candidate name="Graham, Rober"  id="GR0094"/>
<auth:candidate name="Gay, Richard"  id="GR0096"/>
<auth:candidate name="Gemmil, Robert"  id="GR0097"/>
<auth:candidate name="Grayson, Robert Harrison"  id="GR0098"/>
<auth:candidate name="Graham, Robert"  id="GR0099"/>
<auth:candidate name="Galloway, Robert"  id="GR0101"/>
<auth:candidate name="Green, Robert"  id="GR0102"/>
<auth:candidate name="Gano, Richard M."  id="GR0103"/>
<auth:candidate name="Graham, Robert"  id="GR0106"/>
<auth:candidate name="Gray, Robert"  id="GR0107"/>
<auth:candidate name="Gilder, Reuben"  id="GR0108"/>
<auth:candidate name="Greene, Ray"  id="GR0109"/>
<auth:candidate name="Gordon, Roger"  id="GR0111"/>
<auth:candidate name="Guerard, Richard"  id="GR0112"/>
<auth:candidate name="Gift, Royal"  id="GR0113"/>
<auth:candidate name="Grant, Robert"  id="GR0114"/>
<auth:candidate name="Godard, Rene"  id="GR0115"/>
<auth:candidate name="Green, Richard"  id="GR0118"/>
<auth:candidate name="Gordon, Richard"  id="GR0119"/>
<auth:candidate name="Given, Robert"  id="GR0123"/>
<auth:candidate name="Grigsby, Reuben"  id="GR0126"/>
<auth:candidate name="Gray, Robert"  id="GR0129"/>
<auth:candidate name="Garnett, Robert S."  id="GR0131"/>
<auth:candidate name="Glascock, Richard M."  id="GR0132"/>
<auth:candidate name="Gregg, Richard B."  id="GR0135"/>
<auth:candidate name="Graves, Richard"  id="GR0137"/>
<auth:candidate name="Gustin, Robert"  id="GR0141"/>
<auth:candidate name="Gilmer, R. H."  id="GR0142"/>
<auth:candidate name="Garrow, Samuel H."  id="GS0000"/>
<auth:candidate name="Grant, Squire"  id="GS0001"/>
<auth:candidate name="Gilbert, Stephen"  id="GS0002"/>
<auth:candidate name="Gilbert, Sylvester"  id="GS0003"/>
<auth:candidate name="Greenleaf, Simon"  id="GS0004"/>
<auth:candidate name="Garaner, Sylvester"  id="GS0005"/>
<auth:candidate name="Graham, Samuel"  id="GS0007"/>
<auth:candidate name="Garland, Samuel"  id="GS0008"/>
<auth:candidate name="Griswold, Shuabael"  id="GS0012"/>
<auth:candidate name="Goode, Samuel"  id="GS0032"/>
<auth:candidate name="Gillespie, Samuel"  id="GS0033"/>
<auth:candidate name="Gard, Seth"  id="GS0034"/>
    <auth:candidate name="Griffith, Samuel"  id="GS0036"/>
    <auth:candidate name="Greenleaf, Samuel"  id="GS0037"/>
<auth:candidate name="Gower, Stanley P."  id="GS0038"/>
<auth:candidate name="Graves, Solomon"  id="GS0039"/>
<auth:candidate name="Gough, Stephen H."  id="GS0041"/>
<auth:candidate name="Gomwell, Samuel"  id="GS0046"/>
<auth:candidate name="Gardner, Stephen P."  id="GS0049"/>
<auth:candidate name="Green, Sewell"  id="GS0054"/>
<auth:candidate name="Guthrie, Samuel T."  id="GS0055"/>
<auth:candidate name="Grant, Samuel"  id="GS0056"/>
<auth:candidate name="Gano, Stephen"  id="GS0057"/>
<auth:candidate name="Grost, Simon A."  id="GS0058"/>
<auth:candidate name="Green, Solomon"  id="GS0059"/>
<auth:candidate name="Gregory, Samuel"  id="GS0061"/>
<auth:candidate name="Goodman, Solomon K."  id="GS0062"/>
<auth:candidate name="Gay, S."  id="GS0063"/>
<auth:candidate name="Glenn, Sampson M."  id="GS0064"/>
<auth:candidate name="Graham, Seth"  id="GS0068"/>
<auth:candidate name="Goodin, S."  id="GS0069"/>
    <auth:candidate name="Graff, Sebastian"  id="GS0070"/>
    <auth:candidate name="Gross, Samuel"  id="GS0071"/>
<auth:candidate name="Gray, Samuel"  id="GS0072"/>
<auth:candidate name="Girard, Stephen"  id="GS0074"/>
    <auth:candidate name="Gross, Samuel"  id="GS0076"/>
    <auth:candidate name="Glass, Samuel"  id="GS0077"/>
    <auth:candidate name="Gillingham, Samuel"  id="GS0083"/>
    <auth:candidate name="Gross, Samuel"  id="GS0084"/>
<auth:candidate name="Gowdy, Samuel"  id="GS0087"/>
<auth:candidate name="Grier, Samuel E."  id="GS0088"/>
<auth:candidate name="Gallaway, Samuel"  id="GS0091"/>
<auth:candidate name="Glascow, Samuel"  id="GS0095"/>
<auth:candidate name="Gorgas, Soloman"  id="GS0096"/>
<auth:candidate name="Gregory, Samuel"  id="GS0099"/>
<auth:candidate name="Geyer, Simon"  id="GS0102"/>
<auth:candidate name="Gariques, S."  id="GS0104"/>
<auth:candidate name="Gangewehr, S."  id="GS0105"/>
<auth:candidate name="Grosh, Samuel"  id="GS0106"/>
<auth:candidate name="Gavit, Sylvester"  id="GS0108"/>
<auth:candidate name="Goodman, Samuel"  id="GS0109"/>
<auth:candidate name="Gibson, Samuel R."  id="GS0110"/>
<auth:candidate name="Gillison, S. R."  id="GS0111"/>
<auth:candidate name="Glover, Sanders"  id="GS0112"/>
<auth:candidate name="Goodridge, Samuel"  id="GS0113"/>
<auth:candidate name="Griffin, Samuel"  id="GS0114"/>
<auth:candidate name="Gilliam, Samuel"  id="GS0117"/>
<auth:candidate name="Goode, Samuel"  id="GS0120"/>
    <auth:candidate name="George, Spencer"  id="GS0122"/>
    <auth:candidate name="Gibson, Samuel"  id="GS0125"/>
<auth:candidate name="Grosvenor, Thomas"  id="GT0000"/>
<auth:candidate name="Goggeshall, Thomas"  id="GT0001"/>
<auth:candidate name="Gibbons, Thomas"  id="GT0013"/>
<auth:candidate name="Glascock, Thomas"  id="GT0014"/>
    <auth:candidate name="Gilpatrick, Thomas"  id="GT0015"/>
    <auth:candidate name="Griffith, Thomas"  id="GT0016"/>
    <auth:candidate name="Glascock, Thomas"  id="GT0021"/>
<auth:candidate name="Gard, Timothy"  id="GT0022"/>
<auth:candidate name="Good, Thomas"  id="GT0023"/>
<auth:candidate name="Givens, Thomas"  id="GT0025"/>
<auth:candidate name="Grimes, Thomas A."  id="GT0026"/>
<auth:candidate name="Gibson, Thomas"  id="GT0027"/>
<auth:candidate name="Gantt, Thomas C."  id="GT0029"/>
<auth:candidate name="Griffith, T. W."  id="GT0030"/>
<auth:candidate name="Gardiner, Thomas"  id="GT0031"/>
<auth:candidate name="Greenwell, Thomas"  id="GT0032"/>
<auth:candidate name="Goldsborough, Thomas"  id="GT0033"/>
<auth:candidate name="Grubb, Thomas"  id="GT0034"/>
<auth:candidate name="Gridley, Timothy J."  id="GT0049"/>
<auth:candidate name="Graham, Thedorus V.W."  id="GT0055"/>
<auth:candidate name="Gold, Thomas R."  id="GT0056"/>
<auth:candidate name="Grosvenor, Thomas P."  id="GT0059"/>
<auth:candidate name="Gilmore, Thomas"  id="GT0064"/>
<auth:candidate name="Gregg, Thomas"  id="GT0066"/>
<auth:candidate name="Grant, Thomas"  id="GT0067"/>
<auth:candidate name="Greer, Thomas"  id="GT0068"/>
<auth:candidate name="Gentry, Thomas"  id="GT0069"/>
<auth:candidate name="Graham, Thomas"  id="GT0071"/>
<auth:candidate name="Gormly, Thomas"  id="GT0072"/>
<auth:candidate name="Giles, Thomas"  id="GT0073"/>
<auth:candidate name="Gromley, Thomas"  id="GT0075"/>
    <auth:candidate name="Graham, Thomas"  id="GT0076"/>
    <auth:candidate name="Gallaway, Thomas"  id="GT0077"/>
<auth:candidate name="Garrett, Thomas"  id="GT0078"/>
<auth:candidate name="Goldsmith, Thomas"  id="GT0079"/>
<auth:candidate name="Gettys, Thomas R."  id="GT0080"/>
<auth:candidate name="Guston, Thomas P."  id="GT0082"/>
<auth:candidate name="Gaillard, Theodore"  id="GT0084"/>
<auth:candidate name="Golphin, Thomas"  id="GT0085"/>
<auth:candidate name="Gourdine, Theodore"  id="GT0086"/>
<auth:candidate name="Grimke, Thomas S."  id="GT0091"/>
<auth:candidate name="Godbold, Thomas"  id="GT0095"/>
<auth:candidate name="Gantt, Thomas J."  id="GT0096"/>
<auth:candidate name="Glover, Thomas W."  id="GT0099"/>
<auth:candidate name="Gray, Thomas"  id="GT0103"/>
<auth:candidate name="Greek, Thomas"  id="GT0104"/>
<auth:candidate name="Goodson, Thomas"  id="GT0106"/>
<auth:candidate name="Green, Thomas"  id="GT0108"/>
<auth:candidate name="Griffin, Thomas"  id="GT0110"/>
<auth:candidate name="Gholson, Thomas"  id="GT0111"/>
<auth:candidate name="Griggs, Thomas"  id="GT0114"/>
<auth:candidate name="Gregg, Thomas"  id="GT0117"/>
<auth:candidate name="Godwin, Thomas H. P."  id="GT0126"/>
<auth:candidate name="Gordon, Thomas C."  id="GT0128"/>
<auth:candidate name="Gildart, Thomas M."  id="GT0129"/>
<auth:candidate name="Gray, Thomas"  id="GT0130"/>
    <auth:candidate name="Green, Thomas"  id="GT0131"/>
    <auth:candidate name="Gusten, Thomas"  id="GT2311"/>
    <auth:candidate name="Gibbs, Uriah"  id="GU0000"/>
<auth:candidate name="Garner, Vincent"  id="GV0000"/>
<auth:candidate name="Gray, Washington"  id="GW0000"/>
<auth:candidate name="Gaines, William D."  id="GW0001"/>
<auth:candidate name="Gentry, William"  id="GW0002"/>
<auth:candidate name="Gibbons, William"  id="GW0003"/>
    <auth:candidate name="Green, Willis"  id="GW0004"/>
    <auth:candidate name="Glover, William"  id="GW0005"/>
<auth:candidate name="Gresham, Wheeler"  id="GW0008"/>
<auth:candidate name="Gilbert, William"  id="GW0009"/>
<auth:candidate name="Gillham, William"  id="GW0011"/>
    <auth:candidate name="Goodnight, William"  id="GW0012"/>
    <auth:candidate name="Greenleaf, Westbrook"  id="GW0013"/>
<auth:candidate name="Gibson, William"  id="GW0014"/>
<auth:candidate name="Gard, William"  id="GW0015"/>
<auth:candidate name="Garrard, William"  id="GW0016"/>
    <auth:candidate name="Gerard, William"  id="GW0022"/>
    <auth:candidate name="Graffam, William"  id="GW0027"/>
<auth:candidate name="Griffin, William"  id="GW0028"/>
<auth:candidate name="Gilliss, William"  id="GW0033"/>
<auth:candidate name="Goldsmith, William"  id="GW0034"/>
<auth:candidate name="Gale, William"  id="GW0037"/>
<auth:candidate name="Gleaves, William"  id="GW0038"/>
<auth:candidate name="Gabby, William"  id="GW0039"/>
<auth:candidate name="Good, William"  id="GW0041"/>
<auth:candidate name="Graves, William"  id="GW0042"/>
<auth:candidate name="Geoghegan, William"  id="GW0044"/>
<auth:candidate name="Gist, William"  id="GW0052"/>
<auth:candidate name="Gray, William, Jr."  id="GW0054"/>
<auth:candidate name="Gray, William"  id="GW0055"/>
<auth:candidate name="Gordon, William"  id="GW0063"/>
<auth:candidate name="Gardner, William"  id="GW0066"/>
<auth:candidate name="Gould, William"  id="GW0068"/>
<auth:candidate name="Godley, William"  id="GW0074"/>
<auth:candidate name="Garretson, William"  id="GW0075"/>
<auth:candidate name="Griffith, William"  id="GW0076"/>
<auth:candidate name="Gifford, William D."  id="GW0077"/>
<auth:candidate name="Gilbert, William W."  id="GW0078"/>
<auth:candidate name="Gilchrist, William"  id="GW0079"/>
<auth:candidate name="Gilliland, William"  id="GW0080"/>
<auth:candidate name="Gage, William"  id="GW0083"/>
<auth:candidate name="Griswold, William"  id="GW0085"/>
<auth:candidate name="Griffin, William"  id="GW0086"/>
<auth:candidate name="Gillespie, William"  id="GW0087"/>
<auth:candidate name="Grove, William B."  id="GW0091"/>
<auth:candidate name="Gaston, William"  id="GW0095"/>
<auth:candidate name="Greene, William"  id="GW0097"/>
<auth:candidate name="Gales, William"  id="GW0102"/>
<auth:candidate name="Guy, William H."  id="GW0112"/>
<auth:candidate name="Goss, William"  id="GW0113"/>
<auth:candidate name="Goforth, William"  id="GW0114"/>
    <auth:candidate name="Gavit, William"  id="GW0115"/>
    <auth:candidate name="Graham, William"  id="GW0116"/>
<auth:candidate name="Gass, William"  id="GW0118"/>
<auth:candidate name="Gault, William W."  id="GW0120"/>
    <auth:candidate name="Ganit, William W."  id="GW0122"/>
    <auth:candidate name="Gilliland, William"  id="GW0123"/>
<auth:candidate name="Godfrey, William"  id="GW0129"/>
<auth:candidate name="Gibbons, William"  id="GW0130"/>
<auth:candidate name="Gilliland, William"  id="GW0131"/>
<auth:candidate name="Gray, William"  id="GW0132"/>
<auth:candidate name="Graham, William"  id="GW0133"/>
<auth:candidate name="Gluss, William"  id="GW0134"/>
<auth:candidate name="Gibbons, William"  id="GW0137"/>
<auth:candidate name="Graham, William"  id="GW0141"/>
<auth:candidate name="Green, William, Jr."  id="GW0150"/>
<auth:candidate name="Gibson, William"  id="GW0152"/>
<auth:candidate name="Graham, W."  id="GW0153"/>
<auth:candidate name="Green, William"  id="GW0154"/>
<auth:candidate name="Graham, William"  id="GW0155"/>
<auth:candidate name="Graham, William"  id="GW0156"/>
<auth:candidate name="Grant, William"  id="GW0157"/>
<auth:candidate name="Garrigues, W., Sr."  id="GW0158"/>
<auth:candidate name="Geyer, William B."  id="GW0160"/>
<auth:candidate name="Greene, William"  id="GW0161"/>
<auth:candidate name="Gibbs, William C."  id="GW0163"/>
<auth:candidate name="Glover, Wilson"  id="GW0166"/>
<auth:candidate name="Galagly, William"  id="GW0167"/>
<auth:candidate name="Goodwyn, William"  id="GW0168"/>
<auth:candidate name="Garrett, William"  id="GW0170"/>
<auth:candidate name="Grayson, William J."  id="GW0171"/>
<auth:candidate name="Graham, William"  id="GW0172"/>
<auth:candidate name="Gaillard, William"  id="GW0174"/>
<auth:candidate name="Gore, William"  id="GW0175"/>
<auth:candidate name="Grice, William Henry"  id="GW0176"/>
<auth:candidate name="Grubb, William"  id="GW0177"/>
<auth:candidate name="Gist, William F."  id="GW0182"/>
<auth:candidate name="Griswold, William A."  id="GW0183"/>
<auth:candidate name="Grayson, William"  id="GW0185"/>
<auth:candidate name="Giles, William B."  id="GW0186"/>
<auth:candidate name="Gay, William"  id="GW0188"/>
<auth:candidate name="Graham, Walter"  id="GW0189"/>
<auth:candidate name="Gatewood, William"  id="GW0191"/>
<auth:candidate name="Gibson, William"  id="GW0203"/>
<auth:candidate name="Garnett, William"  id="GW0212"/>
<auth:candidate name="Graham, William"  id="GW0213"/>
<auth:candidate name="Goodrich, William C."  id="GW0216"/>
<auth:candidate name="Gordon, William"  id="GW0217"/>
<auth:candidate name="Gregory, William"  id="GW0219"/>
<auth:candidate name="Gilmour, William"  id="GW0220"/>
<auth:candidate name="Goodwyn, William B."  id="GW0221"/>
<auth:candidate name="Gordon, William F."  id="GW0223"/>
<auth:candidate name="Good, William"  id="GW0229"/>
<auth:candidate name="Graham, William A."  id="GW0231"/>
<auth:candidate name="Grubb, William F."  id="GW0232"/>
<auth:candidate name="Gates, Zadock"  id="GZ0000"/>
<auth:candidate name="Gemmil, Zachariah"  id="GZ0005"/>
</names-authority-list>
