<?xml version="1.0" encoding="UTF-8"?><names-authority-list xmlns:auth="http://dca.tufts.edu/aas/auth" xmlns:xref="http://dca/tufts.edu/aas/xref">

<auth:candidate name="Kennaird, Anthony"  id="KA0000"/>
    <auth:candidate name="Kingsbury, Andrew"  id="KA0001"/>
    <auth:candidate name="King, Andrew"  id="KA0002"/>
    <auth:candidate name="KcKin, A."  id="KA0003"/>
<auth:candidate name="Kershner, Andrew"  id="KA0018"/>
<auth:candidate name="Kilgour, Alexander"  id="KA0021"/>
<auth:candidate name="Kinkaid, Andrew"  id="KA0022"/>
<auth:candidate name="Kitchell, Aaron"  id="KA0023"/>
    <auth:candidate name="Kitchell, Abraham"  id="KA0027"/>
    <auth:candidate name="Kelly, Alexander"  id="KA0028"/>
<auth:candidate name="Kirkpatrick, A."  id="KA0031"/>
    <auth:candidate name="Kilpatrick, Alexander"  id="KA0034"/>
    <auth:candidate name="Keech, Alexander"  id="KA0035"/>
<auth:candidate name="Keasley, Anthony"  id="KA0037"/>
<auth:candidate name="Kerr, Aaron"  id="KA0044"/>
<auth:candidate name="Kellogg, Aaron"  id="KA0050"/>
<auth:candidate name="Keyser, Abraham"  id="KA0051"/>
<auth:candidate name="King, Alexander"  id="KA0055"/>
<auth:candidate name="Kirkpatrick, Adam"  id="KA0056"/>
<auth:candidate name="Kelley, Alfred"  id="KA0057"/>
<auth:candidate name="Kelker, Anthony"  id="KA0065"/>
<auth:candidate name="Kintzing, Abraham, Jr."  id="KA0066"/>
<auth:candidate name="Kennedy, Andrew"  id="KA0067"/>
<auth:candidate name="Keefer, Abraham"  id="KA0071"/>
<auth:candidate name="Kepner, Andrew"  id="KA0074"/>
<auth:candidate name="Keiser, Andrew"  id="KA0075"/>
<auth:candidate name="Kanter, Abraham"  id="KA0076"/>
<auth:candidate name="Kiel, Abraham"  id="KA0077"/>
<auth:candidate name="King, Adam"  id="KA0078"/>
<auth:candidate name="Klein, Adam"  id="KA0080"/>
<auth:candidate name="Ketteman, Andrew"  id="KA0083"/>
<auth:candidate name="Kerr, Aaron"  id="KA0084"/>
<auth:candidate name="Kuhn, Aug. J."  id="KA0085"/>
<auth:candidate name="Katerman, Andrew"  id="KA0086"/>
<auth:candidate name="Krauss, A."  id="KA0088"/>
<auth:candidate name="Kellogg, Azor"  id="KA0089"/>
<auth:candidate name="Keller, Adam"  id="KA0090"/>
<auth:candidate name="Kincaid, Alexander"  id="KA0091"/>
<auth:candidate name="Keeling, Adam"  id="KA0092"/>
<auth:candidate name="King, Alexander"  id="KA0097"/>
<auth:candidate name="Kidd, Andrew"  id="KA0100"/>
<auth:candidate name="Kugan, A. M."  id="KA0101"/>
<auth:candidate name="Knower, Benjamin"  id="KB0000"/>
<auth:candidate name="Kissam, Benjamin T."  id="KB0001"/>
<auth:candidate name="Kurtz, Benjamin"  id="KB0003"/>
<auth:candidate name="Kaufman, Benjamin"  id="KB0004"/>
<auth:candidate name="Kepner, Bernhard"  id="KB0006"/>
<auth:candidate name="Kepner, Bernard"  id="KB0010"/>
<auth:candidate name="King, Benedict"  id="KB0011"/>
<auth:candidate name="Kirby, Bennett"  id="KB0012"/>
<auth:candidate name="Kirk, Caleb"  id="KC0001"/>
<auth:candidate name="Kilgour, Charles J."  id="KC0002"/>
<auth:candidate name="King, C. Victor"  id="KC0007"/>
<auth:candidate name="Kinsey, Charles"  id="KC0008"/>
<auth:candidate name="Kane, Charles"  id="KC0015"/>
<auth:candidate name="Keep, Caleb"  id="KC0016"/>
<auth:candidate name="Kellogg, Charles"  id="KC0017"/>
<auth:candidate name="Klock, Christian"  id="KC0018"/>
<auth:candidate name="Kennon, Charles"  id="KC0022"/>
<auth:candidate name="King, Christian"  id="KC0024"/>
<auth:candidate name="Kreider, Conrad, Jr."  id="KC0026"/>
<auth:candidate name="King, Charles"  id="KC0027"/>
<auth:candidate name="Knight, Charles"  id="KC0028"/>
<auth:candidate name="Kavenaugh, Charles"  id="KC0029"/>
<auth:candidate name="Keith, Charles F."  id="KC0030"/>
<auth:candidate name="Knoulton, Calvin"  id="KC0033"/>
<auth:candidate name="King, Charles"  id="KC0034"/>
<auth:candidate name="Kimmey, Charles"  id="KC0036"/>
<auth:candidate name="Kinman, David"  id="KD0000"/>
<auth:candidate name="Ker, D. C."  id="KD0001"/>
<auth:candidate name="Kerr, David, Jr."  id="KD0003"/>
<auth:candidate name="Kidder, David"  id="KD0004"/>
<auth:candidate name="Kent, Daniel"  id="KD0011"/>
    <auth:candidate name="Kemp, David"  id="KD0012"/>
    <auth:candidate name="Ker, David C."  id="KD0013"/>
<auth:candidate name="Kilham, Daniel"  id="KD0021"/>
<auth:candidate name="Kellogg, Daniel"  id="KD0027"/>
<auth:candidate name="Kelsey, Daniel"  id="KD0029"/>
<auth:candidate name="Kissam, David"  id="KD0031"/>
<auth:candidate name="Kissam, Daniel"  id="KD0033"/>
<auth:candidate name="Kirtland, Dorrance"  id="KD0038"/>
<auth:candidate name="Knapp, David"  id="KD0039"/>
<auth:candidate name="Kerr, David"  id="KD0041"/>
<auth:candidate name="Kennedy, David"  id="KD0045"/>
<auth:candidate name="Kelley, David"  id="KD0048"/>
<auth:candidate name="Kain, Daniel"  id="KD0049"/>
<auth:candidate name="Kinnear, David"  id="KD0051"/>
<auth:candidate name="Kelley, Datus"  id="KD0052"/>
<auth:candidate name="Krause, David"  id="KD0054"/>
<auth:candidate name="Keifler, Dewald"  id="KD0055"/>
    <auth:candidate name="Kilgore, David"  id="KD0056"/>
    <auth:candidate name="Kain, D."  id="KD0057"/>
<auth:candidate name="Knight, Daniel"  id="KD0060"/>
<auth:candidate name="Kirby, David"  id="KD0061"/>
<auth:candidate name="Keller, Daniel"  id="KD0063"/>
<auth:candidate name="Kerper, Daniel"  id="KD0066"/>
<auth:candidate name="Knight, David M."  id="KD0068"/>
<auth:candidate name="King, David"  id="KD0069"/>
<auth:candidate name="Kibley, David"  id="KD0075"/>
<auth:candidate name="Kelly, David"  id="KD0076"/>
<auth:candidate name="Keller, Daniel"  id="KD0077"/>
<auth:candidate name="Kemble, Daniel"  id="KD0078"/>
<auth:candidate name="Keller, D. R."  id="KD0079"/>
<auth:candidate name="Kaigler, David"  id="KD0080"/>
<auth:candidate name="Kincheloe, Daniel"  id="KD0083"/>
<auth:candidate name="Kyle, Edward G."  id="KE0000"/>
    <auth:candidate name="Kirby, Ephraim"  id="KE0001"/>
    <auth:candidate name="Kintzel, Enoch"  id="KE0002"/>
    <auth:candidate name="Key, Edmond"  id="KE0003"/>
    <auth:candidate name="Kent, Emanuel"  id="KE0004"/>
<auth:candidate name="Kelleran, Edward"  id="KE0005"/>
<auth:candidate name="Kent, Ezra"  id="KE0007"/>
<auth:candidate name="Kane, Elias K."  id="KE0009"/>
<auth:candidate name="Kellogg, Elisha"  id="KE0010"/>
<auth:candidate name="Kindell, Ewell"  id="KE0023"/>
<auth:candidate name="Kenerly, Everton"  id="KE0024"/>
<auth:candidate name="King, Edward"  id="KE0026"/>
<auth:candidate name="Kean, Edward"  id="KE0027"/>
<auth:candidate name="Kean, Ebenezer"  id="KE0028"/>
<auth:candidate name="Kirk, Elisha"  id="KE0029"/>
<auth:candidate name="Kitchell, Ezekiel"  id="KE0031"/>
<auth:candidate name="King, Elisha W."  id="KE0032"/>
<auth:candidate name="Kibby, Ephraim"  id="KE0033"/>
<auth:candidate name="Kirkpatrick, Elijah"  id="KE0034"/>
<auth:candidate name="King, Edward"  id="KE0035"/>
<auth:candidate name="Kellogg, Eliphalet"  id="KE0036"/>
<auth:candidate name="Killam, Ephraim"  id="KE0037"/>
<auth:candidate name="Kinsey, Edmund"  id="KE0038"/>
<auth:candidate name="Kitchin, Eli"  id="KE0042"/>
<auth:candidate name="Klein, Elisha"  id="KE0043"/>
<auth:candidate name="Kelly, Ebenezer S."  id="KE0044"/>
<auth:candidate name="King, Edward"  id="KE0045"/>
<auth:candidate name="King, Edward"  id="KE0046"/>
<auth:candidate name="Kennedy, E."  id="KE0049"/>
<auth:candidate name="Keyes, Elias"  id="KE0050"/>
<auth:candidate name="Kenzey, Ezra"  id="KE0055"/>
<auth:candidate name="Kirkpatrick, Francis"  id="KF0001"/>
<auth:candidate name="Kilpatrick, Francis"  id="KF0003"/>
<auth:candidate name="Kendrick, Francis"  id="KF0004"/>
<auth:candidate name="Keihl, Fred"  id="KF0005"/>
<auth:candidate name="Kendig, Francis"  id="KF0006"/>
<auth:candidate name="Kinloch, Francis"  id="KF0008"/>
<auth:candidate name="Kennedy, Francis L."  id="KF0009"/>
    <auth:candidate name="Kinkade, George W."  id="KG0001"/>
    <auth:candidate name="Kenyon, Gardner"  id="KG0002"/>
<auth:candidate name="Knight, George B."  id="KG0003"/>
<auth:candidate name="Keeports, George P."  id="KG0004"/>
<auth:candidate name="Kennerly, George H."  id="KG0008"/>
<auth:candidate name="Kirkland, George W."  id="KG0009"/>
<auth:candidate name="Kesling, George"  id="KG0010"/>
<auth:candidate name="Knight, Giles"  id="KG0011"/>
<auth:candidate name="Koover, George"  id="KG0012"/>
<auth:candidate name="Keppele, George"  id="KG0014"/>
<auth:candidate name="Kemp, George"  id="KG0016"/>
<auth:candidate name="Kimmel, G."  id="KG0017"/>
<auth:candidate name="Keppele, George H."  id="KG0018"/>
<auth:candidate name="Knaus, Gottfried"  id="KG0019"/>
<auth:candidate name="Kline, George"  id="KG0020"/>
<auth:candidate name="Karl, George"  id="KG0021"/>
<auth:candidate name="Kerr, George"  id="KG0022"/>
<auth:candidate name="Keller, George"  id="KG0024"/>
<auth:candidate name="Kremer, George"  id="KG0025"/>
<auth:candidate name="Klotz, George"  id="KG0028"/>
<auth:candidate name="Kennard, George"  id="KG0029"/>
<auth:candidate name="Kinzle, Gottleib"  id="KG0030"/>
<auth:candidate name="Kemmel, George"  id="KG0032"/>
    <auth:candidate name="Kline, George"  id="KG0034"/>
    <auth:candidate name="Keyes, George"  id="KG0035"/>
<auth:candidate name="Knorr, George"  id="KG0036"/>
<auth:candidate name="Keck, George"  id="KG0037"/>
<auth:candidate name="Kerr, George"  id="KG0045"/>
<auth:candidate name="Kiger, George W."  id="KG0046"/>
<auth:candidate name="King, George W."  id="KG0047"/>
<auth:candidate name="King, Henry"  id="KH0000"/>
<auth:candidate name="Kemp, Henry"  id="KH0002"/>
<auth:candidate name="Kuhn, Henry"  id="KH0004"/>
<auth:candidate name="Keene, Henry"  id="KH0015"/>
<auth:candidate name="Key, Henry G.S."  id="KH0019"/>
    <auth:candidate name="Kemp, Henry"  id="KH0021"/>
    <auth:candidate name="King, Hezekiah"  id="KH0024"/>
<auth:candidate name="Knox, Henry"  id="KH0025"/>
<auth:candidate name="Kingsland, Henry W."  id="KH0027"/>
<auth:candidate name="Kennedy, Henry"  id="KH0028"/>
<auth:candidate name="Knickerbocker, Herman"  id="KH0029"/>
<auth:candidate name="Kyle, Hamilton"  id="KH0033"/>
<auth:candidate name="Kooker, H."  id="KH0036"/>
<auth:candidate name="Kammerer, Henry"  id="KH0037"/>
<auth:candidate name="Kuhn, Henry"  id="KH0040"/>
<auth:candidate name="Kregor, Henry"  id="KH0041"/>
<auth:candidate name="Kennedy, Henry"  id="KH0042"/>
<auth:candidate name="Krum, Henry"  id="KH0045"/>
<auth:candidate name="Kerr, Henry"  id="KH0046"/>
<auth:candidate name="Kelker, Henry"  id="KH0047"/>
<auth:candidate name="Kinter, Henry"  id="KH0048"/>
<auth:candidate name="Keller, Henry"  id="KH0049"/>
<auth:candidate name="Knipe, Henry W."  id="KH0050"/>
<auth:candidate name="Kidd, Henry"  id="KH0051"/>
<auth:candidate name="Kilgore, Hiram"  id="KH0052"/>
<auth:candidate name="Kip, Isaac"  id="KI0001"/>
<auth:candidate name="Kellogg, Isaac"  id="KI0006"/>
<auth:candidate name="Kimbell, Isachar"  id="KI0007"/>
<auth:candidate name="Kirk, Isaac"  id="KI0008"/>
<auth:candidate name="Kirksey, Isaiah"  id="KI0012"/>
<auth:candidate name="Key, Job"  id="KJ0000"/>
<auth:candidate name="Kuykendall, James M."  id="KJ0001"/>
<auth:candidate name="King, Joshua"  id="KJ0002"/>
<auth:candidate name="King, John E."  id="KJ0003"/>
    <auth:candidate name="Kidder, Josiah"  id="KJ0004"/>
    <auth:candidate name="Kean, John"  id="KJ0007"/>
<auth:candidate name="Kimmey, James"  id="KJ0008"/>
<auth:candidate name="King, John"  id="KJ0009"/>
<auth:candidate name="Kidd, James H."  id="KJ0010"/>
<auth:candidate name="Kell, John"  id="KJ0011"/>
<auth:candidate name="Kitchell, Joseph"  id="KJ0012"/>
<auth:candidate name="Kirkpatrick, James"  id="KJ0015"/>
<auth:candidate name="Kelley, James"  id="KJ0016"/>
<auth:candidate name="Kellogg, John C."  id="KJ0017"/>
<auth:candidate name="Kuykendall, Joseph"  id="KJ0018"/>
    <auth:candidate name="Kelsey, Joseph"  id="KJ0019"/>
    <auth:candidate name="Keith, J.S."  id="KJ0020"/>
<auth:candidate name="Kintner, Jacob"  id="KJ0021"/>
<auth:candidate name="Kirtley, Jeremiah"  id="KJ0022"/>
<auth:candidate name="King, James"  id="KJ0023"/>
<auth:candidate name="Knight, Joseph W."  id="KJ0024"/>
<auth:candidate name="Keiser, Jacob"  id="KJ0026"/>
<auth:candidate name="Kenny, John"  id="KJ0027"/>
<auth:candidate name="Kelty, John"  id="KJ0028"/>
<auth:candidate name="Keene, John"  id="KJ0029"/>
<auth:candidate name="Kerr, John Leeds"  id="KJ0030"/>
<auth:candidate name="Kean, John, Jr."  id="KJ0033"/>
<auth:candidate name="Kent, Joseph"  id="KJ0034"/>
<auth:candidate name="Keller, Joseph C."  id="KJ0037"/>
<auth:candidate name="Kemp, Joseph"  id="KJ0043"/>
<auth:candidate name="Kimberly, J."  id="KJ0044"/>
<auth:candidate name="Kessinger, Jacob"  id="KJ0045"/>
<auth:candidate name="Keane, James"  id="KJ0046"/>
<auth:candidate name="King, John"  id="KJ0048"/>
<auth:candidate name="Kennedy, John P."  id="KJ0050"/>
    <auth:candidate name="Kilgour, John A. T."  id="KJ0051"/>
    <auth:candidate name="Kelsey, John"  id="KJ0052"/>
<auth:candidate name="Knighton, John"  id="KJ0062"/>
<auth:candidate name="Kettle, Joseph"  id="KJ0065"/>
<auth:candidate name="Kendall, Jonas"  id="KJ0066"/>
<auth:candidate name="Kneeland, John"  id="KJ0072"/>
<auth:candidate name="Kendall, Joseph G."  id="KJ0074"/>
<auth:candidate name="Kennedy, Joseph P."  id="KJ0075"/>
<auth:candidate name="Keesacker, John"  id="KJ0076"/>
<auth:candidate name="Kennerly, James"  id="KJ0077"/>
<auth:candidate name="Kingsbury, James"  id="KJ0078"/>
<auth:candidate name="Kinsey, James"  id="KJ0079"/>
<auth:candidate name="King, Joseph"  id="KJ0082"/>
<auth:candidate name="Kerr, Jacob"  id="KJ0083"/>
<auth:candidate name="King, John A."  id="KJ0085"/>
<auth:candidate name="Kenney, John, Jr."  id="KJ0088"/>
<auth:candidate name="Kline, Jacob, Jr."  id="KJ0089"/>
<auth:candidate name="Kille, Joseph"  id="KJ0091"/>
<auth:candidate name="Kortz, John"  id="KJ0095"/>
<auth:candidate name="Kent, James"  id="KJ0097"/>
<auth:candidate name="Kidney, Jacob"  id="KJ0099"/>
<auth:candidate name="Klock, Jacob I."  id="KJ0101"/>
<auth:candidate name="Knickerbacker, John, Jr."  id="KJ0102"/>
<auth:candidate name="Knox, John"  id="KJ0103"/>
<auth:candidate name="Kellogg, Jason"  id="KJ0104"/>
<auth:candidate name="Kirtland, John"  id="KJ0105"/>
<auth:candidate name="Kirkland, Joseph"  id="KJ0109"/>
<auth:candidate name="Knox, James"  id="KJ0110"/>
<auth:candidate name="Ketcham, James"  id="KJ0112"/>
<auth:candidate name="Keeler, Joel"  id="KJ0114"/>
<auth:candidate name="King, John A."  id="KJ0116"/>
<auth:candidate name="Kimmey, John"  id="KJ0117"/>
<auth:candidate name="Keenan, James"  id="KJ0122"/>
<auth:candidate name="Koen, John"  id="KJ0127"/>
<auth:candidate name="Kendrick, John"  id="KJ0128"/>
<auth:candidate name="Kerr, Joseph"  id="KJ0130"/>
<auth:candidate name="Kirtland, Jurhard"  id="KJ0133"/>
<auth:candidate name="Kain, James"  id="KJ0134"/>
<auth:candidate name="Kain, John"  id="KJ0135"/>
<auth:candidate name="Kitchell, Joseph"  id="KJ0136"/>
<auth:candidate name="Kilbourn, James"  id="KJ0144"/>
<auth:candidate name="Kibby, John C."  id="KJ0145"/>
<auth:candidate name="King, John"  id="KJ0146"/>
<auth:candidate name="Knox, John"  id="KJ0156"/>
<auth:candidate name="Kerr, John"  id="KJ0157"/>
<auth:candidate name="Kingsbury, James"  id="KJ0160"/>
<auth:candidate name="Kilbourn, John"  id="KJ0161"/>
<auth:candidate name="Kooker, James"  id="KJ0166"/>
<auth:candidate name="Kennedy, Joel"  id="KJ0168"/>
<auth:candidate name="King, John"  id="KJ0169"/>
<auth:candidate name="Kittera, John W."  id="KJ0172"/>
<auth:candidate name="Kelly, James"  id="KJ0173"/>
<auth:candidate name="Kean, John"  id="KJ0174"/>
<auth:candidate name="Ker, Joseph"  id="KJ0175"/>
<auth:candidate name="Kyle, Joseph"  id="KJ0178"/>
<auth:candidate name="Ker, J."  id="KJ0181"/>
<auth:candidate name="Kein, John"  id="KJ0182"/>
<auth:candidate name="Kuntz, John"  id="KJ0184"/>
    <auth:candidate name="Kirpatrick, John"  id="KJ0186"/>
    <auth:candidate name="Kerr, James"  id="KJ0187"/>
<auth:candidate name="Kinnard, John"  id="KJ0189"/>
<auth:candidate name="Kerr, James"  id="KJ0190"/>
<auth:candidate name="Kessler, John"  id="KJ0191"/>
<auth:candidate name="Krum, John"  id="KJ0192"/>
<auth:candidate name="Keen, John"  id="KJ0195"/>
<auth:candidate name="Knox, James"  id="KJ0196"/>
<auth:candidate name="Kelton, James"  id="KJ0198"/>
<auth:candidate name="Keen, John"  id="KJ0201"/>
<auth:candidate name="Kling, John"  id="KJ0202"/>
<auth:candidate name="Kimmel, Jacob"  id="KJ0204"/>
<auth:candidate name="Kechmle, John"  id="KJ0205"/>
<auth:candidate name="Klein, Jacob"  id="KJ0207"/>
<auth:candidate name="Kerr, John"  id="KJ0208"/>
<auth:candidate name="Kinney, Joseph"  id="KJ0209"/>
<auth:candidate name="Kerwin, James"  id="KJ0212"/>
<auth:candidate name="Keller, John"  id="KJ0213"/>
<auth:candidate name="Kenton, John"  id="KJ0214"/>
<auth:candidate name="Kinkead, John"  id="KJ0215"/>
<auth:candidate name="Kelly, John"  id="KJ0219"/>
<auth:candidate name="Kinsey, John"  id="KJ0220"/>
<auth:candidate name="Keiper, John"  id="KJ0224"/>
<auth:candidate name="Kennedy, James"  id="KJ0226"/>
<auth:candidate name="Kelso, John"  id="KJ0236"/>
<auth:candidate name="Kraft, Jacob"  id="KJ0237"/>
<auth:candidate name="Keighler, Jacob"  id="KJ0238"/>
<auth:candidate name="Ker, James"  id="KJ0239"/>
<auth:candidate name="Kelly, James"  id="KJ0243"/>
<auth:candidate name="King, Jonathan"  id="KJ0244"/>
<auth:candidate name="Kirkpatrick, John"  id="KJ0247"/>
<auth:candidate name="Kimmel, John"  id="KJ0248"/>
<auth:candidate name="Kauffman, Jacob"  id="KJ0250"/>
<auth:candidate name="Krebs, Jacob"  id="KJ0258"/>
<auth:candidate name="Kryder, John"  id="KJ0259"/>
<auth:candidate name="Kohler, John"  id="KJ0260"/>
<auth:candidate name="Keme, John"  id="KJ0266"/>
<auth:candidate name="Kelker, John"  id="KJ0267"/>
<auth:candidate name="King, John"  id="KJ0270"/>
<auth:candidate name="King, John"  id="KJ0271"/>
<auth:candidate name="Keigley, Jacob"  id="KJ0273"/>
<auth:candidate name="Kelly, James M."  id="KJ0277"/>
<auth:candidate name="Keely, Jacob"  id="KJ0278"/>
<auth:candidate name="Kingsbury, Joseph"  id="KJ0279"/>
<auth:candidate name="Kryder, Jacob"  id="KJ0280"/>
<auth:candidate name="Krauss, John J."  id="KJ0281"/>
<auth:candidate name="Kyme, John"  id="KJ0282"/>
<auth:candidate name="Kerr, Joseph"  id="KJ0283"/>
<auth:candidate name="Kauffeet, John"  id="KJ0284"/>
<auth:candidate name="Kintner, Jacob"  id="KJ0287"/>
<auth:candidate name="Kooker, Jacob"  id="KJ0291"/>
<auth:candidate name="Keith, John"  id="KJ0294"/>
<auth:candidate name="Keepers, John"  id="KJ0295"/>
<auth:candidate name="Kake, John"  id="KJ0303"/>
<auth:candidate name="Kinzer, J."  id="KJ0306"/>
<auth:candidate name="Kepner, Joseph"  id="KJ0307"/>
<auth:candidate name="Keaton, James"  id="KJ0309"/>
<auth:candidate name="Kerlin, John"  id="KJ0310"/>
<auth:candidate name="Kennedy, James"  id="KJ0312"/>
<auth:candidate name="Keys, James"  id="KJ0313"/>
<auth:candidate name="Klingensmith, John"  id="KJ0315"/>
<auth:candidate name="Kuhns, John"  id="KJ0316"/>
<auth:candidate name="Kepner, John"  id="KJ0317"/>
<auth:candidate name="Kohler, Jacob"  id="KJ0318"/>
<auth:candidate name="Kuhns, John"  id="KJ0321"/>
<auth:candidate name="Keating, John, Jr."  id="KJ0322"/>
<auth:candidate name="Knect, John"  id="KJ0338"/>
<auth:candidate name="Kistler, Jacob"  id="KJ0341"/>
<auth:candidate name="Kurtz, John"  id="KJ0342"/>
<auth:candidate name="King, John"  id="KJ0343"/>
<auth:candidate name="Knight, Jonathan T."  id="KJ0347"/>
<auth:candidate name="King, John"  id="KJ0349"/>
<auth:candidate name="Keller, Jacob"  id="KJ0353"/>
<auth:candidate name="Keller, John"  id="KJ0354"/>
<auth:candidate name="Kane, John K."  id="KJ0355"/>
<auth:candidate name="Kern, Jacob"  id="KJ0356"/>
<auth:candidate name="Kenderdine, Jacob"  id="KJ0359"/>
<auth:candidate name="King, John"  id="KJ0360"/>
<auth:candidate name="Keeton, James"  id="KJ0371"/>
<auth:candidate name="Kershaw, John"  id="KJ0375"/>
<auth:candidate name="Kennedy, James"  id="KJ0376"/>
<auth:candidate name="Kincaid, James"  id="KJ0377"/>
<auth:candidate name="Kirkland, James"  id="KJ0378"/>
<auth:candidate name="Koger, Joseph, Sr."  id="KJ0379"/>
<auth:candidate name="Keith, John"  id="KJ0380"/>
<auth:candidate name="Kicklighter, John"  id="KJ0384"/>
<auth:candidate name="Kennedy, James"  id="KJ0385"/>
<auth:candidate name="Kilgore, James"  id="KJ0386"/>
<auth:candidate name="Kirkland, Joseph"  id="KJ0388"/>
<auth:candidate name="Kinsler, J."  id="KJ0399"/>
<auth:candidate name="Keith, John A."  id="KJ0400"/>
<auth:candidate name="Kennerly, James"  id="KJ0401"/>
<auth:candidate name="Koger, Joseph, Jr."  id="KJ0402"/>
<auth:candidate name="Kennedy, John"  id="KJ0403"/>
<auth:candidate name="Kennedy, John"  id="KJ0404"/>
<auth:candidate name="Kearnes, John"  id="KJ0405"/>
<auth:candidate name="Keeper, Jacob"  id="KJ0406"/>
<auth:candidate name="Kelso, John"  id="KJ0407"/>
<auth:candidate name="Keene, John"  id="KJ0408"/>
<auth:candidate name="Kittle, Jacob"  id="KJ0409"/>
<auth:candidate name="Kemp, James"  id="KJ0410"/>
<auth:candidate name="Kinney, Jacob"  id="KJ0411"/>
<auth:candidate name="Kenney, Jacob"  id="KJ0413"/>
    <auth:candidate name="Kerr, John W."  id="KJ0414"/>
    <auth:candidate name="Kerns, John"  id="KJ0415"/>
<auth:candidate name="Kenney, John"  id="KJ0417"/>
<auth:candidate name="Knight, John H."  id="KJ0418"/>
<auth:candidate name="Koontz, John"  id="KJ0420"/>
<auth:candidate name="Keyser, Joseph D."  id="KJ0421"/>
<auth:candidate name="Kincaid, James"  id="KJ0424"/>
<auth:candidate name="Killen, John"  id="KJ0425"/>
    <auth:candidate name="King, Joseph"  id="KJ0426"/>
    <auth:candidate name="Kogler, John"  id="KJ0427"/>
    <auth:candidate name="Kerr, Jacob"  id="KJ4566"/>
    <auth:candidate name="Kilgour, Josian"  id="KJ9661"/>
<auth:candidate name="Kinchelo, Lewis"  id="KL0000"/>
<auth:candidate name="King, Levin R."  id="KL0006"/>
<auth:candidate name="Klipstine, Lewis F."  id="KL0007"/>
<auth:candidate name="Kidd, Labbeus"  id="KL0010"/>
<auth:candidate name="Kinney, Lewis"  id="KL0011"/>
<auth:candidate name="Kiehmle, Leonard"  id="KL0015"/>
<auth:candidate name="Keller, Leonard"  id="KL0018"/>
<auth:candidate name="Keating, Lambert"  id="KL0019"/>
<auth:candidate name="Kennedy, Lionel H."  id="KL0020"/>
<auth:candidate name="Kershaw, Mitchell"  id="KM0000"/>
<auth:candidate name="Kershner, Martin"  id="KM0001"/>
<auth:candidate name="Klinefelter, Michael"  id="KM0010"/>
<auth:candidate name="Kinsley, Martin"  id="KM0013"/>
<auth:candidate name="Kent, Moss"  id="KM0021"/>
<auth:candidate name="Keep, Martin"  id="KM0032"/>
<auth:candidate name="Knight, Moses"  id="KM0033"/>
<auth:candidate name="Kopple, Michael"  id="KM0035"/>
<auth:candidate name="Keppele, Michael"  id="KM0036"/>
<auth:candidate name="Kapp, Michael"  id="KM0037"/>
<auth:candidate name="Kimmel, Michael"  id="KM0038"/>
<auth:candidate name="Kerlin, Mathias"  id="KM0040"/>
<auth:candidate name="Klineberger, Michael"  id="KM0042"/>
<auth:candidate name="Klinefelter, Michael"  id="KM0044"/>
<auth:candidate name="Kinkead, Maxwell"  id="KM0047"/>
<auth:candidate name="Kohr, Michael"  id="KM0052"/>
<auth:candidate name="Krehl, Michael"  id="KM0053"/>
<auth:candidate name="Kassan, Myron"  id="KM0054"/>
<auth:candidate name="Kelly, Michael"  id="KM0056"/>
<auth:candidate name="Keith, Matthew I."  id="KM0057"/>
<auth:candidate name="King, Mitchell"  id="KM0062"/>
<auth:candidate name="King, Michael"  id="KM0063"/>
<auth:candidate name="King, Miles, Jr."  id="KM0064"/>
<auth:candidate name="King, Michael"  id="KM0065"/>
<auth:candidate name="Kemper, Nathan"  id="KN0001"/>
<auth:candidate name="King, Nehemiah"  id="KN0002"/>
<auth:candidate name="Kidder, Nathaniel"  id="KN0003"/>
<auth:candidate name="Kimball, Nathan"  id="KN0004"/>
    <auth:candidate name="Kelly, Nathan"  id="KN0005"/>
    <auth:candidate name="King, N."  id="KN0006"/>
<auth:candidate name="King, Nehemiah"  id="KN0011"/>
<auth:candidate name="Kern, Nicholas"  id="KN0014"/>
<auth:candidate name="Kritzer, Nicholas"  id="KN0015"/>
<auth:candidate name="Knight, Nehemiah R."  id="KN0016"/>
<auth:candidate name="Kinsman, Nathan"  id="KN0017"/>
<auth:candidate name="Knott, Osborn"  id="KO0000"/>
<auth:candidate name="Ker, Oliver L."  id="KO0001"/>
    <auth:candidate name="Key, Philip Barton"  id="KP0001"/>
    <auth:candidate name="Kaighn, Peleg"  id="KP0002"/>
<auth:candidate name="Keenan, Peter"  id="KP0011"/>
<auth:candidate name="Knott, Peter"  id="KP0012"/>
<auth:candidate name="Keyes, Perley"  id="KP0018"/>
<auth:candidate name="King, Perkins"  id="KP0020"/>
    <auth:candidate name="Kitchel, Piercy"  id="KP0022"/>
    <auth:candidate name="Kimmel, Peter"  id="KP0023"/>
<auth:candidate name="Kerschner, Peter"  id="KP0024"/>
<auth:candidate name="Kinsey, Philip"  id="KP0025"/>
<auth:candidate name="Kneply, Peter"  id="KP0026"/>
<auth:candidate name="King, P."  id="KP0027"/>
<auth:candidate name="Kimmel, Peter"  id="KP0028"/>
<auth:candidate name="Kline, Peter, Sr."  id="KP0029"/>
<auth:candidate name="Kuk, Peter"  id="KP0030"/>
<auth:candidate name="Kissinger, Philip"  id="KP0031"/>
<auth:candidate name="Knab, Peter"  id="KP0032"/>
<auth:candidate name="Kegley, Philip"  id="KP0033"/>
<auth:candidate name="Kindal, Peter"  id="KP0034"/>
<auth:candidate name="Koontz, Philip"  id="KP0035"/>
<auth:candidate name="King, Robert J."  id="KR0000"/>
<auth:candidate name="Keene, Richard"  id="KR0001"/>
<auth:candidate name="Kerr, Richard"  id="KR0002"/>
<auth:candidate name="King, Rufus"  id="KR0003"/>
<auth:candidate name="Kendall, Robert R."  id="KR0007"/>
<auth:candidate name="Kelker, Rudolph"  id="KR0008"/>
<auth:candidate name="Kirk, Roger"  id="KR0009"/>
<auth:candidate name="Keel, Robert"  id="KR0010"/>
<auth:candidate name="Keyes, Richard"  id="KR0014"/>
<auth:candidate name="King, Robert"  id="KR0020"/>
<auth:candidate name="Knox, Robert"  id="KR0022"/>
<auth:candidate name="Keans, Robert"  id="KR0023"/>
<auth:candidate name="Kennedy, Robert"  id="KR0024"/>
<auth:candidate name="Kennon, Richard"  id="KR0025"/>
<auth:candidate name="Kelso, Robert"  id="KR0027"/>
<auth:candidate name="Kimmel, Singleton H."  id="KS0001"/>
<auth:candidate name="Keene, Samuel"  id="KS0003"/>
<auth:candidate name="Keene, Samuel B."  id="KS0004"/>
<auth:candidate name="Kerwin, Solomon"  id="KS0006"/>
<auth:candidate name="Kerr, Samuel"  id="KS0008"/>
<auth:candidate name="Kinnard, Samuel G."  id="KS0009"/>
<auth:candidate name="Kingsbury, Sanford"  id="KS0010"/>
<auth:candidate name="Kendall, Samuel"  id="KS0011"/>
<auth:candidate name="King, Samuel B."  id="KS0012"/>
<auth:candidate name="Knap, Samuel L."  id="KS0013"/>
<auth:candidate name="Kollack, Sheppard"  id="KS0015"/>
<auth:candidate name="Kille, Samuel"  id="KS0017"/>
<auth:candidate name="King, Samuel, Jr."  id="KS0019"/>
<auth:candidate name="King, Solomon"  id="KS0020"/>
<auth:candidate name="Knox, Samuel"  id="KS0021"/>
<auth:candidate name="Kanady, Samuel C."  id="KS0022"/>
<auth:candidate name="Kinnamon, S."  id="KS0023"/>
<auth:candidate name="King, Samuel"  id="KS0024"/>
<auth:candidate name="Kratsek, Samuel"  id="KS0025"/>
<auth:candidate name="Kyle, Samuel"  id="KS0027"/>
<auth:candidate name="Kilgore, Samuel M."  id="KS0030"/>
<auth:candidate name="King, Samuel"  id="KS0033"/>
<auth:candidate name="Kerr, Samuel"  id="KS0034"/>
<auth:candidate name="Kellogg, Silas"  id="KS0035"/>
<auth:candidate name="Keehmle, Samuel"  id="KS0036"/>
<auth:candidate name="Kinney, Simon"  id="KS0037"/>
<auth:candidate name="Keller, Samuel"  id="KS0041"/>
<auth:candidate name="Knight, Samuel"  id="KS0042"/>
<auth:candidate name="Kercheval, Samuel"  id="KS0046"/>
<auth:candidate name="Kean, Samuel"  id="KS0047"/>
    <auth:candidate name="Kollock, Simon"  id="KS0048"/>
    <auth:candidate name="Kennedy, Samuel"  id="KS4444"/>
<auth:candidate name="Kean, Thomas"  id="KT0000"/>
<auth:candidate name="King, Thomas"  id="KT0001"/>
<auth:candidate name="Kenan, Thomas H."  id="KT0002"/>
<auth:candidate name="Kennedy, Thomas"  id="KT0003"/>
<auth:candidate name="Kell, Thomas"  id="KT0004"/>
<auth:candidate name="Kelly, Thomas"  id="KT0005"/>
    <auth:candidate name="Kennedy, Thomas"  id="KT0014"/>
    <auth:candidate name="King, Thomas"  id="KT0015"/>
<auth:candidate name="Kemp, Thomas"  id="KT0019"/>
<auth:candidate name="Kent, Thomas"  id="KT0023"/>
<auth:candidate name="Keller, Thomas"  id="KT0026"/>
    <auth:candidate name="Kelso, Thomas"  id="KT0027"/>
    <auth:candidate name="Kennedy, Thomas"  id="KT0028"/>
<auth:candidate name="Kittridge, Thomas"  id="KT0032"/>
<auth:candidate name="Kickman, Thomas"  id="KT0044"/>
<auth:candidate name="Kennedy, Thomas"  id="KT0045"/>
<auth:candidate name="Kinney, Thomas T."  id="KT0046"/>
<auth:candidate name="Kenan, Thomas"  id="KT0049"/>
<auth:candidate name="Kine, Thomas"  id="KT0053"/>
<auth:candidate name="Kirker, Thomas"  id="KT0055"/>
<auth:candidate name="Kinkey, Tom"  id="KT0057"/>
<auth:candidate name="Kain, Thomas"  id="KT0059"/>
<auth:candidate name="Kilpatrick, Thomas"  id="KT0069"/>
<auth:candidate name="Kirkpatrick, Thomas B."  id="KT0070"/>
<auth:candidate name="King, Thomas"  id="KT0071"/>
<auth:candidate name="Kerr, Thomas"  id="KT0073"/>
<auth:candidate name="Kennedy, Thomas"  id="KT0074"/>
    <auth:candidate name="Kiehl, Theodorus"  id="KT0086"/>
    <auth:candidate name="Kirkpatrick, Thomas"  id="KT0087"/>
    <auth:candidate name="Kingston, Thomas"  id="KT0088"/>
    <auth:candidate name="Kennedy, Thomas"  id="KT0089"/>
<auth:candidate name="Kennedy, Thomas K."  id="KT0090"/>
<auth:candidate name="Kittera, Thomas"  id="KT0091"/>
    <auth:candidate name="King, Thomas"  id="KT0092"/>
    <auth:candidate name="Kennedy, Thomas"  id="KT0093"/>
<auth:candidate name="Kennedy, Thomas G."  id="KT0095"/>
<auth:candidate name="Kreider, Tobias"  id="KT0096"/>
<auth:candidate name="Kirk, Timothy"  id="KT0099"/>
<auth:candidate name="Ker, Thomas"  id="KT0103"/>
<auth:candidate name="Knight, Tristram D."  id="KT0104"/>
<auth:candidate name="Kempe, Thomas"  id="KT0106"/>
<auth:candidate name="Kirk, Thomas"  id="KT0108"/>
    <auth:candidate name="Kimball, Tucker"  id="KT0109"/>
    <auth:candidate name="Kirtland, Turband"  id="KT0110"/>
<auth:candidate name="Keener, Ulrich"  id="KU0000"/>
<auth:candidate name="Kleeck, Van"  id="KV0000"/>
    <auth:candidate name="Keffer, Valentine"  id="KV0001"/>
    <auth:candidate name="Keene, Vachol"  id="KV0002"/>
<auth:candidate name="King, William R."  id="KW0001"/>
<auth:candidate name="Kelly, William"  id="KW0004"/>
<auth:candidate name="Kadd, William"  id="KW0005"/>
<auth:candidate name="Kennedy, William"  id="KW0006"/>
<auth:candidate name="Kelly, William F."  id="KW0007"/>
<auth:candidate name="Kinney, William"  id="KW0008"/>
<auth:candidate name="Kitchell, Wickliff"  id="KW0009"/>
<auth:candidate name="Kinkade, William"  id="KW0010"/>
<auth:candidate name="Kelly, W.B."  id="KW0011"/>
    <auth:candidate name="Kendall, William"  id="KW0012"/>
    <auth:candidate name="Kolb, William"  id="KW0013"/>
<auth:candidate name="Kerley, William"  id="KW0017"/>
<auth:candidate name="Kelby, William"  id="KW0019"/>
<auth:candidate name="Keene, William B."  id="KW0020"/>
<auth:candidate name="Kilgour, William"  id="KW0022"/>
<auth:candidate name="Kilty, William"  id="KW0023"/>
<auth:candidate name="Knight, William"  id="KW0024"/>
<auth:candidate name="Kreps, William"  id="KW0030"/>
<auth:candidate name="King, William"  id="KW0033"/>
<auth:candidate name="Kent, William A."  id="KW0046"/>
<auth:candidate name="Kennedy, William"  id="KW0048"/>
<auth:candidate name="Kirkpatrick, William"  id="KW0057"/>
<auth:candidate name="Kennedy, William"  id="KW0059"/>
<auth:candidate name="King, William R."  id="KW0063"/>
<auth:candidate name="Kelly, William O."  id="KW0070"/>
<auth:candidate name="Keys, William"  id="KW0072"/>
<auth:candidate name="Kerr, William"  id="KW0073"/>
<auth:candidate name="Kilborn, William"  id="KW0074"/>
<auth:candidate name="Kerr, William"  id="KW0075"/>
<auth:candidate name="Kuhn, William"  id="KW0076"/>
<auth:candidate name="Koch, William"  id="KW0080"/>
<auth:candidate name="Kerr, William"  id="KW0081"/>
<auth:candidate name="Kincaid, William"  id="KW0082"/>
<auth:candidate name="Knott, Wilson"  id="KW0083"/>
<auth:candidate name="Kennear, William"  id="KW0084"/>
    <auth:candidate name="Kitchen, William"  id="KW0085"/>
    <auth:candidate name="King, William"  id="KW0086"/>
<auth:candidate name="King, W."  id="KW0087"/>
<auth:candidate name="Kekler, William"  id="KW0088"/>
<auth:candidate name="Knight, William M."  id="KW0089"/>
<auth:candidate name="Keefer, William"  id="KW0090"/>
<auth:candidate name="Kennedy, William"  id="KW0091"/>
<auth:candidate name="Kirk, William J."  id="KW0092"/>
<auth:candidate name="Kelly, William"  id="KW0093"/>
<auth:candidate name="Kelly, William"  id="KW0094"/>
<auth:candidate name="Kirk, William"  id="KW0095"/>
<auth:candidate name="King, William"  id="KW0097"/>
    <auth:candidate name="Killen, William"  id="KW0098"/>
    <auth:candidate name="Kingsland, William"  id="KW2233"/>
<auth:candidate name="Kuhn, Zebulon"  id="KZ0000"/>
<auth:candidate name="Kimberly, Zenas"  id="KZ0001"/>
<auth:candidate name="Kirkland, Zachariah"  id="KZ0002"/>
<auth:candidate name="Kirkland, Zachriah"  id="KZ0004"/>
</names-authority-list>	