<?xml version="1.0" encoding="UTF-8"?> 
<names-authority-list xmlns:auth="http://dca.tufts.edu/aas/auth" xmlns:xref="http://dca/tufts.edu/aas/xref">

    <auth:candidate name="Learned, Amasa"  id="LA0001"/>
    <auth:candidate name="Lusk, Andrew M."  id="LA0002"/>
<auth:candidate name="Long, Armwell"  id="LA0005"/>
<auth:candidate name="Locke, Abner"  id="LA0009"/>
<auth:candidate name="Logan, Alexander"  id="LA0010"/>
<auth:candidate name="Lisk, Abram J."  id="LA0011"/>
<auth:candidate name="Lane, Amos"  id="LA0012"/>
<auth:candidate name="Little, Alexander"  id="LA0013"/>
<auth:candidate name="Lomax, Abel"  id="LA0014"/>
<auth:candidate name="Lewis, Asa K."  id="LA0015"/>
<auth:candidate name="Lynch, Anselm"  id="LA0016"/>
<auth:candidate name="La Branche, Alexander"  id="LA0018"/>
<auth:candidate name="Leblanc, Andre"  id="LA0019"/>
<auth:candidate name="Labranche, Alexander"  id="LA0020"/>
<auth:candidate name="Lemmon, Alexis"  id="LA0021"/>
<auth:candidate name="Lewis, Archelaus"  id="LA0022"/>
<auth:candidate name="Lane, Alpheus"  id="LA0023"/>
<auth:candidate name="Livering, Aaron"  id="LA0033"/>
<auth:candidate name="Linthicum, Abner"  id="LA0034"/>
<auth:candidate name="Lee, Archibald"  id="LA0035"/>
<auth:candidate name="Luce, Abner"  id="LA0040"/>
<auth:candidate name="Lincoln, Abraham"  id="LA0041"/>
<auth:candidate name="Lawrence, Abel"  id="LA0051"/>
<auth:candidate name="Lyman, Aaron"  id="LA0052"/>
<auth:candidate name="Livermore, Amos"  id="LA0053"/>
<auth:candidate name="Longan, Austin K."  id="LA0072"/>
<auth:candidate name="Link, Absolom"  id="LA0073"/>
<auth:candidate name="Livermore, Arthur"  id="LA0074"/>
<auth:candidate name="Lyle, Andrew"  id="LA0079"/>
<auth:candidate name="Lane, Aaron"  id="LA0080"/>
<auth:candidate name="Lydecker, Abraham"  id="LA0081"/>
<auth:candidate name="Legrange, Arie"  id="LA0083"/>
<auth:candidate name="Lamb, Alexander"  id="LA0084"/>
<auth:candidate name="Loucks, Andrew"  id="LA0086"/>
<auth:candidate name="Lansing, Abraham G."  id="LA0087"/>
<auth:candidate name="Livingston, Alexander"  id="LA0088"/>
<auth:candidate name="Lytle, Andrew"  id="LA0090"/>
<auth:candidate name="Latimer, Arthur"  id="LA0091"/>
<auth:candidate name="Looker, Allison C."  id="LA0092"/>
<auth:candidate name="Lerch, Anthony, Jr."  id="LA0094"/>
<auth:candidate name="Lyle, Aaron"  id="LA0096"/>
<auth:candidate name="Lee, Andrew"  id="LA0097"/>
<auth:candidate name="Lahn, Albright and"  id="LA0100"/>
<auth:candidate name="Lacock, Abner"  id="LA0102"/>
<auth:candidate name="Lenegan, Archibald"  id="LA0106"/>
<auth:candidate name="Linn, Alexander"  id="LA0114"/>
<auth:candidate name="Lepley, Adam"  id="LA0117"/>
<auth:candidate name="Lowry, Alexander"  id="LA0123"/>
<auth:candidate name="Levan, Abraham, Jr."  id="LA0125"/>
<auth:candidate name="Logan, Alexander"  id="LA0127"/>
<auth:candidate name="Lathrop, Asa"  id="LA0128"/>
<auth:candidate name="Light, Adam"  id="LA0129"/>
<auth:candidate name="Lineau, Andrew"  id="LA0132"/>
<auth:candidate name="Lewis, Abner"  id="LA0134"/>
<auth:candidate name="Logan, Algernon S."  id="LA0137"/>
<auth:candidate name="Love, Andrew"  id="LA0139"/>
<auth:candidate name="Lawton, Alexander J."  id="LA0141"/>
<auth:candidate name="Liddell, Andrew J."  id="LA0143"/>
<auth:candidate name="Lombert, Aaron"  id="LA0144"/>
<auth:candidate name="Leland, Aaron"  id="LA0145"/>
<auth:candidate name="Lyon, Asa"  id="LA0151"/>
<auth:candidate name="Lewes, Andrew"  id="LA0155"/>
<auth:candidate name="Lee, Arthur"  id="LA0157"/>
<auth:candidate name="Lord, Abner"  id="LA0158"/>
<auth:candidate name="Lee, Arthur"  id="LA0159"/>
<auth:candidate name="Lewis, Andrew"  id="LA0162"/>
<auth:candidate name="Lee, Arthur"  id="LA0163"/>
<auth:candidate name="Lewis, Archibald"  id="LA0164"/>
    <auth:candidate name="Lawton, Benjamin"  id="LB0000"/>
<auth:candidate name="Leach, Benjamin W."  id="LB0002"/>
<auth:candidate name="Logan, Benjamin"  id="LB0003"/>
<auth:candidate name="Leathers, Benjamin W."  id="LB0004"/>
<auth:candidate name="Letcher, Benjamin"  id="LB0005"/>
<auth:candidate name="Logan, B."  id="LB0008"/>
<auth:candidate name="Logan, Benjamin"  id="LB0009"/>
<auth:candidate name="Linthicum, Benjamin"  id="LB0010"/>
<auth:candidate name="LeCompte, Benjamin W., Jr."  id="LB0012"/>
<auth:candidate name="Lincoln, Benjamin"  id="LB0025"/>
<auth:candidate name="Lloyd, Bateman"  id="LB0030"/>
    <auth:candidate name="Ludlow, Benjamin"  id="LB0031"/>
    <auth:candidate name="Luceill, Benjamin"  id="LB0032"/>
<auth:candidate name="Lightfoot, Bartholomew"  id="LB0042"/>
<auth:candidate name="Lawrence, Bell and"  id="LB0044"/>
<auth:candidate name="Logan, Benjamim"  id="LB0045"/>
<auth:candidate name="Langley, Bennet W."  id="LB0046"/>
<auth:candidate name="Lodge, Benjamin"  id="LB0047"/>
<auth:candidate name="Loffer, Bartlett"  id="LB0048"/>
<auth:candidate name="Lyndall, Benjamin"  id="LB0055"/>
<auth:candidate name="Laporte, Bartholomew"  id="LB0056"/>
<auth:candidate name="Lathrop, Benjamin"  id="LB0057"/>
<auth:candidate name="Lanneau, Bazil"  id="LB0058"/>
<auth:candidate name="Lawton, Benjamin D."  id="LB0060"/>
<auth:candidate name="Leigh, Benjamin W."  id="LB0061"/>
<auth:candidate name="Lee, Barnett"  id="LB0064"/>
<auth:candidate name="Lane, Benedict M."  id="LB0065"/>
    <auth:candidate name="Lee, Benjamin"  id="LB0066"/>
    <auth:candidate name="Leigh, Benjamin"  id="LB0067"/>
<auth:candidate name="Lewis, Charles"  id="LC0000"/>
<auth:candidate name="Link, Christian"  id="LC0002"/>
<auth:candidate name="Likens, Carter"  id="LC0004"/>
<auth:candidate name="Lander, Charles"  id="LC0005"/>
<auth:candidate name="Luckett, Craven P."  id="LC0006"/>
<auth:candidate name="Lyon, Chittendon"  id="LC0008"/>
<auth:candidate name="Laveau, Charles"  id="LC0010"/>
<auth:candidate name="Lanaux, Charles"  id="LC0011"/>
    <auth:candidate name="Lavergne, Celestin"  id="LC0012"/>
    <auth:candidate name="Lippitt, Christopher"  id="LC0013"/>
<auth:candidate name="Langford, Charles"  id="LC0014"/>
<auth:candidate name="Lawrence, Caleb"  id="LC0015"/>
<auth:candidate name="Lucas, Charles"  id="LC0016"/>
<auth:candidate name="Lloyd, Corlis"  id="LC0017"/>
<auth:candidate name="Lansing, Cornelius"  id="LC0018"/>
    <auth:candidate name="Louw, Cornelius"  id="LC0019"/>
    <auth:candidate name="La Fontaine, Callaux"  id="LC0020"/>
<auth:candidate name="Lawrence, Clark"  id="LC0022"/>
<auth:candidate name="Loomis, Chauncey"  id="LC0023"/>
<auth:candidate name="Lusk, Chester"  id="LC0024"/>
<auth:candidate name="Ludlow, Charles"  id="LC0028"/>
<auth:candidate name="Lanier, Clement"  id="LC0029"/>
<auth:candidate name="Lane, Charles"  id="LC0030"/>
<auth:candidate name="Lamb, Conrad"  id="LC0031"/>
<auth:candidate name="Lower, Christian"  id="LC0033"/>
<auth:candidate name="Leiper, Charles"  id="LC0034"/>
<auth:candidate name="Ley, Christian"  id="LC0039"/>
<auth:candidate name="Lauman, Christopher"  id="LC0044"/>
<auth:candidate name="Leis, Christopher"  id="LC0047"/>
<auth:candidate name="Lownes, Caleb"  id="LC0051"/>
<auth:candidate name="Lloyd, Charles"  id="LC0054"/>
<auth:candidate name="Lanius, Christian"  id="LC0058"/>
<auth:candidate name="Levering, Charles"  id="LC0060"/>
<auth:candidate name="Lambert, Charles"  id="LC0062"/>
<auth:candidate name="Lewis, Curtis"  id="LC0064"/>
<auth:candidate name="Leacraft, Christopher E."  id="LC0065"/>
<auth:candidate name="Levy, Chapman"  id="LC0066"/>
<auth:candidate name="Ladson, Charles B."  id="LC0067"/>
<auth:candidate name="Lynde, Cornelius"  id="LC0073"/>
<auth:candidate name="Langdon, Chauncey"  id="LC0074"/>
<auth:candidate name="Lintch, Charles"  id="LC0084"/>
<auth:candidate name="Leland, Charles"  id="LC0085"/>
<auth:candidate name="Little, Charles"  id="LC0086"/>
<auth:candidate name="Lewis, Charles B."  id="LC0087"/>
    <auth:candidate name="Lockwood, Caleb"  id="LC0088"/>
    <auth:candidate name="Longstreet, Christopher"  id="LC8787"/>
<auth:candidate name="Logan, David"  id="LD0000"/>
<auth:candidate name="Leverton, Daniel"  id="LD0002"/>
<auth:candidate name="Lackland, Dennis"  id="LD0003"/>
<auth:candidate name="LeFevre, David"  id="LD0004"/>
<auth:candidate name="Look, David"  id="LD0005"/>
<auth:candidate name="Lamnsters, David"  id="LD0007"/>
<auth:candidate name="Luptin, David"  id="LD0008"/>
<auth:candidate name="Lake, Daniel"  id="LD0009"/>
<auth:candidate name="Lockwood, D."  id="LD0010"/>
<auth:candidate name="Lockwood, David"  id="LD0011"/>
<auth:candidate name="Lane, Daniel"  id="LD0012"/>
<auth:candidate name="LeRoy, Daniel"  id="LD0013"/>
    <auth:candidate name="Lewis, Daniel W."  id="LD0014"/>
    <auth:candidate name="Logan, David"  id="LD0015"/>
<auth:candidate name="Lake, Daniel W."  id="LD0016"/>
    <auth:candidate name="Leatherman, Daniel"  id="LD0017"/>
    <auth:candidate name="Little, David"  id="LD0018"/>
<auth:candidate name="Linder, Daniel"  id="LD0019"/>
<auth:candidate name="Lamb, David"  id="LD0020"/>
<auth:candidate name="Lloyd, David"  id="LD0021"/>
<auth:candidate name="Lebo, Daniel"  id="LD0022"/>
<auth:candidate name="Levering, Daniel"  id="LD0023"/>
    <auth:candidate name="Lemon, Daniel"  id="LD0024"/>
    <auth:candidate name="Logan, David"  id="LD0025"/>
<auth:candidate name="Lawson, David"  id="LD0026"/>
<auth:candidate name="Lellar, Daniel"  id="LD0028"/>
<auth:candidate name="Little, David"  id="LD0030"/>
<auth:candidate name="Lyberger, Daniel"  id="LD0031"/>
<auth:candidate name="Landi, David"  id="LD0032"/>
<auth:candidate name="Lee, Daniel"  id="LD0033"/>
    <auth:candidate name="Lawson, Daniel"  id="LD0034"/>
    <auth:candidate name="Lamborn, Daniel"  id="LD0035"/>
<auth:candidate name="Linn, Daniel"  id="LD0038"/>
<auth:candidate name="Lea, David"  id="LD0039"/>
<auth:candidate name="Legro, David"  id="LD0040"/>
<auth:candidate name="Lambert, E. F."  id="LE0000"/>
<auth:candidate name="Lathrop, Ezra"  id="LE0001"/>
<auth:candidate name="Lickinson, Elisha"  id="LE0002"/>
<auth:candidate name="Lauvre, Evariste"  id="LE0004"/>
<auth:candidate name="Lincoln, Enoch"  id="LE0006"/>
<auth:candidate name="Low, Enoch"  id="LE0014"/>
<auth:candidate name="Lloyd, Edward"  id="LE0015"/>
<auth:candidate name="Lloyd, Edward, Jr."  id="LE0016"/>
<auth:candidate name="Linthicum, Ezekiah"  id="LE0027"/>
<auth:candidate name="Livermore, Edward L."  id="LE0034"/>
<auth:candidate name="Larkin, E."  id="LE0035"/>
<auth:candidate name="Littlefield, Enoch"  id="LE0036"/>
<auth:candidate name="Livermore, Edward S."  id="LE0037"/>
<auth:candidate name="Ladd, Eliphalet"  id="LE0039"/>
<auth:candidate name="Lawrence, Elisha"  id="LE0040"/>
<auth:candidate name="Leeds, Enoch"  id="LE0041"/>
<auth:candidate name="Livingston, Edward"  id="LE0044"/>
<auth:candidate name="Leonard, Enoch"  id="LE0046"/>
<auth:candidate name="Lee, Elijah"  id="LE0048"/>
<auth:candidate name="Livingston, Edward P."  id="LE0052"/>
<auth:candidate name="Lockwood, Ezra"  id="LE0053"/>
<auth:candidate name="Lindsley, Eleazer"  id="LE0065"/>
<auth:candidate name="Litchfield, Elisha"  id="LE0066"/>
<auth:candidate name="Langham, Elias"  id="LE0075"/>
<auth:candidate name="Lee, Elisha"  id="LE0082"/>
<auth:candidate name="Lovett, Evan"  id="LE0083"/>
<auth:candidate name="Lewis, Eli"  id="LE0084"/>
<auth:candidate name="Ligler, Emanuel"  id="LE0085"/>
<auth:candidate name="Lott, Edward"  id="LE0086"/>
<auth:candidate name="Lewis, Elijah"  id="LE0087"/>
<auth:candidate name="Lynch, Edward"  id="LE0089"/>
<auth:candidate name="Logwood, Edmund"  id="LE0090"/>
<auth:candidate name="Levy, Ezekiel"  id="LE0092"/>
<auth:candidate name="Lucas, Edward, Jr."  id="LE0094"/>
<auth:candidate name="Lundy, Etheldred H."  id="LE0096"/>
<auth:candidate name="Lockett, Francis"  id="LF0000"/>
<auth:candidate name="Leypold, Frederick"  id="LF0001"/>
<auth:candidate name="Lamb, Francis"  id="LF0002"/>
<auth:candidate name="Leaming, Furman"  id="LF0003"/>
<auth:candidate name="Lewis, Francis, Jr."  id="LF0004"/>
<auth:candidate name="Leeter, Frederick"  id="LF0007"/>
<auth:candidate name="Locke, F. A."  id="LF0010"/>
    <auth:candidate name="Lowry, Fielding"  id="LF0011"/>
    <auth:candidate name="Leopold, Frederick"  id="LF0012"/>
<auth:candidate name="Lee, Franklin"  id="LF0013"/>
<auth:candidate name="Lee, Francis L."  id="LF0014"/>
<auth:candidate name="Lanier, Frederick"  id="LF0015"/>
<auth:candidate name="Lenoir, Francis B."  id="LF0016"/>
<auth:candidate name="Lamkin, Griffin"  id="LG0000"/>
<auth:candidate name="Logan, George R."  id="LG0001"/>
<auth:candidate name="Lewis, Granville"  id="LG0002"/>
<auth:candidate name="Leech, George"  id="LG0004"/>
<auth:candidate name="Little, George"  id="LG0005"/>
<auth:candidate name="Lightner, George"  id="LG0006"/>
<auth:candidate name="Lake, George"  id="LG0007"/>
<auth:candidate name="Lanham, George H."  id="LG0009"/>
<auth:candidate name="Locher, George"  id="LG0010"/>
<auth:candidate name="Leigh, George S."  id="LG0013"/>
<auth:candidate name="Lydecker, Garret"  id="LG0015"/>
<auth:candidate name="Lydecker, Garret A."  id="LG0016"/>
<auth:candidate name="Livingston, Gilbert"  id="LG0020"/>
<auth:candidate name="Lansing, Garret Y."  id="LG0024"/>
<auth:candidate name="Laton, Garret"  id="LG0026"/>
<auth:candidate name="Lansing, Gerrit G."  id="LG0027"/>
<auth:candidate name="Lea, George"  id="LG0028"/>
<auth:candidate name="Lee, G."  id="LG0030"/>
<auth:candidate name="Latimer, George"  id="LG0031"/>
    <auth:candidate name="Lenhart, Godfrey"  id="LG0032"/>
    <auth:candidate name="Lester, German"  id="LG0033"/>
    <auth:candidate name="Laur, George"  id="LG0040"/>
    <auth:candidate name="Lavingen, George M."  id="LG0041"/>
<auth:candidate name="Logan, George"  id="LG0042"/>
<auth:candidate name="Logue, George"  id="LG0050"/>
<auth:candidate name="Lowry, George"  id="LG0054"/>
<auth:candidate name="Lashells, George"  id="LG0055"/>
<auth:candidate name="Lorah, George"  id="LG0059"/>
<auth:candidate name="Long, George"  id="LG0060"/>
    <auth:candidate name="Lotman, George"  id="LG0063"/>
    <auth:candidate name="Lightner, George"  id="LG0064"/>
<auth:candidate name="Lattimore, George"  id="LG0066"/>
<auth:candidate name="Leiper, George G."  id="LG0067"/>
<auth:candidate name="Lescher, George"  id="LG0068"/>
<auth:candidate name="Lowndes, George B."  id="LG0069"/>
<auth:candidate name="Lecher, George"  id="LG0070"/>
<auth:candidate name="Lane, George"  id="LG0071"/>
<auth:candidate name="Leitner, George"  id="LG0074"/>
<auth:candidate name="Lehrer, Godfrey"  id="LG0075"/>
<auth:candidate name="Lieper, George G."  id="LG0076"/>
<auth:candidate name="Loneberger, George"  id="LG0078"/>
<auth:candidate name="Logan, George"  id="LG0079"/>
<auth:candidate name="Loyall, George"  id="LG0080"/>
<auth:candidate name="Lodge, Henry"  id="LH0000"/>
<auth:candidate name="Lattimer, Henry"  id="LH0001"/>
<auth:candidate name="Landrea, Honore"  id="LH0005"/>
    <auth:candidate name="Lake, Henry"  id="LH0006"/>
    <auth:candidate name="Loud, Henry"  id="LH0007"/>
<auth:candidate name="Long, Henry K."  id="LH0009"/>
<auth:candidate name="Little, Henry"  id="LH0010"/>
<auth:candidate name="Lewis, Henry"  id="LH0011"/>
<auth:candidate name="Low, Henderson P."  id="LH0020"/>
<auth:candidate name="Lane, Henry"  id="LH0023"/>
<auth:candidate name="Land, Henry"  id="LH0024"/>
<auth:candidate name="Livingston, Henry"  id="LH0025"/>
<auth:candidate name="Lyle, Henry"  id="LH0027"/>
<auth:candidate name="Livingston, Henry W."  id="LH0032"/>
<auth:candidate name="Lake, Henry A."  id="LH0036"/>
<auth:candidate name="Lord, Hezekiah"  id="LH0037"/>
<auth:candidate name="Lee, Henry B."  id="LH0038"/>
<auth:candidate name="Livingston, Henry A."  id="LH0039"/>
<auth:candidate name="Luyker, Henry"  id="LH0040"/>
    <auth:candidate name="Lyker, Henry"  id="LH0041"/>
    <auth:candidate name="Lacroix, Hubert"  id="LH0042"/>
<auth:candidate name="Lane, Henry"  id="LH0043"/>
<auth:candidate name="Lewis, Henry S."  id="LH0045"/>
<auth:candidate name="Lloyd, Hugh"  id="LH0046"/>
<auth:candidate name="Lebo, Henry"  id="LH0048"/>
<auth:candidate name="Logan, Henry"  id="LH0049"/>
<auth:candidate name="Lee, Hugh"  id="LH0050"/>
<auth:candidate name="Lott, Henry"  id="LH0051"/>
<auth:candidate name="Liebhart, Henry"  id="LH0056"/>
<auth:candidate name="Long, Henry"  id="LH0059"/>
    <auth:candidate name="Laurens, Henry"  id="LH0060"/>
    <auth:candidate name="Lane, Hardage"  id="LH0061"/>
<auth:candidate name="Legare, Hugh S."  id="LH0063"/>
<auth:candidate name="Lee, Henry"  id="LH0064"/>
<auth:candidate name="Lee, Henry, Jr."  id="LH0065"/>
<auth:candidate name="Lawson, Henry C."  id="LH0070"/>
<auth:candidate name="Lee, Hancock"  id="LH0072"/>
<auth:candidate name="Latane, Henry W."  id="LH0073"/>
<auth:candidate name="Little, Henry"  id="LH0074"/>
<auth:candidate name="Le Roy, Herman"  id="LH0200"/>
<auth:candidate name="Lanear, Isaac"  id="LI0001"/>
<auth:candidate name="Lacey, Isaac W."  id="LI0004"/>
<auth:candidate name="Lazarus, Isaac"  id="LI0005"/>
<auth:candidate name="Lombard, Israel, Jr."  id="LI0006"/>
<auth:candidate name="Lang, Isaac"  id="LI0007"/>
<auth:candidate name="Lanning, Isaac"  id="LI0008"/>
<auth:candidate name="Ledyard, Isaac"  id="LI0009"/>
<auth:candidate name="Lefferts, Isaac"  id="LI0010"/>
<auth:candidate name="Lyman, Isaac"  id="LI0011"/>
<auth:candidate name="Lane, Iabez"  id="LI0012"/>
<auth:candidate name="Lane, Isaac"  id="LI0013"/>
<auth:candidate name="Lanier, Isaac"  id="LI0016"/>
<auth:candidate name="Lightner, Ignatius"  id="LI0018"/>
    <auth:candidate name="Lancaster, Israel"  id="LI0019"/>
    <auth:candidate name="Lincoln, Isaac"  id="LI0020"/>
<auth:candidate name="Leet, Isaac, Jr."  id="LI0021"/>
<auth:candidate name="Leitner, Isaac"  id="LI0022"/>
<auth:candidate name="Lawrence, Isaac"  id="LI0023"/>
<auth:candidate name="Lanier, Isaac"  id="LI0024"/>
<auth:candidate name="Love, Isaac"  id="LI0025"/>
<auth:candidate name="Leffler, Isaac"  id="LI0027"/>
<auth:candidate name="Lockwood, Isaac"  id="LI0028"/>
    <auth:candidate name="Lassell, Israel"  id="LI0029"/>
    <auth:candidate name="Landerbeek, Isaac, Jr."  id="LI2233"/>
<auth:candidate name="Leake, John M."  id="LJ0001"/>
<auth:candidate name="Lucas, James H."  id="LJ0003"/>
<auth:candidate name="Lay, J."  id="LJ0004"/>
    <auth:candidate name="Lanman, James"  id="LJ0005"/>
    <auth:candidate name="Lawton, James"  id="LJ0006"/>
<auth:candidate name="Lewis, Joseph"  id="LJ0015"/>
<auth:candidate name="Lewis, Joel"  id="LJ0016"/>
    <auth:candidate name="Lockwood, John"  id="LJ0017"/>
    <auth:candidate name="Lamb, John"  id="LJ0018"/>
<auth:candidate name="Lester, James"  id="LJ0019"/>
<auth:candidate name="Lee, Joseph"  id="LJ0020"/>
<auth:candidate name="London, John"  id="LJ0021"/>
<auth:candidate name="Leathead, John"  id="LJ0022"/>
<auth:candidate name="Lock, Joseph"  id="LJ0023"/>
<auth:candidate name="Love, John T."  id="LJ0024"/>
    <auth:candidate name="Loyd, John"  id="LJ0025"/>
    <auth:candidate name="Lowell, James"  id="LJ0026"/>
<auth:candidate name="Lester, John"  id="LJ0028"/>
<auth:candidate name="Lemen, James"  id="LJ0031"/>
<auth:candidate name="Lusk, John T."  id="LJ0032"/>
<auth:candidate name="Lemen, James, Jr."  id="LJ0033"/>
<auth:candidate name="Lane, John"  id="LJ0034"/>
<auth:candidate name="Lindsey, John"  id="LJ0035"/>
<auth:candidate name="Lofton, John G."  id="LJ0037"/>
<auth:candidate name="Lockhart, John"  id="LJ0038"/>
<auth:candidate name="Lord, Joshua"  id="LJ0039"/>
<auth:candidate name="Lindly, Jonathan"  id="LJ0040"/>
<auth:candidate name="Lane, Joseph"  id="LJ0041"/>
<auth:candidate name="Law, John"  id="LJ0042"/>
<auth:candidate name="Love, James Y."  id="LJ0043"/>
<auth:candidate name="Lewis, J."  id="LJ0044"/>
    <auth:candidate name="Logan, John"  id="LJ0045"/>
    <auth:candidate name="Lawrence, John"  id="LJ0046"/>
<auth:candidate name="Lancaster, John"  id="LJ0049"/>
<auth:candidate name="Lecompte, Joseph"  id="LJ0051"/>
    <auth:candidate name="Logan, John"  id="LJ0052"/>
    <auth:candidate name="Lloyd, John"  id="LJ0053"/>
<auth:candidate name="Lanna, Jean"  id="LJ0057"/>
<auth:candidate name="Labatut, J. B."  id="LJ0058"/>
<auth:candidate name="Landry, John"  id="LJ0059"/>
<auth:candidate name="Lewis, Joshua"  id="LJ0060"/>
    <auth:candidate name="Labranche, J. L."  id="LJ0061"/>
    <auth:candidate name="Lewis, Joel"  id="LJ0062"/>
<auth:candidate name="Love, John"  id="LJ0066"/>
<auth:candidate name="Leatherbury, John"  id="LJ0067"/>
<auth:candidate name="Lee, John"  id="LJ0069"/>
<auth:candidate name="Lloyd, James"  id="LJ0070"/>
<auth:candidate name="Leigh, John"  id="LJ0071"/>
<auth:candidate name="Lytlle, James"  id="LJ0072"/>
<auth:candidate name="Linthicum, John"  id="LJ0073"/>
<auth:candidate name="Lusby, John"  id="LJ0074"/>
<auth:candidate name="Lucas, John"  id="LJ0079"/>
<auth:candidate name="Latham, John"  id="LJ0080"/>
<auth:candidate name="Leech, John"  id="LJ0083"/>
<auth:candidate name="Lingan, James M."  id="LJ0084"/>
<auth:candidate name="Lloyd, James"  id="LJ0085"/>
<auth:candidate name="Lantz, Jacob"  id="LJ0087"/>
<auth:candidate name="Lusby, John H."  id="LJ0088"/>
<auth:candidate name="Lane, John H. D."  id="LJ0089"/>
<auth:candidate name="Lambert, Jacob"  id="LJ0090"/>
<auth:candidate name="Levering, Jesse"  id="LJ0092"/>
<auth:candidate name="Lee, John"  id="LJ0093"/>
<auth:candidate name="Lynch, John"  id="LJ0095"/>
<auth:candidate name="Lansdale, John W."  id="LJ0098"/>
<auth:candidate name="Leary, James P."  id="LJ0099"/>
<auth:candidate name="Learned, Jeremiah"  id="LJ0102"/>
<auth:candidate name="Lowell, John"  id="LJ0103"/>
<auth:candidate name="Leland, Joseph"  id="LJ0105"/>
<auth:candidate name="Lloyd, James, Jr."  id="LJ0107"/>
<auth:candidate name="Loyd, James"  id="LJ0109"/>
<auth:candidate name="Lincoln, John W."  id="LJ0110"/>
<auth:candidate name="Lynes, Joseph"  id="LJ0111"/>
<auth:candidate name="Loper, James"  id="LJ0114"/>
<auth:candidate name="Lowry, John J."  id="LJ0119"/>
<auth:candidate name="Lucas, John B.C."  id="LJ0123"/>
<auth:candidate name="Laknan, James"  id="LJ0126"/>
<auth:candidate name="Langdon, John"  id="LJ0127"/>
<auth:candidate name="Libbey, Jeremiah"  id="LJ0128"/>
<auth:candidate name="Lippincott, Job"  id="LJ0149"/>
<auth:candidate name="Lindley, John"  id="LJ0150"/>
<auth:candidate name="Linn, James"  id="LJ0151"/>
<auth:candidate name="Lambert, John"  id="LJ0153"/>
<auth:candidate name="Lambert, James"  id="LJ0159"/>
<auth:candidate name="Lee, James"  id="LJ0162"/>
<auth:candidate name="Lloyd, John"  id="LJ0163"/>
<auth:candidate name="Lewis, John"  id="LJ0169"/>
<auth:candidate name="Lacey, John"  id="LJ0171"/>
<auth:candidate name="Ludlow, James"  id="LJ0172"/>
<auth:candidate name="Lloyd, James"  id="LJ0176"/>
<auth:candidate name="Ludlow, John B."  id="LJ0178"/>
<auth:candidate name="Losey, Jacob"  id="LJ0192"/>
<auth:candidate name="Linn, John"  id="LJ0197"/>
<auth:candidate name="Lambert, James"  id="LJ0206"/>
<auth:candidate name="Lansing, John, Jr."  id="LJ0213"/>
<auth:candidate name="Livingston, John"  id="LJ0214"/>
<auth:candidate name="Livingston, James"  id="LJ0216"/>
<auth:candidate name="Laurence, John"  id="LJ0218"/>
<auth:candidate name="Lovett, John"  id="LJ0221"/>
<auth:candidate name="Leland, Joshua"  id="LJ0222"/>
<auth:candidate name="Lincklain, John"  id="LJ0223"/>
<auth:candidate name="Lamb, John"  id="LJ0224"/>
<auth:candidate name="Landon, Jared"  id="LJ0226"/>
<auth:candidate name="Lansing, James"  id="LJ0229"/>
<auth:candidate name="Lewis, Joshua"  id="LJ0230"/>
<auth:candidate name="Livingston, John R."  id="LJ0232"/>
<auth:candidate name="Lounsbery, John"  id="LJ0233"/>
    <auth:candidate name="Lake, Joseph"  id="LJ0234"/>
    <auth:candidate name="Laws, John"  id="LJ0235"/>
    <auth:candidate name="Lefferts, John"  id="LJ0236"/>
    <auth:candidate name="Langley, John"  id="LJ0237"/>
    <auth:candidate name="Lott, Jeremiah"  id="LJ0238"/>
    <auth:candidate name="LeCompte, John"  id="LJ0239"/>
<auth:candidate name="Lydacker, John"  id="LJ0240"/>
<auth:candidate name="Lorillard, Jacob"  id="LJ0241"/>
<auth:candidate name="Lewis, Jonathan"  id="LJ0243"/>
<auth:candidate name="Lounsberry, John"  id="LJ0245"/>
<auth:candidate name="Lyman, Joseph S."  id="LJ0246"/>
<auth:candidate name="Leach, Jacob"  id="LJ0253"/>
<auth:candidate name="Lent, James"  id="LJ0255"/>
<auth:candidate name="Lynch, James"  id="LJ0256"/>
<auth:candidate name="Lynde, John"  id="LJ0257"/>
<auth:candidate name="Leigh, John"  id="LJ0259"/>
<auth:candidate name="Liggett, James"  id="LJ0260"/>
<auth:candidate name="Lindley, Jonathan"  id="LJ0261"/>
<auth:candidate name="Leary, Job"  id="LJ0263"/>
<auth:candidate name="Legrand, James"  id="LJ0264"/>
<auth:candidate name="Lyndon, Josiah"  id="LJ0265"/>
<auth:candidate name="Lindsay, John"  id="LJ0266"/>
<auth:candidate name="Lane, John"  id="LJ0269"/>
<auth:candidate name="Longmere, John"  id="LJ0270"/>
<auth:candidate name="Long, John, Jr."  id="LJ0271"/>
<auth:candidate name="Lowry, James"  id="LJ0272"/>
<auth:candidate name="Larkin, James"  id="LJ0274"/>
<auth:candidate name="Liles, Jonas"  id="LJ0276"/>
<auth:candidate name="Lamb, Joseph"  id="LJ0278"/>
<auth:candidate name="Lodwick, John"  id="LJ0282"/>
<auth:candidate name="Lewis, Joseph"  id="LJ0283"/>
<auth:candidate name="Ludlow, John"  id="LJ0284"/>
<auth:candidate name="Long, James"  id="LJ0286"/>
<auth:candidate name="Leavitt, John, Sr."  id="LJ0287"/>
<auth:candidate name="Leavitt, John, Jr."  id="LJ0288"/>
<auth:candidate name="Lockhart, Josiah"  id="LJ0289"/>
<auth:candidate name="Lockhart, Joseph"  id="LJ0290"/>
<auth:candidate name="Lindsay, Jacob"  id="LJ0295"/>
<auth:candidate name="Lowry, John"  id="LJ0298"/>
<auth:candidate name="Lawrence, John"  id="LJ0299"/>
<auth:candidate name="Loughery, John"  id="LJ0301"/>
<auth:candidate name="Loughry, John"  id="LJ0302"/>
<auth:candidate name="Lucas, John"  id="LJ0303"/>
<auth:candidate name="Larwill, Joseph H."  id="LJ0304"/>
<auth:candidate name="Lamberton, James"  id="LJ0305"/>
<auth:candidate name="Lorentz, Joseph"  id="LJ0306"/>
<auth:candidate name="Leacock, John"  id="LJ0307"/>
<auth:candidate name="Lerch, Jacob"  id="LJ0312"/>
    <auth:candidate name="Lyttle, John"  id="LJ0314"/>
<auth:candidate name="Leech, John"  id="LJ0317"/>
    <auth:candidate name="Lucas, John"  id="LJ0318"/>
    <auth:candidate name="Light, John"  id="LJ0319"/>
<auth:candidate name="Lawerswyler, Jacob"  id="LJ0320"/>
<auth:candidate name="Logan, James"  id="LJ0322"/>
<auth:candidate name="Leet, Jonathan"  id="LJ0323"/>
    <auth:candidate name="Light, John"  id="LJ0326"/>
    <auth:candidate name="Lytle, John"  id="LJ0327"/>
<auth:candidate name="Lardner, John"  id="LJ0328"/>
<auth:candidate name="Lyttle, John, Jr."  id="LJ0330"/>
<auth:candidate name="Lowndes, Joseph"  id="LJ0331"/>
<auth:candidate name="Lyon, John"  id="LJ0333"/>
<auth:candidate name="Lewis, Josiah"  id="LJ0334"/>
<auth:candidate name="Lelless, John"  id="LJ0336"/>
<auth:candidate name="Lucas, John B."  id="LJ0337"/>
<auth:candidate name="Lashie, John"  id="LJ0340"/>
<auth:candidate name="Lockhart, James"  id="LJ0341"/>
<auth:candidate name="Lefever, Joseph"  id="LJ0342"/>
<auth:candidate name="Laird, James"  id="LJ0344"/>
<auth:candidate name="Lawson, Joseph"  id="LJ0346"/>
<auth:candidate name="Lowry, James"  id="LJ0349"/>
<auth:candidate name="Longstreth, John"  id="LJ0351"/>
<auth:candidate name="Lobingier, John"  id="LJ0352"/>
    <auth:candidate name="Lawrence, John"  id="LJ0358"/>
    <auth:candidate name="Lefever, Joseph"  id="LJ0359"/>
<auth:candidate name="Lyle, John"  id="LJ0363"/>
<auth:candidate name="Lewis, Joseph S."  id="LJ0365"/>
<auth:candidate name="Limber, John"  id="LJ0367"/>
<auth:candidate name="Lowrey, James"  id="LJ0369"/>
<auth:candidate name="Lobb, Jesse"  id="LJ0372"/>
<auth:candidate name="Lippencott, Joshua"  id="LJ0381"/>
<auth:candidate name="Labinger, John"  id="LJ0385"/>
<auth:candidate name="Lewis, Joshua"  id="LJ0387"/>
<auth:candidate name="Lloyd, John"  id="LJ0388"/>
<auth:candidate name="Lewis, John, Jr."  id="LJ0389"/>
<auth:candidate name="Levan, Jacob"  id="LJ0395"/>
<auth:candidate name="Linton, John"  id="LJ0397"/>
    <auth:candidate name="Lukens, Jonathan"  id="LJ0398"/>
    <auth:candidate name="Little, Jacob"  id="LJ0399"/>
    <auth:candidate name="Lytle, John"  id="LJ0400"/>
<auth:candidate name="Lake, John"  id="LJ0401"/>
    <auth:candidate name="Lohra, John"  id="LJ0402"/>
    <auth:candidate name="Love, John"  id="LJ0403"/>
<auth:candidate name="Lamb, John"  id="LJ0404"/>
<auth:candidate name="Lightner, Joel"  id="LJ0405"/>
<auth:candidate name="Laughlin, John"  id="LJ0410"/>
<auth:candidate name="Lechner, Jacob"  id="LJ0414"/>
<auth:candidate name="Lewis, Joseph"  id="LJ0415"/>
<auth:candidate name="Lowber, John C."  id="LJ0418"/>
<auth:candidate name="Leibhart, Jacob"  id="LJ0419"/>
<auth:candidate name="Lindlay, Jacob, Jr."  id="LJ0420"/>
<auth:candidate name="Lindy, Jacob"  id="LJ0424"/>
<auth:candidate name="Lewis, John"  id="LJ0428"/>
<auth:candidate name="Letterman, John"  id="LJ0430"/>
<auth:candidate name="Livingston, John"  id="LJ0433"/>
<auth:candidate name="Loughrey, James"  id="LJ0434"/>
<auth:candidate name="Lintumuth, John"  id="LJ0435"/>
<auth:candidate name="Lyon, James"  id="LJ0438"/>
<auth:candidate name="Lesley, James"  id="LJ0443"/>
<auth:candidate name="Losey, Jesse"  id="LJ0444"/>
<auth:candidate name="Lawson, James"  id="LJ0445"/>
<auth:candidate name="Lesher, Jacob"  id="LJ0446"/>
<auth:candidate name="Lowry, John G."  id="LJ0448"/>
<auth:candidate name="Leisenring, John"  id="LJ0449"/>
<auth:candidate name="Lightner, John"  id="LJ0454"/>
<auth:candidate name="Lawrence, Joseph"  id="LJ0456"/>
<auth:candidate name="Lausche, John, Jr."  id="LJ0457"/>
<auth:candidate name="Liegler, John"  id="LJ0458"/>
    <auth:candidate name="Lindsay, John, Jr."  id="LJ0462"/>
    <auth:candidate name="Lawrence, Joseph"  id="LJ0463"/>
<auth:candidate name="Lannard, James M."  id="LJ0478"/>
<auth:candidate name="Lichteberger, John"  id="LJ0481"/>
<auth:candidate name="Luther, John"  id="LJ0482"/>
<auth:candidate name="Lisle, John"  id="LJ0483"/>
<auth:candidate name="Lukens, Joseph"  id="LJ0492"/>
<auth:candidate name="Lewis, Joel"  id="LJ0493"/>
<auth:candidate name="Leggett, John"  id="LJ0497"/>
<auth:candidate name="Lyndael, Joseph W."  id="LJ0500"/>
<auth:candidate name="Lesher, John"  id="LJ0503"/>
<auth:candidate name="Larkin, John, Jr."  id="LJ0506"/>
<auth:candidate name="Letterman, John"  id="LJ0509"/>
<auth:candidate name="Logan, John"  id="LJ0510"/>
<auth:candidate name="Leacraft, John"  id="LJ0511"/>
<auth:candidate name="Ladson, James, Jr."  id="LJ0512"/>
<auth:candidate name="Lowndes, James"  id="LJ0513"/>
    <auth:candidate name="Ladson, James, Jr."  id="LJ0516"/>
    <auth:candidate name="Lynn, John Dark"  id="LJ0517"/>
<auth:candidate name="Lucas, Jonathan, Jr."  id="LJ0518"/>
<auth:candidate name="Lowry, John"  id="LJ0521"/>
<auth:candidate name="Longmire, John"  id="LJ0523"/>
<auth:candidate name="Lee, John W."  id="LJ0524"/>
<auth:candidate name="Legge, Joseph"  id="LJ0526"/>
<auth:candidate name="Legare, John D."  id="LJ0527"/>
<auth:candidate name="Lovel, James"  id="LJ0528"/>
<auth:candidate name="Lomax, James"  id="LJ0529"/>
<auth:candidate name="Lamb, James"  id="LJ0530"/>
<auth:candidate name="Lawton, Joseph M."  id="LJ0534"/>
<auth:candidate name="Lyon, James"  id="LJ0535"/>
<auth:candidate name="Lancaster, J."  id="LJ0536"/>
<auth:candidate name="Lyde, John W."  id="LJ0539"/>
<auth:candidate name="Lowry, John"  id="LJ0540"/>
<auth:candidate name="Love, John D."  id="LJ0542"/>
<auth:candidate name="Lewis, Joseph"  id="LJ0543"/>
<auth:candidate name="Leverett, John"  id="LJ0544"/>
<auth:candidate name="Linsley, Joel"  id="LJ0546"/>
<auth:candidate name="Loyal, John"  id="LJ0547"/>
<auth:candidate name="Lovet, John"  id="LJ0549"/>
<auth:candidate name="Lane, Joseph"  id="LJ0552"/>
<auth:candidate name="Leftwich, Jabez"  id="LJ0553"/>
<auth:candidate name="Littlejohn, John"  id="LJ0556"/>
<auth:candidate name="Loveit, John, Jr."  id="LJ0557"/>
<auth:candidate name="Love, John"  id="LJ0561"/>
<auth:candidate name="Lundy, Joshua C."  id="LJ0562"/>
<auth:candidate name="Leake, Josiah"  id="LJ0563"/>
<auth:candidate name="Lent, John"  id="LJ0564"/>
<auth:candidate name="Lewis, Joseph, Jr."  id="LJ0565"/>
<auth:candidate name="Lewis, John"  id="LJ0569"/>
<auth:candidate name="Lomax, John T."  id="LJ0570"/>
<auth:candidate name="Longden, John"  id="LJ0573"/>
<auth:candidate name="Lewis, John"  id="LJ0575"/>
<auth:candidate name="Lanier, James"  id="LJ0579"/>
<auth:candidate name="Lane, John"  id="LJ0581"/>
<auth:candidate name="Linton, John, Sr."  id="LJ0583"/>
<auth:candidate name="Lawrence, John"  id="LJ0586"/>
<auth:candidate name="Lighter, Joshua"  id="LJ0588"/>
<auth:candidate name="Lovell, Joseph"  id="LJ0589"/>
<auth:candidate name="Libscomb, John"  id="LJ0593"/>
<auth:candidate name="Laidley, John"  id="LJ0595"/>
<auth:candidate name="Lanier, James"  id="LJ0598"/>
<auth:candidate name="Lester, Josiah D"  id="LJ0599"/>
<auth:candidate name="Lowry, John"  id="LJ0600"/>
<auth:candidate name="Lockwood, John"  id="LJ0601"/>
<auth:candidate name="Lockman, John"  id="LJ0602"/>
<auth:candidate name="Lockerman, John"  id="LJ0603"/>
<auth:candidate name="Lowber, John"  id="LJ0604"/>
<auth:candidate name="Lewden, Jeremiah"  id="LJ0605"/>
<auth:candidate name="Lewis, J."  id="LJ0606"/>
<auth:candidate name="Lea, John"  id="LJ0607"/>
<auth:candidate name="Lafferty, Jackson"  id="LJ0608"/>
<auth:candidate name="Lofland, James P."  id="LJ0609"/>
<auth:candidate name="Lagen, John"  id="LJ0666"/>
    <auth:candidate name="Light, John"  id="LJ0667"/>
    <auth:candidate name="Lloyd, James"  id="LJ2233"/>
    <auth:candidate name="LaRoche, James"  id="LJ8866"/>
<auth:candidate name="Lewis, Kendal M."  id="LK0000"/>
    <auth:candidate name="Liehdebarger, Killiam"  id="LK0001"/>
    <auth:candidate name="Long, Kennedy"  id="LK0002"/>
<auth:candidate name="Law, Lyman"  id="LL0001"/>
    <auth:candidate name="Loomis, Luther"  id="LL0006"/>
    <auth:candidate name="Lewis, Latteross"  id="LL0025"/>
<auth:candidate name="Link, Lewis"  id="LL0027"/>
<auth:candidate name="Lislet, L. Moreau"  id="LL0028"/>
<auth:candidate name="Lake, Levin"  id="LL0030"/>
    <auth:candidate name="Lawrence, Levin"  id="LL0032"/>
    <auth:candidate name="Louallier, Lewis"  id="LL0033"/>
<auth:candidate name="Lincoln, Levi"  id="LL0037"/>
<auth:candidate name="Lincoln, Levi"  id="LL0038"/>
<auth:candidate name="Lewis, Lothrop"  id="LL0049"/>
<auth:candidate name="Lincoln, Levi, Jr."  id="LL0054"/>
<auth:candidate name="Lawrence, Luther"  id="LL0066"/>
<auth:candidate name="Leavenworth, Lemuel"  id="LL0080"/>
<auth:candidate name="Lawyer, Lawrence"  id="LL0081"/>
<auth:candidate name="Lefferts, Leffert"  id="LL0082"/>
<auth:candidate name="Luther, Libeous"  id="LL0083"/>
<auth:candidate name="Lardner, Lyndford"  id="LL0086"/>
<auth:candidate name="Lowry, Lewis"  id="LL0087"/>
    <auth:candidate name="Lance, Lambert"  id="LL0088"/>
    <auth:candidate name="Lea, Luke"  id="LL0089"/>
<auth:candidate name="Lee, Ludwell"  id="LL0091"/>
<auth:candidate name="Livingston, Luther"  id="LL0093"/>
<auth:candidate name="Lewis, Luff"  id="LL0094"/>
<auth:candidate name="Ladd, Milton"  id="LM0001"/>
<auth:candidate name="Langhorne, Maurice"  id="LM0009"/>
<auth:candidate name="Lecompte, Moses"  id="LM0014"/>
<auth:candidate name="Lucas, Michael"  id="LM0017"/>
<auth:candidate name="Luce, Martin"  id="LM0025"/>
<auth:candidate name="Little, Moses"  id="LM0026"/>
<auth:candidate name="Lyon, Matthew"  id="LM0031"/>
<auth:candidate name="Leduc, Marie P."  id="LM0033"/>
<auth:candidate name="Leavitt, Moses"  id="LM0036"/>
<auth:candidate name="Lewis, Morgan"  id="LM0044"/>
<auth:candidate name="Livingston, Moncrief"  id="LM0045"/>
<auth:candidate name="Locke, Matthew"  id="LM0052"/>
<auth:candidate name="Leib, Michael"  id="LM0058"/>
<auth:candidate name="Lawler, Matthew"  id="LM0065"/>
<auth:candidate name="Levy, Moses"  id="LM0076"/>
    <auth:candidate name="Lincoln, Michael"  id="LM0082"/>
    <auth:candidate name="Lavingen, Michael M."  id="LM0083"/>
    <auth:candidate name="Lane, Mathias"  id="LM0085"/>
    <auth:candidate name="Lyon, Matthew"  id="LM0086"/>
<auth:candidate name="Ludie, Martin"  id="LM0087"/>
<auth:candidate name="Lancaster, Moses"  id="LM0088"/>
<auth:candidate name="Lippitt, Moses"  id="LM0089"/>
<auth:candidate name="Liddel, Moses"  id="LM0091"/>
<auth:candidate name="Lyon, Matthew"  id="LM0092"/>
<auth:candidate name="Langham, Maurice"  id="LM0102"/>
<auth:candidate name="Lewis, Mourning"  id="LM0103"/>
<auth:candidate name="Laughman, Michael"  id="LM0104"/>
<auth:candidate name="Ludlow, Maxfield"  id="LM0105"/>
<auth:candidate name="Loftland, Nutter"  id="LN0000"/>
<auth:candidate name="Long, Nicholas"  id="LN0001"/>
<auth:candidate name="Lindsay, Nimrod L."  id="LN0002"/>
<auth:candidate name="Leonard, Nathaniel"  id="LN0003"/>
<auth:candidate name="Leake, Nathan"  id="LN0004"/>
<auth:candidate name="Leake, Nathan"  id="LN0005"/>
<auth:candidate name="Lawrence, Nathaniel"  id="LN0006"/>
<auth:candidate name="Locke, Nathaniel"  id="LN0010"/>
<auth:candidate name="Lucker, Nathaniel"  id="LN0013"/>
<auth:candidate name="Lotz, Nicholas"  id="LN0015"/>
<auth:candidate name="Lloyd, Nicodemus"  id="LN0016"/>
<auth:candidate name="Leib, Nicholas"  id="LN0017"/>
<auth:candidate name="Low, Nathaniel"  id="LN0018"/>
<auth:candidate name="Lightner, Nathanial F."  id="LN0019"/>
<auth:candidate name="Ligan, Nathan"  id="LN0020"/>
<auth:candidate name="Lipscomb, Nathan"  id="LN0021"/>
<auth:candidate name="Lawrence, Nathaniel"  id="LN0022"/>
<auth:candidate name="Linsly, Noah"  id="LN0023"/>
<auth:candidate name="Lockerman, Nicholas"  id="LN0024"/>
<auth:candidate name="Labranche, Oct."  id="LO0000"/>
<auth:candidate name="Looker, Othniel"  id="LO0001"/>
<auth:candidate name="Lindsey, Oliver"  id="LO0004"/>
<auth:candidate name="Looker, Othneil"  id="LO0009"/>
<auth:candidate name="Laws, Outten"  id="LO0010"/>
<auth:candidate name="Lockett, Osborne"  id="LO0017"/>
    <auth:candidate name="Lowber, Peter, Sr."  id="LP0000"/>
    <auth:candidate name="Littig, Philip"  id="LP0001"/>
<auth:candidate name="Lewis, Philip"  id="LP0003"/>
<auth:candidate name="Labarre, P., Sr."  id="LP0005"/>
<auth:candidate name="Lacoste, Pierre"  id="LP0006"/>
<auth:candidate name="LaMusse, Paul"  id="LP0007"/>
<auth:candidate name="Lafiton, P."  id="LP0010"/>
<auth:candidate name="Levering, Peter"  id="LP0014"/>
<auth:candidate name="Little, Peter"  id="LP0015"/>
<auth:candidate name="Lynch, Peregrine L."  id="LP0031"/>
<auth:candidate name="Leaming, Parsons"  id="LP0033"/>
<auth:candidate name="Livingston, Philip"  id="LP0034"/>
<auth:candidate name="Leach, Phineas"  id="LP0035"/>
<auth:candidate name="Livingston, Peter R."  id="LP0036"/>
<auth:candidate name="Lansingh, Peter"  id="LP0037"/>
<auth:candidate name="Lossing, Peter"  id="LP0041"/>
<auth:candidate name="Lefever, Peter"  id="LP0042"/>
<auth:candidate name="Lewis, Philemon"  id="LP0050"/>
<auth:candidate name="Lewis, Philip, Jr."  id="LP0051"/>
<auth:candidate name="Lane, Presley Carr"  id="LP0056"/>
<auth:candidate name="Lineweaver, Peter"  id="LP0063"/>
    <auth:candidate name="Landis, Philip"  id="LP0064"/>
    <auth:candidate name="L'Hermite, P. L."  id="LP0065"/>
<auth:candidate name="Lowry, Philip"  id="LP0069"/>
<auth:candidate name="Livergood, Peter"  id="LP0079"/>
<auth:candidate name="Lynn, Philip"  id="LP0080"/>
<auth:candidate name="Lesisne, Peter"  id="LP0082"/>
<auth:candidate name="Loper, Peter"  id="LP0083"/>
<auth:candidate name="Lee, Paul S."  id="LP0084"/>
<auth:candidate name="Lesesne, Peter"  id="LP0085"/>
<auth:candidate name="Laurans, Peter"  id="LP0086"/>
    <auth:candidate name="Lewis, Philip"  id="LP0087"/>
    <auth:candidate name="Lamar, Peter"  id="LP0088"/>
    <auth:candidate name="Le Conte, Peter"  id="LP0089"/>
<auth:candidate name="Law, Richard"  id="LR0000"/>
<auth:candidate name="Law, Richard"  id="LR0001"/>
<auth:candidate name="Lawson, Roger"  id="LR0002"/>
<auth:candidate name="Lemen, Robert"  id="LR0003"/>
<auth:candidate name="Long, Robert"  id="LR0004"/>
<auth:candidate name="Letcher, Robert P."  id="LR0005"/>
<auth:candidate name="Lancaster, Raphael"  id="LR0006"/>
<auth:candidate name="Lane, Rufus"  id="LR0007"/>
<auth:candidate name="Latimer, Randolph B."  id="LR0008"/>
<auth:candidate name="Long, Robert"  id="LR0009"/>
<auth:candidate name="Leatherbury, Robert"  id="LR0010"/>
    <auth:candidate name="Lawson, Robert"  id="LR0011"/>
    <auth:candidate name="Lidwall, Reuban"  id="LR0012"/>
<auth:candidate name="Lusby, Robert C."  id="LR0013"/>
<auth:candidate name="Lecompte, Risdon"  id="LR0014"/>
<auth:candidate name="Lawton, Robert Jr."  id="LR0015"/>
    <auth:candidate name="Long, Robert Carey"  id="LR0016"/>
    <auth:candidate name="Lindsey, Robert"  id="LR0017"/>
    <auth:candidate name="Lusby, Richard C."  id="LR0018"/>
    <auth:candidate name="Lawrence, Richard"  id="LR0019"/>
<auth:candidate name="Leeds, Robert"  id="LR0020"/>
<auth:candidate name="Lee, Robert"  id="LR0021"/>
<auth:candidate name="Livingston, Robert R."  id="LR0022"/>
<auth:candidate name="Livingston, Robert LeRoy"  id="LR0024"/>
<auth:candidate name="Locke, Robert"  id="LR0030"/>
<auth:candidate name="Lucas, Robert"  id="LR0031"/>
<auth:candidate name="Lucas, Robert"  id="LR0051"/>
<auth:candidate name="Loller, Robert"  id="LR0052"/>
<auth:candidate name="Lusk, Robert"  id="LR0054"/>
<auth:candidate name="Lloyd, Richard"  id="LR0058"/>
<auth:candidate name="Lamborn, Robert"  id="LR0059"/>
<auth:candidate name="Lloyd, Richard P."  id="LR0063"/>
    <auth:candidate name="Lewis, Robert"  id="LR0064"/>
    <auth:candidate name="Love, Robert"  id="LR0065"/>
<auth:candidate name="Law, R. James"  id="LR0068"/>
<auth:candidate name="Lusk, Robert, Jr."  id="LR0071"/>
<auth:candidate name="Lewis, Richard"  id="LR0072"/>
<auth:candidate name="Liggett, Robert"  id="LR0073"/>
<auth:candidate name="Lewis, Reeve"  id="LR0074"/>
    <auth:candidate name="Leech, Richard T."  id="LR0077"/>
    <auth:candidate name="Little, Robert"  id="LR0078"/>
<auth:candidate name="Lamberton, Robert"  id="LR0080"/>
<auth:candidate name="Lowndes, Rawlins"  id="LR0081"/>
<auth:candidate name="Long, Reuben"  id="LR0082"/>
<auth:candidate name="Long, Robert"  id="LR0085"/>
<auth:candidate name="Lawson, Robert"  id="LR0087"/>
<auth:candidate name="Lee, Richard Henry"  id="LR0089"/>
<auth:candidate name="Lee, Richard Bland"  id="LR0090"/>
<auth:candidate name="Lewis, Robert"  id="LR0095"/>
<auth:candidate name="Lee, Richard E."  id="LR0099"/>
<auth:candidate name="Lee, Richard H."  id="LR0104"/>
<auth:candidate name="Lively, Robert"  id="LR0105"/>
<auth:candidate name="Lawson, R. H."  id="LR0113"/>
<auth:candidate name="Lawson, Richard"  id="LR0114"/>
<auth:candidate name="Langdon, Richard C."  id="LR0118"/>
<auth:candidate name="Lacy, Robert"  id="LR0119"/>
<auth:candidate name="Lockwood, Richard"  id="LR0120"/>
<auth:candidate name="Lewis, Stephen"  id="LS0001"/>
    <auth:candidate name="Lister, Sorden"  id="LS0004"/>
<auth:candidate name="Lowry, Simeon"  id="LS0006"/>
<auth:candidate name="Lewis, Stephen L."  id="LS0007"/>
<auth:candidate name="Lee, Samuel"  id="LS0008"/>
    <auth:candidate name="Lockwood, Samuel D."  id="LS0009"/>
    <auth:candidate name="Lane, Seth"  id="LS0010"/>
    <auth:candidate name="Longfellow, Stephen, Jr."  id="LS0011"/>
    <auth:candidate name="Legrand, S. D."  id="LS0012"/>
<auth:candidate name="Lewis, Samuel"  id="LS0026"/>
<auth:candidate name="Levenworth, Seth M."  id="LS0027"/>
<auth:candidate name="Ledgerwood, Samuel"  id="LS0028"/>
<auth:candidate name="Lowry, Stephen"  id="LS0033"/>
<auth:candidate name="Lowery, Stephen"  id="LS0034"/>
<auth:candidate name="Ligler, Samuel"  id="LS0036"/>
<auth:candidate name="Leakin, Sheppard C."  id="LS0037"/>
    <auth:candidate name="Lyman, Samuel F."  id="LS0041"/>
    <auth:candidate name="Lyeth, S."  id="LS0042"/>
<auth:candidate name="Lathrop, Samuel"  id="LS0046"/>
<auth:candidate name="Livermore, Samuel"  id="LS0047"/>
<auth:candidate name="Lawrence, Sylvanus"  id="LS0049"/>
    <auth:candidate name="Littenhouse, Samuel"  id="LS0051"/>
    <auth:candidate name="Lea, Squire"  id="LS0052"/>
<auth:candidate name="Lush, Stephen"  id="LS0053"/>
<auth:candidate name="Ludington, Stephen"  id="LS0057"/>
<auth:candidate name="Law, Samuel"  id="LS0058"/>
<auth:candidate name="Lee, Samuel"  id="LS0059"/>
<auth:candidate name="Lawrence, Samuel"  id="LS0060"/>
<auth:candidate name="Lush, Samuel S."  id="LS0061"/>
<auth:candidate name="Lowry, Samuel"  id="LS0062"/>
    <auth:candidate name="Lanier, Sampson"  id="LS0064"/>
    <auth:candidate name="Leavitt, Samuel"  id="LS0065"/>
<auth:candidate name="Lee, S., Jr."  id="LS0068"/>
<auth:candidate name="Lane, Samson"  id="LS0069"/>
<auth:candidate name="Lattimore, Samuel"  id="LS0070"/>
<auth:candidate name="Lane, Solomon"  id="LS0071"/>
<auth:candidate name="Little, Squier"  id="LS0072"/>
<auth:candidate name="Lybrand, Samuel"  id="LS0073"/>
<auth:candidate name="Lucas, Samuel"  id="LS0077"/>
<auth:candidate name="Lord, Samuel"  id="LS0078"/>
<auth:candidate name="Lehman, Samuel"  id="LS0079"/>
    <auth:candidate name="Littell, Samuel"  id="LS0080"/>
    <auth:candidate name="LeCompte, Samuel"  id="LS0081"/>
<auth:candidate name="Lewis, Samuel"  id="LS0082"/>
<auth:candidate name="Lippencott, Samuel"  id="LS0083"/>
<auth:candidate name="Lester, Shipley"  id="LS0084"/>
<auth:candidate name="Lawrence, Samuel"  id="LS0085"/>
<auth:candidate name="Lord, Samuel"  id="LS0087"/>
<auth:candidate name="Linn, Samuel"  id="LS0089"/>
<auth:candidate name="Littlefield, Stephen"  id="LS0090"/>
<auth:candidate name="Leech, Samuel"  id="LS0093"/>
<auth:candidate name="Lowrie, Samuel"  id="LS0094"/>
<auth:candidate name="Linton, Samuel"  id="LS0095"/>
<auth:candidate name="Lothrop, Samuel H."  id="LS0097"/>
<auth:candidate name="Leech, S. W."  id="LS0098"/>
<auth:candidate name="Lewis, Samuel H."  id="LS0099"/>
<auth:candidate name="Lyman, Thomas"  id="LT0000"/>
<auth:candidate name="Laws, Thomas"  id="LT0001"/>
<auth:candidate name="Lea, Thomas"  id="LT0004"/>
<auth:candidate name="Lewis, Thomas"  id="LT0009"/>
    <auth:candidate name="Lamar, Thomas"  id="LT0014"/>
    <auth:candidate name="Latimer, Thomas"  id="LT0015"/>
<auth:candidate name="Lippincott, Thomas"  id="LT0017"/>
    <auth:candidate name="Lurton, Turner"  id="LT0018"/>
    <auth:candidate name="Lee, Thomas S."  id="LT0019"/>
<auth:candidate name="Lewis, Thomas"  id="LT0020"/>
<auth:candidate name="Loofbourrow, Thomas V."  id="LT0021"/>
<auth:candidate name="Landry, T."  id="LT0022"/>
<auth:candidate name="Love, Thomas"  id="LT0025"/>
<auth:candidate name="Lowes, Tubman"  id="LT0028"/>
<auth:candidate name="Lyles, Thomas H."  id="LT0034"/>
<auth:candidate name="Lee, Thomas Sim"  id="LT0037"/>
<auth:candidate name="Lockerman, Theodore R."  id="LT0038"/>
<auth:candidate name="Lyles, Thomas"  id="LT0039"/>
<auth:candidate name="Lytle, Thomas"  id="LT0041"/>
<auth:candidate name="Lincoln, Theodore"  id="LT0045"/>
<auth:candidate name="Leavitt, Thomas"  id="LT0046"/>
<auth:candidate name="Lowrey, Thomas"  id="LT0048"/>
<auth:candidate name="Little, Thomas"  id="LT0049"/>
<auth:candidate name="Lee, Thomas"  id="LT0056"/>
<auth:candidate name="Lee, Thomas"  id="LT0057"/>
<auth:candidate name="Lyon, T."  id="LT0058"/>
<auth:candidate name="Leman, Thomas"  id="LT0059"/>
<auth:candidate name="Lester, Terry S."  id="LT0060"/>
<auth:candidate name="Ludlow, Thomas"  id="LT0061"/>
<auth:candidate name="Lester, Thomas S."  id="LT0062"/>
<auth:candidate name="Lawyer, Thomas"  id="LT0064"/>
<auth:candidate name="Lynde, Tilly"  id="LT0065"/>
<auth:candidate name="Lacy, Theophilus"  id="LT0067"/>
<auth:candidate name="Love, Thomas"  id="LT0068"/>
<auth:candidate name="Lanier, Thomas"  id="LT0069"/>
<auth:candidate name="Leonard, Thomas"  id="LT0070"/>
<auth:candidate name="Longino, Thomas"  id="LT0080"/>
<auth:candidate name="Long, Thomas"  id="LT0082"/>
<auth:candidate name="Lilly, Thomas"  id="LT0085"/>
<auth:candidate name="Lewis, Thomas"  id="LT0090"/>
<auth:candidate name="Lee, Thomas"  id="LT0091"/>
<auth:candidate name="Lloyd, Thomas"  id="LT0092"/>
<auth:candidate name="Leiper, Thomas"  id="LT0093"/>
<auth:candidate name="Lowry, Thomas"  id="LT0094"/>
<auth:candidate name="Liehl, Theodorus"  id="LT0096"/>
<auth:candidate name="Laughlin, Thomas"  id="LT0099"/>
<auth:candidate name="Latimer, Thomas"  id="LT0100"/>
<auth:candidate name="Logan, Thomas"  id="LT0105"/>
<auth:candidate name="Leazure, Thomas"  id="LT0106"/>
<auth:candidate name="Livesly, Thomas"  id="LT0110"/>
<auth:candidate name="Laird, Thomas"  id="LT0112"/>
<auth:candidate name="Lancaster, Thomas"  id="LT0115"/>
<auth:candidate name="Layton, Thomas"  id="LT0116"/>
<auth:candidate name="Lockwood, Thomas"  id="LT0117"/>
<auth:candidate name="Lowndes, Thomas"  id="LT0118"/>
<auth:candidate name="Lehre, Thomas"  id="LT0120"/>
<auth:candidate name="Livingston, Thomas"  id="LT0121"/>
<auth:candidate name="Lee, Thomas"  id="LT0123"/>
<auth:candidate name="Livingston, Thomas"  id="LT0130"/>
<auth:candidate name="Lolen, Timothy"  id="LT0139"/>
<auth:candidate name="Lang, Thomas"  id="LT0146"/>
<auth:candidate name="Lyles, Thomas"  id="LT0151"/>
<auth:candidate name="Lehre, Thomas, Jr."  id="LT0153"/>
<auth:candidate name="Lane, Turner"  id="LT0154"/>
    <auth:candidate name="Lawson, Thomas"  id="LT0155"/>
    <auth:candidate name="Love, Thomas"  id="LT0156"/>
<auth:candidate name="Lewis, Thomas"  id="LT0162"/>
<auth:candidate name="Lee, Thomas"  id="LT0163"/>
<auth:candidate name="Lipton, Tilman"  id="LT0164"/>
    <auth:candidate name="Lewis, T."  id="LT0165"/>
    <auth:candidate name="Lowry, Thomas"  id="LT2233"/>
<auth:candidate name="Lawrence, Upton"  id="LU0001"/>
<auth:candidate name="Leech, William"  id="LW0001"/>
<auth:candidate name="Loyd, Woody"  id="LW0002"/>
    <auth:candidate name="Lanier, William"  id="LW0003"/>
    <auth:candidate name="Larned, William"  id="LW0004"/>
<auth:candidate name="Law, William"  id="LW0005"/>
<auth:candidate name="Lancy, William"  id="LW0006"/>
<auth:candidate name="Leigh, Walter"  id="LW0008"/>
<auth:candidate name="Lumpkin, Wilson"  id="LW0012"/>
<auth:candidate name="Longstreet, William"  id="LW0015"/>
<auth:candidate name="Law, William"  id="LW0019"/>
<auth:candidate name="Lyman, William C."  id="LW0021"/>
<auth:candidate name="Lowry, William"  id="LW0022"/>
<auth:candidate name="Lacey, Walter"  id="LW0023"/>
<auth:candidate name="Lagow, Wilson"  id="LW0024"/>
<auth:candidate name="Littell, William D."  id="LW0025"/>
<auth:candidate name="Lindsay, William"  id="LW0026"/>
<auth:candidate name="Laughlin, William B."  id="LW0027"/>
    <auth:candidate name="Logan, William"  id="LW0028"/>
    <auth:candidate name="Lillard, William"  id="LW0029"/>
<auth:candidate name="Lee, Willis A."  id="LW0030"/>
<auth:candidate name="Lane, William N."  id="LW0036"/>
<auth:candidate name="Long, William B."  id="LW0040"/>
<auth:candidate name="Leake, William"  id="LW0045"/>
<auth:candidate name="Lux, William"  id="LW0046"/>
<auth:candidate name="Lowry, William"  id="LW0048"/>
<auth:candidate name="Lyles, William H."  id="LW0050"/>
<auth:candidate name="Lorman, William"  id="LW0052"/>
<auth:candidate name="Lake, William"  id="LW0056"/>
<auth:candidate name="Leake, William"  id="LW0059"/>
<auth:candidate name="Lansdale, William M."  id="LW0060"/>
<auth:candidate name="Lusby, William"  id="LW0061"/>
<auth:candidate name="Lanham, William"  id="LW0062"/>
    <auth:candidate name="Llewellin, William H."  id="LW0067"/>
    <auth:candidate name="Lewis, William B."  id="LW0068"/>
<auth:candidate name="Lassell, William S."  id="LW0069"/>
<auth:candidate name="Lapel, William C."  id="LW0073"/>
<auth:candidate name="Leathe, William"  id="LW0074"/>
<auth:candidate name="Lattimore, William"  id="LW0075"/>
<auth:candidate name="Leake, Walter"  id="LW0079"/>
<auth:candidate name="Long, William"  id="LW0084"/>
<auth:candidate name="Lane, William Carr"  id="LW0085"/>
<auth:candidate name="Lucas, William"  id="LW0086"/>
<auth:candidate name="Langdon, Woodbury"  id="LW0088"/>
<auth:candidate name="Lovejoy, William"  id="LW0094"/>
<auth:candidate name="Linn, William"  id="LW0095"/>
<auth:candidate name="Lloyd, William"  id="LW0096"/>
<auth:candidate name="Little, William, Jr."  id="LW0101"/>
<auth:candidate name="Livingston, William S."  id="LW0102"/>
<auth:candidate name="Laight, William"  id="LW0103"/>
<auth:candidate name="Lusk, William"  id="LW0106"/>
<auth:candidate name="Livingston, William"  id="LW0107"/>
<auth:candidate name="Leavins, Willard"  id="LW0109"/>
<auth:candidate name="Lake, Wells"  id="LW0111"/>
<auth:candidate name="Lawrence, Watson E."  id="LW0113"/>
<auth:candidate name="Lenoir, William"  id="LW0115"/>
<auth:candidate name="Lord, William E."  id="LW0116"/>
<auth:candidate name="Littlejohn, William A."  id="LW0122"/>
<auth:candidate name="Leak, William B."  id="LW0124"/>
<auth:candidate name="Love, William C."  id="LW0125"/>
<auth:candidate name="Lewis, Willis"  id="LW0127"/>
<auth:candidate name="Little, William P."  id="LW0129"/>
<auth:candidate name="Ludlow, William"  id="LW0130"/>
    <auth:candidate name="Lewis, William"  id="LW0131"/>
    <auth:candidate name="Lansdale, William H."  id="LW0132"/>
<auth:candidate name="Lowry, William"  id="LW0139"/>
<auth:candidate name="Long, William"  id="LW0142"/>
<auth:candidate name="Lodwick, William"  id="LW0143"/>
<auth:candidate name="Lewis, William"  id="LW0144"/>
<auth:candidate name="Lewis, William"  id="LW0146"/>
<auth:candidate name="Leonard, William"  id="LW0147"/>
<auth:candidate name="Lamb, William"  id="LW0148"/>
<auth:candidate name="Levin, William"  id="LW0150"/>
<auth:candidate name="Linnard, William"  id="LW0152"/>
<auth:candidate name="Linn, William"  id="LW0153"/>
<auth:candidate name="Lattimore, William"  id="LW0156"/>
<auth:candidate name="Lyon, William"  id="LW0158"/>
<auth:candidate name="Loughead, William"  id="LW0161"/>
<auth:candidate name="Lattimer, William G."  id="LW0167"/>
<auth:candidate name="Long, William"  id="LW0169"/>
<auth:candidate name="Linn, William"  id="LW0170"/>
<auth:candidate name="Lynn, William"  id="LW0172"/>
<auth:candidate name="Lowrie, Walter"  id="LW0173"/>
<auth:candidate name="Lower, William"  id="LW0175"/>
<auth:candidate name="Loughrey, William"  id="LW0176"/>
<auth:candidate name="Long, William"  id="LW0179"/>
<auth:candidate name="Louer, William"  id="LW0180"/>
<auth:candidate name="Loughry, William"  id="LW0181"/>
<auth:candidate name="Latta, William"  id="LW0184"/>
<auth:candidate name="Lacky, William"  id="LW0185"/>
<auth:candidate name="Lowrie, William"  id="LW0190"/>
<auth:candidate name="Lyon, Walter"  id="LW0192"/>
<auth:candidate name="Linton, William"  id="LW0195"/>
<auth:candidate name="Louman, W."  id="LW0196"/>
<auth:candidate name="Lehman, William"  id="LW0199"/>
<auth:candidate name="Lea, William"  id="LW0200"/>
<auth:candidate name="Lucas, William"  id="LW0201"/>
<auth:candidate name="Longwell, Walter"  id="LW0207"/>
<auth:candidate name="Lewis, William"  id="LW0215"/>
<auth:candidate name="Lee, William"  id="LW0216"/>
    <auth:candidate name="Lancaster, William"  id="LW0217"/>
    <auth:candidate name="LeCompte, William"  id="LW0218"/>
    <auth:candidate name="Lowndes, William"  id="LW0219"/>
    <auth:candidate name="Lawrence, Wolcott"  id="LW0220"/>
<auth:candidate name="Lance, William"  id="LW0221"/>
<auth:candidate name="Langley, William"  id="LW0222"/>
<auth:candidate name="Laval, William"  id="LW0242"/>
<auth:candidate name="Lifrage, William, Jr."  id="LW0245"/>
<auth:candidate name="Lomax, William"  id="LW0248"/>
<auth:candidate name="Lester, W."  id="LW0250"/>
<auth:candidate name="Lenard, William B."  id="LW0251"/>
<auth:candidate name="Lytle, William"  id="LW0253"/>
<auth:candidate name="Lindslay, William"  id="LW0254"/>
<auth:candidate name="Lewis, William"  id="LW0255"/>
<auth:candidate name="Latane, William"  id="LW0256"/>
<auth:candidate name="Lewis, William"  id="LW0257"/>
<auth:candidate name="Lamen, William"  id="LW0260"/>
<auth:candidate name="Lee, William"  id="LW0261"/>
<auth:candidate name="Lindsey, William"  id="LW0265"/>
<auth:candidate name="Lewis, William"  id="LW0266"/>
<auth:candidate name="Leake, Walter"  id="LW0267"/>
    <auth:candidate name="Lewis, William"  id="LW0269"/>
    <auth:candidate name="Lindsay, William"  id="LW0272"/>
<auth:candidate name="Lewis, William J."  id="LW0274"/>
<auth:candidate name="Lewis, Warner"  id="LW0279"/>
<auth:candidate name="Lee, William S."  id="LW0282"/>
<auth:candidate name="Lynch, William B."  id="LW0283"/>
    <auth:candidate name="Lockwood, William K."  id="LW0284"/>
    <auth:candidate name="Lane, William"  id="LW6677"/>
<auth:candidate name="Lamar, Zachariah"  id="LZ0001"/>
<auth:candidate name="Lindley, Zachariah"  id="LZ0002"/>
<auth:candidate name="Lanham, Zadock"  id="LZ0003"/>
<auth:candidate name="Laird, Zachariah"  id="LZ0006"/>
</names-authority-list>	