<?xml version="1.0" encoding="UTF-8"?> <names-authority-list xmlns:auth="http://dca.tufts.edu/aas/auth" xmlns:xref="http://dca/tufts.edu/aas/xref">

<auth:candidate name="Naudain, Andrew"  id="NA0000"/>
<auth:candidate name="Naudain, Arnold"  id="NA0004"/>
<auth:candidate name="Naudain, Arnold S."  id="NA0005"/>
<auth:candidate name="Norton, Asa"  id="NA0008"/>
<auth:candidate name="New, Anthony"  id="NA0009"/>
<auth:candidate name="Neal, Abner"  id="NA0012"/>
<auth:candidate name="Neill, Alexander"  id="NA0013"/>
    <auth:candidate name="Norris, Alexander"  id="NA0014"/>
    <auth:candidate name="Nelson, Alexander M."  id="NA0015"/>
<auth:candidate name="Nickols, Amos"  id="NA0022"/>
<auth:candidate name="Niell, Alexander"  id="NA0023"/>
<auth:candidate name="Newall, A. T."  id="NA0024"/>
<auth:candidate name="Northey, Abijah, Jr."  id="NA0025"/>
<auth:candidate name="Newell, Allen"  id="NA0026"/>
<auth:candidate name="Neely, Alexander"  id="NA0027"/>
<auth:candidate name="Neely, Abraham"  id="NA0028"/>
<auth:candidate name="North, Abijah"  id="NA0031"/>
<auth:candidate name="Norton, Alson"  id="NA0032"/>
<auth:candidate name="Norton, Aaron"  id="NA0033"/>
<auth:candidate name="Nelson, Andrew"  id="NA0034"/>
<auth:candidate name="Norney, Andrew"  id="NA0035"/>
<auth:candidate name="Newhardt, Adam"  id="NA0036"/>
<auth:candidate name="Nilson, Andrew"  id="NA0037"/>
<auth:candidate name="Nawgle, Anthony"  id="NA0038"/>
<auth:candidate name="Neidhigh, Adam"  id="NA0040"/>
<auth:candidate name="Nott, Abraham"  id="NA0041"/>
<auth:candidate name="Nimmons, Andrew"  id="NA0044"/>
<auth:candidate name="Neff, A."  id="NA0050"/>
<auth:candidate name="Newall, Amos"  id="NA0053"/>
<auth:candidate name="Netherland, B."  id="NB0000"/>
<auth:candidate name="Naglee, Benjamin"  id="NB0002"/>
<auth:candidate name="Nicholson, Barker C."  id="NB0003"/>
<auth:candidate name="Nourse, Benjamin"  id="NB0004"/>
<auth:candidate name="Nutter, Charles"  id="NC0000"/>
<auth:candidate name="Nicholson, Charles R."  id="NC0003"/>
<auth:candidate name="Newcomer, C., Jr."  id="NC0009"/>
<auth:candidate name="Norwood, Caleb, Jr."  id="NC0010"/>
<auth:candidate name="Newbold, Caleb"  id="NC0011"/>
<auth:candidate name="Nellis, Christian"  id="NC0014"/>
<auth:candidate name="Nichols, Caleb"  id="NC0015"/>
<auth:candidate name="North, Caleb"  id="NC0016"/>
<auth:candidate name="Nicholson, Charles"  id="NC0020"/>
<auth:candidate name="Norton, Charles M."  id="NC0021"/>
<auth:candidate name="Nafe, Charles"  id="NC0022"/>
<auth:candidate name="Newlin, Cyrus"  id="NC0023"/>
<auth:candidate name="Newman, Daniel"  id="ND0000"/>
<auth:candidate name="Newcomer, David"  id="ND0003"/>
<auth:candidate name="Nye, David"  id="ND0004"/>
<auth:candidate name="Noble, Daniel"  id="ND0016"/>
<auth:candidate name="Newcomb, Daniel"  id="ND0018"/>
<auth:candidate name="Nivin, David"  id="ND0019"/>
<auth:candidate name="Newbury, Daniel"  id="ND0020"/>
<auth:candidate name="Newbold, Daniel"  id="ND0024"/>
<auth:candidate name="Norton, Daniel S."  id="ND0028"/>
<auth:candidate name="Nelson, David"  id="ND0029"/>
<auth:candidate name="Newsum, David"  id="ND0030"/>
<auth:candidate name="Nutter, David"  id="ND0031"/>
<auth:candidate name="Nivin, David"  id="ND0032"/>
<auth:candidate name="Naudain, Elias"  id="NE0000"/>
<auth:candidate name="Nye, Ebenezer"  id="NE0001"/>
<auth:candidate name="Norcross, Elyah"  id="NE0002"/>
<auth:candidate name="Newton, Ebenezer"  id="NE0003"/>
<auth:candidate name="Newman, Elias"  id="NE0007"/>
<auth:candidate name="Norton, Ebenezer F."  id="NE0010"/>
<auth:candidate name="North, Edward"  id="NE0012"/>
<auth:candidate name="Narvin, Ebenezer"  id="NE0013"/>
<auth:candidate name="Nichols, Edwin"  id="NE0014"/>
<auth:candidate name="Noel, Edwin"  id="NE0015"/>
<auth:candidate name="Naudain, E."  id="NE0016"/>
<auth:candidate name="Notrebe, Frederick"  id="NF0001"/>
<auth:candidate name="Nash, Francis"  id="NF0002"/>
    <auth:candidate name="Nicoll, Francis"  id="NF0003"/>
    <auth:candidate name="Neale, Francis"  id="NF0004"/>
<auth:candidate name="Newby, Frances"  id="NF0005"/>
<auth:candidate name="Nash, Frederick"  id="NF0006"/>
    <auth:candidate name="Norcum, Frederick"  id="NF0007"/>
    <auth:candidate name="Navarre, Francois"  id="NF0008"/>
<auth:candidate name="Neff, Frederick"  id="NF0009"/>
<auth:candidate name="Nichols, Francis B."  id="NF0011"/>
<auth:candidate name="Nance, Ferdinand"  id="NF0012"/>
<auth:candidate name="Nailor, George"  id="NG0000"/>
<auth:candidate name="Nolan, George G."  id="NG0001"/>
<auth:candidate name="Nace, George"  id="NG0002"/>
<auth:candidate name="Nicholson, George"  id="NG0003"/>
<auth:candidate name="Neal, George"  id="NG0004"/>
<auth:candidate name="Nabb, George W."  id="NG0005"/>
<auth:candidate name="Norse, Gabriel"  id="NG0006"/>
<auth:candidate name="Newkirk, Garret M."  id="NG0008"/>
<auth:candidate name="North, Gabriel"  id="NG0009"/>
<auth:candidate name="Needham, Gordon"  id="NG0012"/>
<auth:candidate name="Newell, Graham"  id="NG0013"/>
<auth:candidate name="Nellis, George H."  id="NG0014"/>
<auth:candidate name="Newcom, George"  id="NG0015"/>
<auth:candidate name="Nashee, George"  id="NG0020"/>
<auth:candidate name="Nebinger, George"  id="NG0021"/>
<auth:candidate name="Nyce, George"  id="NG0023"/>
<auth:candidate name="Nauman, Gotlieb"  id="NG0025"/>
<auth:candidate name="Nigh, George"  id="NG0026"/>
<auth:candidate name="Newman, George"  id="NG0028"/>
<auth:candidate name="Nice, George"  id="NG0029"/>
<auth:candidate name="Nace, George"  id="NG0032"/>
<auth:candidate name="Nagle, George"  id="NG0038"/>
<auth:candidate name="Norvell, George"  id="NG0040"/>
<auth:candidate name="North, George"  id="NG0041"/>
<auth:candidate name="Nicholson, George"  id="NG0042"/>
<auth:candidate name="Newton, George"  id="NG0043"/>
<auth:candidate name="Newkirk, George"  id="NG0046"/>
<auth:candidate name="Newbell, George"  id="NG0047"/>
<auth:candidate name="Newman, George"  id="NG0048"/>
<auth:candidate name="Nickerson, George"  id="NG0049"/>
<auth:candidate name="Nichols, H.C."  id="NH0000"/>
<auth:candidate name="Northcut, H."  id="NH0001"/>
<auth:candidate name="Neale, Henry"  id="NH0002"/>
<auth:candidate name="Niles, Hezekiah"  id="NH0005"/>
<auth:candidate name="Newcomb, Hezekiah, Jr."  id="NH0006"/>
<auth:candidate name="Nelson, Hosea"  id="NH0023"/>
<auth:candidate name="Norbury, Heath"  id="NH0026"/>
<auth:candidate name="Nixon, Henry G."  id="NH0029"/>
<auth:candidate name="Nichols, Harris"  id="NH0031"/>
<auth:candidate name="Nelson, Hugh"  id="NH0032"/>
<auth:candidate name="Nicholson, Henry"  id="NH0039"/>
<auth:candidate name="Newman, John H. K."  id="NH0040"/>
<auth:candidate name="Nichols, Israel"  id="NI0000"/>
<auth:candidate name="Nickols, Isaac"  id="NI0002"/>
<auth:candidate name="Nelson, Isaac"  id="NI0003"/>
<auth:candidate name="Nye, Ichabod"  id="NI0005"/>
<auth:candidate name="Norris, I. W."  id="NI0006"/>
<auth:candidate name="Newman, Isaac"  id="NI0007"/>
    <auth:candidate name="Nicholson, Isaac R."  id="NI0008"/>
    <auth:candidate name="Nicholl, Isaac"  id="NI2233"/>
    <auth:candidate name="Neale, James J."  id="NJ0000"/>
<auth:candidate name="Nicks, John"  id="NJ0001"/>
<auth:candidate name="Nolan, John E."  id="NJ0004"/>
<auth:candidate name="Nicoll, John C."  id="NJ0006"/>
<auth:candidate name="Nixon, James"  id="NJ0007"/>
<auth:candidate name="Nichols, J.W."  id="NJ0008"/>
<auth:candidate name="Noble, James"  id="NJ0009"/>
<auth:candidate name="Northrup, Joseph"  id="NJ0010"/>
<auth:candidate name="Neal, James"  id="NJ0011"/>
<auth:candidate name="New, John B."  id="NJ0012"/>
<auth:candidate name="Nabb, James"  id="NJ0013"/>
<auth:candidate name="Norvell, Joshua"  id="NJ0014"/>
<auth:candidate name="Noland, Jesse"  id="NJ0016"/>
<auth:candidate name="Naba, J."  id="NJ0019"/>
<auth:candidate name="Nicholson, John"  id="NJ0020"/>
<auth:candidate name="Norris, Jacob"  id="NJ0021"/>
<auth:candidate name="Nabb, James"  id="NJ0023"/>
<auth:candidate name="Nicholson, Joseph H."  id="NJ0026"/>
<auth:candidate name="Nelson, John"  id="NJ0035"/>
<auth:candidate name="Newcomb, J."  id="NJ0038"/>
<auth:candidate name="Nash, Joseph"  id="NJ0043"/>
<auth:candidate name="Nelson, Jeremiah"  id="NJ0045"/>
<auth:candidate name="Noyes, Joseph"  id="NJ0047"/>
<auth:candidate name="Nash, John T."  id="NJ0049"/>
<auth:candidate name="Neilson, John"  id="NJ0051"/>
<auth:candidate name="Northrup, Joseph"  id="NJ0054"/>
<auth:candidate name="Newell, James"  id="NJ0058"/>
<auth:candidate name="Niles, Jonathan"  id="NJ0059"/>
<auth:candidate name="Noyes, John"  id="NJ0064"/>
<auth:candidate name="Nicholls, John"  id="NJ0070"/>
<auth:candidate name="Nicholson, John"  id="NJ0071"/>
    <auth:candidate name="Nicholas, John"  id="NJ0072"/>
    <auth:candidate name="Nicholas, John"  id="NJ0073"/>
    <auth:candidate name="Nicholas, John, Jr."  id="NJ0074"/>
<auth:candidate name="Noble, Job"  id="NJ0081"/>
<auth:candidate name="Norton, James"  id="NJ0082"/>
<auth:candidate name="Nelson, John S."  id="NJ0084"/>
    <auth:candidate name="Norcum, James"  id="NJ0085"/>
    <auth:candidate name="Nicholson, John"  id="NJ0086"/>
<auth:candidate name="Norsleet, James"  id="NJ0087"/>
<auth:candidate name="Nelson, Joseph"  id="NJ0088"/>
<auth:candidate name="Nelson, Joseph"  id="NJ0091"/>
<auth:candidate name="Newport, Jesse"  id="NJ0092"/>
<auth:candidate name="Nelson, Joseph"  id="NJ0096"/>
<auth:candidate name="Nelson, James"  id="NJ0097"/>
<auth:candidate name="Nelson, John"  id="NJ0098"/>
<auth:candidate name="Noel, John"  id="NJ0099"/>
<auth:candidate name="Noble, Jacob"  id="NJ0100"/>
<auth:candidate name="Noel, Jacob"  id="NJ0103"/>
<auth:candidate name="Neville, John"  id="NJ0104"/>
<auth:candidate name="Nilson, John"  id="NJ0105"/>
<auth:candidate name="Nyce, John"  id="NJ0106"/>
<auth:candidate name="Newhart, Jacob"  id="NJ0109"/>
<auth:candidate name="Negley, John"  id="NJ0115"/>
<auth:candidate name="Neiler, John"  id="NJ0117"/>
<auth:candidate name="Neff, John R."  id="NJ0118"/>
<auth:candidate name="Neiler, Jacob"  id="NJ0120"/>
<auth:candidate name="Nicholson, James W."  id="NJ0123"/>
<auth:candidate name="Newbold, John"  id="NJ0131"/>
<auth:candidate name="Norbury, Joseph B."  id="NJ0132"/>
<auth:candidate name="Neil, John"  id="NJ0133"/>
<auth:candidate name="Noble, John"  id="NJ0135"/>
<auth:candidate name="Neal, John"  id="NJ0136"/>
<auth:candidate name="Newkirk, John"  id="NJ0138"/>
<auth:candidate name="Nevin, John"  id="NJ0139"/>
<auth:candidate name="Nelson, James"  id="NJ0142"/>
<auth:candidate name="Nixon, James"  id="NJ0145"/>
<auth:candidate name="Nicolls, John"  id="NJ0146"/>
<auth:candidate name="Neikirch, John"  id="NJ0148"/>
<auth:candidate name="Naglee, John"  id="NJ0149"/>
<auth:candidate name="Nesbit, James"  id="NJ0153"/>
<auth:candidate name="Neccolls, John"  id="NJ0154"/>
<auth:candidate name="Novinger, James"  id="NJ0156"/>
<auth:candidate name="Nicholls, John"  id="NJ0159"/>
<auth:candidate name="Nicholson, James"  id="NJ0160"/>
<auth:candidate name="Nesbit, John"  id="NJ0161"/>
<auth:candidate name="Norton, Jeptha"  id="NJ0162"/>
<auth:candidate name="Nettles, Jesse"  id="NJ0163"/>
<auth:candidate name="Norfleet, James"  id="NJ0166"/>
<auth:candidate name="Nelson, John R."  id="NJ0167"/>
<auth:candidate name="Noyes, John"  id="NJ0168"/>
<auth:candidate name="Neirson, John"  id="NJ0170"/>
<auth:candidate name="Neville, Joseph"  id="NJ0172"/>
    <auth:candidate name="Nicholson, J."  id="NJ0173"/>
    <auth:candidate name="Newland, John A."  id="NJ0174"/>
<auth:candidate name="Nimms, James"  id="NJ0176"/>
<auth:candidate name="Ninnally, John"  id="NJ0180"/>
<auth:candidate name="Niveson, John"  id="NJ0182"/>
    <auth:candidate name="Narrington, James"  id="NJ0185"/>
    <auth:candidate name="Norris, John"  id="NJ0186"/>
<auth:candidate name="Noel, James H."  id="NJ0187"/>
<auth:candidate name="Nash, John W."  id="NJ0188"/>
<auth:candidate name="Nicholson, John"  id="NJ0189"/>
<auth:candidate name="Neville, Jethro"  id="NJ0191"/>
<auth:candidate name="Nevitt, John B."  id="NJ0194"/>
<auth:candidate name="Norton, John H."  id="NJ0195"/>
    <auth:candidate name="Norton, John M."  id="NJ0196"/>
    <auth:candidate name="Noel, John Y."  id="NJ0197"/>
<auth:candidate name="Newcomb, Kinner"  id="NK0000"/>
<auth:candidate name="Newton, L."  id="NL0000"/>
    <auth:candidate name="Neth, Lewis, Jr."  id="NL0001"/>
    <auth:candidate name="Noble, Levin"  id="NL0002"/>
<auth:candidate name="Nash, Lonson"  id="NL0004"/>
<auth:candidate name="Neighbor, Leonard"  id="NL0005"/>
<auth:candidate name="Nagle, Leonard"  id="NL0007"/>
    <auth:candidate name="Noland, Lloyd"  id="NL0008"/>
    <auth:candidate name="Nelson, Madison"  id="NM0000"/>
<auth:candidate name="Neal, Moses L."  id="NM0001"/>
<auth:candidate name="Nash, Moses"  id="NM0003"/>
<auth:candidate name="Nussear, Michael R."  id="NM0005"/>
<auth:candidate name="Newman, Michael"  id="NM0006"/>
<auth:candidate name="Norton, M."  id="NM0008"/>
<auth:candidate name="Norman, Mathew"  id="NM0009"/>
<auth:candidate name="Nagle, Michael"  id="NM0010"/>
<auth:candidate name="Noble, Noah"  id="NN0000"/>
<auth:candidate name="Norris, Nicholas"  id="NN0001"/>
<auth:candidate name="Nye, Nathan"  id="NN0004"/>
<auth:candidate name="Neighbor, Nicholas"  id="NN0005"/>
<auth:candidate name="Newell, Nathan"  id="NN0010"/>
<auth:candidate name="Norfleet, N."  id="NN0011"/>
<auth:candidate name="Nye, Nial"  id="NN0012"/>
    <auth:candidate name="Newlin, Nathaniel"  id="NN0013"/>
    <auth:candidate name="Niles, Nathaniel"  id="NN0014"/>
<auth:candidate name="Nathans, Nathan"  id="NN0015"/>
<auth:candidate name="Northup, Nicholas C."  id="NN0016"/>
    <auth:candidate name="Norris, N."  id="NN0021"/>
<auth:candidate name="Newton, Nathaniel"  id="NN0032"/>
<auth:candidate name="Norton, Peter"  id="NP0000"/>
<auth:candidate name="Nichols, Perkins"  id="NP0002"/>
<auth:candidate name="Noyes, Parker"  id="NP0004"/>
<auth:candidate name="Newcomb, Platt"  id="NP0009"/>
<auth:candidate name="Neville, Presley"  id="NP0010"/>
<auth:candidate name="Neff, Peter"  id="NP0013"/>
<auth:candidate name="Noon, Philip"  id="NP0014"/>
<auth:candidate name="Nagle, Peter, Jr."  id="NP0015"/>
<auth:candidate name="Newhart, Peter"  id="NP0016"/>
<auth:candidate name="Noble, Patrick"  id="NP0025"/>
<auth:candidate name="Newberry, Roger"  id="NR0000"/>
<auth:candidate name="Noble, R. W."  id="NR0021"/>
<auth:candidate name="Nelson, Reuben W."  id="NR0023"/>
<auth:candidate name="Nelson, Roger"  id="NR0024"/>
<auth:candidate name="Nairne, Robert"  id="NR0032"/>
<auth:candidate name="Neale, Raphael, Jr."  id="NR0037"/>
<auth:candidate name="Newell, Robert"  id="NR0048"/>
<auth:candidate name="Noxon, Robert"  id="NR0055"/>
<auth:candidate name="Neely, Reuben"  id="NR0056"/>
<auth:candidate name="Neill, Robert O."  id="NR0062"/>
<auth:candidate name="Nash, Reuben"  id="NR0063"/>
<auth:candidate name="Nelson, Robert"  id="NR0064"/>
<auth:candidate name="Neal, Stephen"  id="NS0000"/>
<auth:candidate name="Newell, Samuel"  id="NS0003"/>
<auth:candidate name="Nolton, Samuel"  id="NS0004"/>
<auth:candidate name="Newman, Samuel"  id="NS0005"/>
<auth:candidate name="Nickerson, Salathiel"  id="NS0006"/>
<auth:candidate name="Newell, Samuel C."  id="NS0007"/>
<auth:candidate name="Nowell, Simon"  id="NS0008"/>
<auth:candidate name="North, Samuel"  id="NS0009"/>
<auth:candidate name="Newcomb, Simon"  id="NS0011"/>
<auth:candidate name="Nichols, Sylvester"  id="NS0012"/>
<auth:candidate name="Northington, Samuel"  id="NS0013"/>
<auth:candidate name="Norsworthy, Samuel"  id="NS0014"/>
<auth:candidate name="Northcutt, S. D."  id="NS0018"/>
<auth:candidate name="Nourse, Samuel R."  id="NS0019"/>
<auth:candidate name="Nelson, Samuel"  id="NS0020"/>
<auth:candidate name="Noble, Samuel"  id="NS0021"/>
    <auth:candidate name="Nixon, Samuel"  id="NS0022"/>
    <auth:candidate name="Newell, Samuel"  id="NS0023"/>
<auth:candidate name="Northam, Stephen T."  id="NS0024"/>
<auth:candidate name="Nelson, Samuel"  id="NS0025"/>
<auth:candidate name="Nottingham, Smith"  id="NS0026"/>
<auth:candidate name="Niblett, Sterling"  id="NS0027"/>
<auth:candidate name="Neill, Stephen T."  id="NS0029"/>
<auth:candidate name="Nicholas, Samuel"  id="NS0030"/>
<auth:candidate name="Nicholls, Samuel"  id="NS0031"/>
<auth:candidate name="Nealand, Thomas"  id="NT0000"/>
<auth:candidate name="Newhall, Timothy"  id="NT0001"/>
<auth:candidate name="Nichols, Thomas"  id="NT0006"/>
<auth:candidate name="Newbold, Thomas"  id="NT0008"/>
<auth:candidate name="Nostrand, Timothy"  id="NT0011"/>
<auth:candidate name="Nisbet, Thomas"  id="NT0012"/>
<auth:candidate name="Nesbit, Thomas"  id="NT0013"/>
<auth:candidate name="Norton, Thomas"  id="NT0014"/>
<auth:candidate name="Nichols, Thomas"  id="NT0015"/>
<auth:candidate name="Noyes, Thomas"  id="NT0016"/>
<auth:candidate name="Neely, Thomas"  id="NT0021"/>
<auth:candidate name="Newton, Thomas, Jr."  id="NT0024"/>
<auth:candidate name="Newton, Thomas, Sr."  id="NT0026"/>
<auth:candidate name="Nicholson, Thomas L."  id="NT0032"/>
<auth:candidate name="Nicholson, Thomas J."  id="NT0039"/>
    <auth:candidate name="Nelson, Thomas M."  id="NT0043"/>
    <auth:candidate name="Napier, Thomas"  id="NT0044"/>
<auth:candidate name="Nesmith, William"  id="NW0000"/>
<auth:candidate name="Nutter, William"  id="NW0003"/>
<auth:candidate name="Niblack, W."  id="NW0004"/>
<auth:candidate name="Noel, William"  id="NW0006"/>
<auth:candidate name="Neale, Wilfred"  id="NW0007"/>
<auth:candidate name="Newbold, William"  id="NW0009"/>
<auth:candidate name="Nixon, William"  id="NW0010"/>
<auth:candidate name="North, William"  id="NW0012"/>
    <auth:candidate name="Nicholas, William"  id="NW0019"/>
    <auth:candidate name="North, William"  id="NW0020"/>
    <auth:candidate name="Nelson, William"  id="NW0021"/>
    <auth:candidate name="Nott, William"  id="NW0022"/>
<auth:candidate name="Nash, William"  id="NW0023"/>
    <auth:candidate name="Niblack, William"  id="NW0024"/>
    <auth:candidate name="North, William"  id="NW0025"/>
<auth:candidate name="Nyce, William"  id="NW0027"/>
<auth:candidate name="Nice, William"  id="NW0028"/>
<auth:candidate name="Newbold, William"  id="NW0029"/>
<auth:candidate name="Nes, William"  id="NW0031"/>
<auth:candidate name="Nesbit, William"  id="NW0032"/>
<auth:candidate name="Nesbitt, Wilson"  id="NW0033"/>
<auth:candidate name="Norris, William"  id="NW0036"/>
<auth:candidate name="Norvell, William"  id="NW0037"/>
<auth:candidate name="Newton, Willoughby"  id="NW0039"/>
<auth:candidate name="Nimmo, William"  id="NW0041"/>
<auth:candidate name="Nicholas, Wilson C."  id="NW0043"/>
<auth:candidate name="Noland, William F."  id="NW0044"/>
<auth:candidate name="Newsum, William"  id="NW0045"/>
    <auth:candidate name="Newsum, William, Jr."  id="NW0055"/>
    <auth:candidate name="Newsum, William"  id="NW0057"/>
<auth:candidate name="Newton, William"  id="NW0066"/>
<auth:candidate name="Needles, William"  id="NW0070"/>
<auth:candidate name="Norton, William"  id="NW0071"/>
<auth:candidate name="Neeley, William"  id="NW0073"/>
<auth:candidate name="Newman, Zadock"  id="NZ0000"/>
<auth:candidate name="Nivette, Z."  id="NZ0001"/>
</names-authority-list>	
