<?xml version="1.0" encoding="UTF-8"?> <names-authority-list xmlns:auth="http://dca.tufts.edu/aas/auth" xmlns:xref="http://dca/tufts.edu/aas/xref">

<auth:candidate name="Olmstead, Aaron"  id="OA0000"/>
<auth:candidate name="Olcott, Austin"  id="OA0003"/>
<auth:candidate name="Orr, Andrew"  id="OA0006"/>
<auth:candidate name="Orr, Alexander D."  id="OA0007"/>
<auth:candidate name="Oldham, Absalom"  id="OA0009"/>
<auth:candidate name="Ott, Adam"  id="OA0010"/>
<auth:candidate name="Ogden, Amos"  id="OA0014"/>
<auth:candidate name="Offutt, Aaron"  id="OA0015"/>
<auth:candidate name="Ogden, Abraham"  id="OA0023"/>
<auth:candidate name="Ogden, Aaron"  id="OA0025"/>
<auth:candidate name="Onderdonk, Andrew"  id="OA0038"/>
<auth:candidate name="Odell, Abraham"  id="OA0039"/>
<auth:candidate name="Olmsted, Aaron"  id="OA0047"/>
<auth:candidate name="Oliphant, A."  id="OA0053"/>
<auth:candidate name="Ogle, Alexander"  id="OA0054"/>
<auth:candidate name="Oakie, Abraham"  id="OA0069"/>
<auth:candidate name="Oberle, Andrew"  id="OA0071"/>
<auth:candidate name="Odom, Archibald"  id="OA0075"/>
<auth:candidate name="O'Hara, Arthur H."  id="OA0077"/>
<auth:candidate name="Outlaw, Alexander"  id="OA0078"/>
<auth:candidate name="Overton, Archibald W."  id="OA0080"/>
<auth:candidate name="Osborne, Abner"  id="OA0081"/>
<auth:candidate name="Owens, Benjamin"  id="OB0000"/>
<auth:candidate name="Ogle, Benjamin"  id="OB0001"/>
<auth:candidate name="Oliver, Benjamin L."  id="OB0002"/>
<auth:candidate name="Osborn, Bennet"  id="OB0003"/>
<auth:candidate name="Oakford, Benjamin W."  id="OB0004"/>
<auth:candidate name="Owen, Benjamin"  id="OB0005"/>
<auth:candidate name="Ogle, Benjamin"  id="OB0006"/>
<auth:candidate name="Orr, Benjamin"  id="OB0007"/>
    <auth:candidate name="Odinsell, Charles"  id="OC0000"/>
    <auth:candidate name="O'Donnell, Columbus"  id="OC0001"/>
    <auth:candidate name="Onion, Corbin L."  id="OC0002"/>
<auth:candidate name="Oldham, Charles"  id="OC0004"/>
<auth:candidate name="Ogden, Charles"  id="OC0005"/>
<auth:candidate name="Oakley, Cornelius"  id="OC0006"/>
<auth:candidate name="Oyster, Christian"  id="OC0007"/>
<auth:candidate name="Owens, David"  id="OD0000"/>
<auth:candidate name="Olin, Dudley"  id="OD0001"/>
<auth:candidate name="Osborn, David"  id="OD0002"/>
    <auth:candidate name="Ostrum, David"  id="OD0003"/>
    <auth:candidate name="Owen, Daniel"  id="OD0004"/>
<auth:candidate name="Olmstead, David"  id="OD0005"/>
<auth:candidate name="Ogden, David A."  id="OD0006"/>
<auth:candidate name="Owen, David E."  id="OD0007"/>
<auth:candidate name="Oadom, Daniel"  id="OD0011"/>
    <auth:candidate name="Owen, David"  id="OD0012"/>
    <auth:candidate name="Ouensells, Daniel"  id="OD0013"/>
    <auth:candidate name="Owen, David"  id="OD9999"/>
<auth:candidate name="Owens, Elijah"  id="OE0000"/>
<auth:candidate name="Owen, Ezra"  id="OE0003"/>
<auth:candidate name="Overman, Ephraim"  id="OE0005"/>
<auth:candidate name="Owen, Edward"  id="OE0007"/>
<auth:candidate name="Orrick, Edward"  id="OE0010"/>
<auth:candidate name="Oliver, Ebenezer"  id="OE0016"/>
<auth:candidate name="Osborn, Elias"  id="OE0019"/>
<auth:candidate name="Osborn, Ezra"  id="OE0023"/>
<auth:candidate name="Owen, Evan"  id="OE0024"/>
<auth:candidate name="Osborne, Ebenezer"  id="OE0025"/>
<auth:candidate name="Olney, Elisha"  id="OE0026"/>
<auth:candidate name="Owen, George W."  id="OG0000"/>
<auth:candidate name="Owens, George W."  id="OG0004"/>
<auth:candidate name="Osgood, George"  id="OG0007"/>
<auth:candidate name="Ogden, Gouverneur"  id="OG0009"/>
<auth:candidate name="Outlaw, George"  id="OG0010"/>
<auth:candidate name="Outlaw, George B."  id="OG0013"/>
<auth:candidate name="Oyster, George"  id="OG0014"/>
<auth:candidate name="Odenheimer, George"  id="OG0015"/>
<auth:candidate name="Odom, George"  id="OG0016"/>
<auth:candidate name="Olin, Gideon"  id="OG0018"/>
<auth:candidate name="Orrick, George"  id="OG0026"/>
<auth:candidate name="Osborne, Henry"  id="OH0000"/>
<auth:candidate name="Oram, Henry"  id="OH0005"/>
<auth:candidate name="Orne, Henry"  id="OH0027"/>
<auth:candidate name="Otis, Harrison G."  id="OH0028"/>
<auth:candidate name="Osborne, Henry"  id="OH0031"/>
<auth:candidate name="Oothoudt, Henry"  id="OH0033"/>
<auth:candidate name="Onderdonk, Hendrick"  id="OH0034"/>
<auth:candidate name="Orvis, Horatio"  id="OH0036"/>
<auth:candidate name="Orbison, Henry"  id="OH0039"/>
<auth:candidate name="Orth, Henry"  id="OH0041"/>
<auth:candidate name="Ober, Henry"  id="OH0042"/>
<auth:candidate name="Ohl, Henry"  id="OH0048"/>
<auth:candidate name="Overholtzer, Henry D."  id="OH0049"/>
<auth:candidate name="Olin, Henry"  id="OH0050"/>
<auth:candidate name="Opie, Hiram L."  id="OH0054"/>
<auth:candidate name="Owen, Ignatius P."  id="OI0000"/>
<auth:candidate name="Ogden, Isaac"  id="OI0002"/>
<auth:candidate name="Otey, Isaac"  id="OI0006"/>
<auth:candidate name="Owen, Jonathan L."  id="OJ0000"/>
    <auth:candidate name="Oliver, Joseph G."  id="OJ0001"/>
    <auth:candidate name="O'Brion, James"  id="OJ0002"/>
<auth:candidate name="Oglesby, Joshua"  id="OJ0003"/>
<auth:candidate name="Ogle, Jacob"  id="OJ0004"/>
<auth:candidate name="O'Brien, Jeremiah"  id="OJ0005"/>
    <auth:candidate name="O'Brian, Jeremiah, Jr."  id="OJ0006"/>
    <auth:candidate name="Oliver, Joseph"  id="OJ0007"/>
<auth:candidate name="Oliver, Joseph"  id="OJ0009"/>
    <auth:candidate name="Oglesby, Joseph"  id="OJ0010"/>
    <auth:candidate name="O'Donnell, John"  id="OJ0011"/>
<auth:candidate name="Ockeltree, John"  id="OJ0013"/>
<auth:candidate name="Owens, John"  id="OJ0014"/>
<auth:candidate name="Orillion, J."  id="OJ0015"/>
<auth:candidate name="Orrick, James"  id="OJ0016"/>
<auth:candidate name="Oglevie, John"  id="OJ0018"/>
<auth:candidate name="Oneaon, John Barrett"  id="OJ0020"/>
<auth:candidate name="Owen, Joseph"  id="OJ0021"/>
<auth:candidate name="Owen, John"  id="OJ0022"/>
<auth:candidate name="Osgood, John"  id="OJ0024"/>
<auth:candidate name="Odell, James"  id="OJ0025"/>
    <auth:candidate name="Olds, Joel"  id="OJ0028"/>
    <auth:candidate name="O'Brien, Joseph"  id="OJ0029"/>
<auth:candidate name="Orr, John"  id="OJ0032"/>
<auth:candidate name="Outwater, John"  id="OJ0033"/>
<auth:candidate name="Ogden, John"  id="OJ0035"/>
<auth:candidate name="Ogden, Jonathan"  id="OJ0037"/>
<auth:candidate name="Ogden, Jedediah"  id="OJ0046"/>
<auth:candidate name="Opdycke, John"  id="OJ0051"/>
<auth:candidate name="Odell, Jonas"  id="OJ0055"/>
<auth:candidate name="Oakley, Jesse"  id="OJ0056"/>
<auth:candidate name="Oliver, James"  id="OJ0059"/>
<auth:candidate name="Owen, Jonathan"  id="OJ0069"/>
<auth:candidate name="Onderdonk, J."  id="OJ0070"/>
<auth:candidate name="Ostrom, John D."  id="OJ0071"/>
<auth:candidate name="Odell, Jacob"  id="OJ0074"/>
<auth:candidate name="Olmstead, Jonathan"  id="OJ0077"/>
<auth:candidate name="Osborn, John P."  id="OJ0078"/>
<auth:candidate name="Ostrander, John I."  id="OJ0079"/>
<auth:candidate name="Owen, Joseph"  id="OJ0081"/>
<auth:candidate name="Ostrom, John"  id="OJ0082"/>
<auth:candidate name="Orton, James"  id="OJ0084"/>
<auth:candidate name="Odeneal, John"  id="OJ0088"/>
<auth:candidate name="Owen, John"  id="OJ0089"/>
<auth:candidate name="Owens, James"  id="OJ0091"/>
<auth:candidate name="Overmire, J."  id="OJ0092"/>
<auth:candidate name="Owen, John"  id="OJ0093"/>
<auth:candidate name="Oliver, John"  id="OJ0094"/>
<auth:candidate name="Odenheimer, John"  id="OJ0095"/>
<auth:candidate name="Oniwalt, John"  id="OJ0100"/>
<auth:candidate name="Orr, John"  id="OJ0103"/>
<auth:candidate name="Oldden, James"  id="OJ0109"/>
<auth:candidate name="Oyster, John"  id="OJ0110"/>
<auth:candidate name="Oberdorf, Jacob"  id="OJ0111"/>
    <auth:candidate name="Overstreet, James"  id="OJ0112"/>
    <auth:candidate name="Overstreet, John"  id="OJ0113"/>
<auth:candidate name="Overton, John"  id="OJ0116"/>
<auth:candidate name="Oliver, John"  id="OJ0118"/>
<auth:candidate name="Old, James"  id="OJ0122"/>
<auth:candidate name="Orr, John D."  id="OJ0123"/>
    <auth:candidate name="Osburn, Joshua"  id="OJ0124"/>
    <auth:candidate name="Oldham, John P."  id="OJ7777"/>
    <auth:candidate name="O'Neal, Lawrence"  id="OL0000"/>
<auth:candidate name="Opdycke, Luther"  id="OL0002"/>
<auth:candidate name="Olcott, Michael"  id="OM0000"/>
<auth:candidate name="Ordonnez, Manuel"  id="OM0001"/>
<auth:candidate name="Oswalt, Michael"  id="OM0002"/>
<auth:candidate name="Offley, Michael"  id="OM0005"/>
<auth:candidate name="Olmstead, N.H."  id="ON0000"/>
<auth:candidate name="Osgood, Nathan"  id="ON0001"/>
<auth:candidate name="Orsburn, Osias"  id="OO0000"/>
<auth:candidate name="O'Bannon, Presley N."  id="OP0000"/>
<auth:candidate name="Owings, Patrick"  id="OP0006"/>
<auth:candidate name="Odenheimer, Philip"  id="OP0012"/>
<auth:candidate name="Oliver, Peter"  id="OP0022"/>
<auth:candidate name="O'Flin, Patrick"  id="OP0023"/>
<auth:candidate name="Ogle, Peter L."  id="OP0024"/>
<auth:candidate name="Odenwelder, Philip"  id="OP0100"/>
<auth:candidate name="Owings, Richard"  id="OR0000"/>
<auth:candidate name="Orrell, Robert"  id="OR0001"/>
<auth:candidate name="Oglesby, Richard"  id="OR0002"/>
<auth:candidate name="Oldson, Robert"  id="OR0006"/>
<auth:candidate name="Odell, Richard"  id="OR0009"/>
<auth:candidate name="Ogden, Robert"  id="OR0010"/>
<auth:candidate name="Orr, Robert"  id="OR0014"/>
<auth:candidate name="Oakley, Robert"  id="OR0015"/>
<auth:candidate name="Officer, Robert"  id="OR0023"/>
    <auth:candidate name="Owen, Robert"  id="OR0027"/>
    <auth:candidate name="Osburn, Richard"  id="OR5551"/>
    <auth:candidate name="Osborne, Samuel G."  id="OS0000"/>
<auth:candidate name="Omelveny, Samuel"  id="OS0001"/>
<auth:candidate name="Ormsby, Stephen"  id="OS0002"/>
    <auth:candidate name="Overton, Samuel"  id="OS0004"/>
    <auth:candidate name="Oxx, Samuel"  id="OS0006"/>
<auth:candidate name="Ogilsby, Samuel"  id="OS0011"/>
<auth:candidate name="Owings, Samuel"  id="OS0013"/>
<auth:candidate name="Olcott, Simeon"  id="OS0017"/>
<auth:candidate name="Ogden, Samuel"  id="OS0019"/>
<auth:candidate name="Osgood, Samuel"  id="OS0022"/>
<auth:candidate name="Owens, Stephen"  id="OS0023"/>
<auth:candidate name="Ogden, Samuel"  id="OS0024"/>
<auth:candidate name="Osborn, Samuel"  id="OS0025"/>
<auth:candidate name="Osburn, Thomas"  id="OT0001"/>
<auth:candidate name="Osgood, Timothy"  id="OT0002"/>
<auth:candidate name="Oakley, Thomas J."  id="OT0003"/>
    <auth:candidate name="Owings, Thomas Dye"  id="OT0004"/>
    <auth:candidate name="O'Bryan, Thomas"  id="OT0005"/>
<auth:candidate name="Offut, Tilghmun"  id="OT0006"/>
<auth:candidate name="Odle, Thomas"  id="OT0008"/>
<auth:candidate name="Orr, Thomas"  id="OT0009"/>
<auth:candidate name="Osborn, Thomas"  id="OT0010"/>
<auth:candidate name="Olds, Thomas"  id="OT0011"/>
    <auth:candidate name="Owen, Thos."  id="OT0014"/>
<auth:candidate name="Oothout, V. D."  id="OV0000"/>
<auth:candidate name="Opp, Valentine"  id="OV0001"/>
<auth:candidate name="Owen, William P."  id="OW0000"/>
<auth:candidate name="O'Bryen, William"  id="OW0001"/>
    <auth:candidate name="Otwell, William"  id="OW0002"/>
    <auth:candidate name="O'Hara, William"  id="OW0003"/>
<auth:candidate name="Ogle, William"  id="OW0006"/>
<auth:candidate name="Overton, Worsley and"  id="OW0007"/>
<auth:candidate name="O'Bannon, William B."  id="OW0008"/>
<auth:candidate name="Osborn, William"  id="OW0010"/>
<auth:candidate name="Orne, William"  id="OW0015"/>
<auth:candidate name="Orr, William"  id="OW0020"/>
<auth:candidate name="Oldfield, William"  id="OW0021"/>
<auth:candidate name="Oakford, William"  id="OW0022"/>
<auth:candidate name="Orbison, William"  id="OW0023"/>
<auth:candidate name="Oliver, Walter"  id="OW0024"/>
<auth:candidate name="Overfield, William"  id="OW0025"/>
<auth:candidate name="Ogden, William"  id="OW0029"/>
<auth:candidate name="Oudenreid, William"  id="OW0030"/>
<auth:candidate name="Old, William"  id="OW0035"/>
    </names-authority-list>