<?xml version="1.0" encoding="UTF-8"?> <names-authority-list xmlns:auth="http://dca.tufts.edu/aas/auth" xmlns:xref="http://dca/tufts.edu/aas/xref">
    
    <auth:candidate name="Parker, Amos D."  id="PA0000"/>
<auth:candidate name="Palmer, Amos"  id="PA0001"/>
<auth:candidate name="Phelps, Arah"  id="PA0003"/>
<auth:candidate name="Phelps, Ashael"  id="PA0004"/>
<auth:candidate name="Patten, Amos"  id="PA0005"/>
    <auth:candidate name="Pierce, Abraham"  id="PA0007"/>
    <auth:candidate name="Peck, Adam"  id="PA0008"/>
<auth:candidate name="Powell, Allen B."  id="PA0011"/>
<auth:candidate name="Porter, Anthony"  id="PA0016"/>
<auth:candidate name="Prickett, Abraham"  id="PA0018"/>
<auth:candidate name="Philips, Alexander"  id="PA0019"/>
<auth:candidate name="Philips, Asahel"  id="PA0020"/>
<auth:candidate name="Parker, Aquila"  id="PA0025"/>
<auth:candidate name="Parker, Alexander"  id="PA0026"/>
    <auth:candidate name="Pope, Alexander"  id="PA0028"/>
    <auth:candidate name="Peychaud, A."  id="PA0030"/>
<auth:candidate name="Price, Andrew F."  id="PA0031"/>
<auth:candidate name="Parris, Albion K."  id="PA0033"/>
<auth:candidate name="Price, Andrew"  id="PA0034"/>
<auth:candidate name="Price, Abraham H."  id="PA0036"/>
<auth:candidate name="Price, Andrew"  id="PA0038"/>
<auth:candidate name="Peters, Andrew"  id="PA0046"/>
<auth:candidate name="Pierson, Azel"  id="PA0051"/>
<auth:candidate name="Post, Adrian"  id="PA0061"/>
<auth:candidate name="Paradise, Anthony"  id="PA0064"/>
<auth:candidate name="Post, Anthony"  id="PA0067"/>
<auth:candidate name="Predfoot, Andrew"  id="PA0069"/>
<auth:candidate name="Pratt, Anson"  id="PA0070"/>
<auth:candidate name="Porter, Asahel"  id="PA0073"/>
<auth:candidate name="Patterson, Amos"  id="PA0076"/>
<auth:candidate name="Peabody, Amos"  id="PA0078"/>
<auth:candidate name="Porter, Augustus"  id="PA0079"/>
<auth:candidate name="Preston, Andrews"  id="PA0080"/>
<auth:candidate name="Powell, Adam"  id="PA0081"/>
<auth:candidate name="Philips, Abraham"  id="PA0082"/>
<auth:candidate name="Pitzer, Anthony"  id="PA0084"/>
<auth:candidate name="Pinkerton, Alexander R."  id="PA0086"/>
<auth:candidate name="Porter, A."  id="PA0088"/>
<auth:candidate name="Potter, Andrew"  id="PA0089"/>
<auth:candidate name="Porter, Andrew"  id="PA0090"/>
<auth:candidate name="Premir, Adam"  id="PA0092"/>
<auth:candidate name="Price, Abijah"  id="PA0093"/>
<auth:candidate name="Powers, Alexander"  id="PA0094"/>
<auth:candidate name="Park, Ada"  id="PA0095"/>
<auth:candidate name="Phillips, Abraham"  id="PA0096"/>
<auth:candidate name="Parke, Asa"  id="PA0097"/>
<auth:candidate name="Prevost, Andrew M."  id="PA0101"/>
<auth:candidate name="Pattison, Alexander"  id="PA0102"/>
<auth:candidate name="Penall, Abraham"  id="PA0103"/>
<auth:candidate name="Parish, Archippus"  id="PA0104"/>
<auth:candidate name="Pollard, A. F."  id="PA0105"/>
<auth:candidate name="Peckham, Alanson"  id="PA0106"/>
<auth:candidate name="Pickens, Andrew"  id="PA0107"/>
    <auth:candidate name="Patterson, Andrew"  id="PA0108"/>
    <auth:candidate name="Pickens, Andrew"  id="PA0109"/>
<auth:candidate name="Pawley, Anthony"  id="PA0110"/>
<auth:candidate name="Paisley, Anthony"  id="PA0111"/>
<auth:candidate name="Pickens, Andrew, Jr."  id="PA0112"/>
    <auth:candidate name="Perry, Abraham"  id="PA0113"/>
    <auth:candidate name="Pruitt, Abraham"  id="PA0114"/>
<auth:candidate name="Peay, Austin Ford"  id="PA0115"/>
<auth:candidate name="Paine, Amasa"  id="PA0117"/>
<auth:candidate name="Parker, Alexander"  id="PA0121"/>
<auth:candidate name="Petetrie, Archibald"  id="PA0122"/>
<auth:candidate name="Powell, Alfred H."  id="PA0123"/>
<auth:candidate name="Payne, A."  id="PA0124"/>
<auth:candidate name="Porterfield, Archibald"  id="PA0127"/>
<auth:candidate name="Powell, Addison"  id="PA0129"/>
    <auth:candidate name="Porter, Alexander"  id="PA0130"/>
    <auth:candidate name="Potts, Abner"  id="PA0131"/>
<auth:candidate name="Phelps, Azahel"  id="PA0132"/>
<auth:candidate name="Prince, Abraham"  id="PA0133"/>
<auth:candidate name="Porter, Benjamin"  id="PB0001"/>
<auth:candidate name="Philips, B."  id="PB0002"/>
<auth:candidate name="Parke, Benjamin"  id="PB0003"/>
    <auth:candidate name="Potter, Barrett"  id="PB0004"/>
    <auth:candidate name="Peckham, Benjamin"  id="PB0005"/>
<auth:candidate name="Prather, Basil"  id="PB0008"/>
<auth:candidate name="Pemberton, Bennett"  id="PB0009"/>
<auth:candidate name="Pollard, B."  id="PB0010"/>
<auth:candidate name="Pike, Benjamin"  id="PB0011"/>
<auth:candidate name="Patton, Benjamin W."  id="PB0013"/>
<auth:candidate name="Pyronnie, Bernard"  id="PB0014"/>
<auth:candidate name="Preston, Benjamin"  id="PB0015"/>
<auth:candidate name="Pigman, Benjamin S."  id="PB0017"/>
<auth:candidate name="Pindle, Benjamin T."  id="PB0020"/>
<auth:candidate name="Parran, Benjamin"  id="PB0022"/>
<auth:candidate name="Porter, Benjamin L."  id="PB0025"/>
<auth:candidate name="Pickman, Benjamin, Jr."  id="PB0029"/>
<auth:candidate name="Porter, Benjamin J."  id="PB0030"/>
<auth:candidate name="Pollard, Benjamin"  id="PB0033"/>
<auth:candidate name="Pierce, Benjamin"  id="PB0036"/>
<auth:candidate name="Pratte, Bernard"  id="PB0045"/>
<auth:candidate name="Pierce, Benjamin"  id="PB0047"/>
<auth:candidate name="Pierson, Benjamin"  id="PB0049"/>
<auth:candidate name="Paine, Barnabas"  id="PB0051"/>
<auth:candidate name="Paine, Brinton"  id="PB0052"/>
<auth:candidate name="Palmer, Beriah"  id="PB0055"/>
<auth:candidate name="Pond, Benjamin"  id="PB0058"/>
<auth:candidate name="Pierce, Benjamin"  id="PB0060"/>
<auth:candidate name="Pullman, B."  id="PB0062"/>
<auth:candidate name="Parker, B."  id="PB0063"/>
<auth:candidate name="Parks, B."  id="PB0064"/>
<auth:candidate name="Pearson, Benjamin"  id="PB0065"/>
<auth:candidate name="Piatt, Benjamin M."  id="PB0066"/>
<auth:candidate name="Purdum, Benjamin"  id="PB0067"/>
<auth:candidate name="Perry, Benjamin"  id="PB0069"/>
<auth:candidate name="Pedan, Benjamin"  id="PB0070"/>
<auth:candidate name="Pearson, Bevan"  id="PB0072"/>
<auth:candidate name="Pearson, Benjamin"  id="PB0074"/>
<auth:candidate name="Perry, Benjamin F."  id="PB0082"/>
<auth:candidate name="Peterson, Batte"  id="PB0083"/>
<auth:candidate name="Peele, Benjamin"  id="PB0084"/>
<auth:candidate name="Page, B."  id="PB0085"/>
<auth:candidate name="Powell, Burr"  id="PB0087"/>
<auth:candidate name="Pollard, Benjamin"  id="PB0091"/>
<auth:candidate name="Pryor, Brazure W."  id="PB0095"/>
<auth:candidate name="Payne, Barrett G."  id="PB0096"/>
    <auth:candidate name="Prettyman, Benjamin"  id="PB0097"/>
    <auth:candidate name="Pope, Burwell"  id="PB0098"/>
<auth:candidate name="Pond, Charles H."  id="PC0000"/>
<auth:candidate name="Polk, Charles"  id="PC0001"/>
<auth:candidate name="Powers, Clem"  id="PC0003"/>
<auth:candidate name="Pugsley, Charles"  id="PC0004"/>
<auth:candidate name="Paulding, C."  id="PC0005"/>
<auth:candidate name="Pothier, Charles"  id="PC0006"/>
<auth:candidate name="Porier, C."  id="PC0007"/>
<auth:candidate name="Parent, Charles"  id="PC0008"/>
<auth:candidate name="Perry, Charles J."  id="PC0009"/>
<auth:candidate name="Pierce, Charles S."  id="PC0010"/>
<auth:candidate name="Price, Charles"  id="PC0011"/>
    <auth:candidate name="Parker, Charles"  id="PC0012"/>
    <auth:candidate name="Partins, Charles R."  id="PC0013"/>
    <auth:candidate name="Pope, Carey W."  id="PC0014"/>
<auth:candidate name="Parker, Caleb"  id="PC0015"/>
<auth:candidate name="Packer, Charles"  id="PC0017"/>
<auth:candidate name="Price, Christopher M."  id="PC0019"/>
<auth:candidate name="Pemberton, Charles"  id="PC0020"/>
<auth:candidate name="Parker, Charles"  id="PC0022"/>
<auth:candidate name="Prior, Casparus"  id="PC0023"/>
<auth:candidate name="Peak, Christopher"  id="PC0028"/>
<auth:candidate name="Pierson, Charles"  id="PC0029"/>
<auth:candidate name="Patterson, Chester"  id="PC0030"/>
<auth:candidate name="Pease, Calvin"  id="PC0033"/>
<auth:candidate name="Payne, Colston"  id="PC0036"/>
<auth:candidate name="Pettit, Charles"  id="PC0037"/>
<auth:candidate name="Porter, Charles W."  id="PC0039"/>
<auth:candidate name="Porter, Charles"  id="PC0040"/>
<auth:candidate name="Pearce, Cromwell"  id="PC0044"/>
<auth:candidate name="Probst, Christian"  id="PC0046"/>
<auth:candidate name="Price, Chandler"  id="PC0053"/>
<auth:candidate name="Paine, Clement"  id="PC0054"/>
<auth:candidate name="Penrose, Charlie"  id="PC0057"/>
<auth:candidate name="Pastorius, Charles M."  id="PC0059"/>
<auth:candidate name="Pinckney, Charles"  id="PC0060"/>
<auth:candidate name="Pinckney, Charles C., Jr."  id="PC0067"/>
<auth:candidate name="Pegues, Christopher B."  id="PC0073"/>
<auth:candidate name="Patteson, Charles"  id="PC0074"/>
<auth:candidate name="Porter, Charles"  id="PC0075"/>
<auth:candidate name="Page, Carter"  id="PC0076"/>
<auth:candidate name="Poindexter, Carter B."  id="PC0077"/>
<auth:candidate name="Powell, Cuthberth"  id="PC0082"/>
    <auth:candidate name="Polk, Charles"  id="PC0083"/>
    <auth:candidate name="Prior, C."  id="PC1111"/>
<auth:candidate name="Peyton, Daniel"  id="PD0000"/>
    <auth:candidate name="Putnam, Daniel"  id="PD0001"/>
    <auth:candidate name="Pearce, Dutee J."  id="PD0002"/>
<auth:candidate name="Plant, David"  id="PD0008"/>
    <auth:candidate name="Perley, Daniel J."  id="PD0009"/>
    <auth:candidate name="Pike, Daniel"  id="PD0010"/>
<auth:candidate name="Porter, David"  id="PD0020"/>
<auth:candidate name="Parkinson, Daniel"  id="PD0022"/>
<auth:candidate name="Parker, Daniel"  id="PD0023"/>
<auth:candidate name="Page, David"  id="PD0024"/>
<auth:candidate name="Perham, David"  id="PD0025"/>
<auth:candidate name="Pennington, Dennis"  id="PD0026"/>
<auth:candidate name="Purvance, David"  id="PD0030"/>
<auth:candidate name="Patten, David"  id="PD0032"/>
<auth:candidate name="Putnam, Daniel"  id="PD0033"/>
<auth:candidate name="Payne, Duvall"  id="PD0038"/>
<auth:candidate name="Payson, David"  id="PD0039"/>
<auth:candidate name="Perry, David"  id="PD0040"/>
<auth:candidate name="Pickman, Dudley L."  id="PD0041"/>
<auth:candidate name="Putnam, David"  id="PD0044"/>
<auth:candidate name="Putnam, Daniel"  id="PD0048"/>
    <auth:candidate name="Phoenix, Daniel"  id="PD0049"/>
    <auth:candidate name="Plummer, Daniel"  id="PD0050"/>
<auth:candidate name="Pye, David"  id="PD0052"/>
<auth:candidate name="Paris, Daniel"  id="PD0053"/>
<auth:candidate name="Potter, Daniel"  id="PD0056"/>
<auth:candidate name="Purviance, David"  id="PD0061"/>
<auth:candidate name="Prince, David"  id="PD0069"/>
<auth:candidate name="Philips, David"  id="PD0070"/>
<auth:candidate name="Pentecost, Dorsey"  id="PD0071"/>
<auth:candidate name="Peterson, Derick"  id="PD0073"/>
<auth:candidate name="Pratt, David"  id="PD0075"/>
<auth:candidate name="Porter, David"  id="PD0077"/>
<auth:candidate name="Potts, David"  id="PD0078"/>
<auth:candidate name="Philips, Daniel"  id="PD0080"/>
<auth:candidate name="Porter, David R."  id="PD0081"/>
<auth:candidate name="Pennepacker, D."  id="PD0084"/>
<auth:candidate name="Post, David"  id="PD0086"/>
<auth:candidate name="Painter, Daniel"  id="PD0087"/>
<auth:candidate name="Potts, David, Jr."  id="PD0088"/>
<auth:candidate name="Porter, David"  id="PD0089"/>
<auth:candidate name="Perkins, Daniel"  id="PD0090"/>
<auth:candidate name="Peeples, Darling"  id="PD0091"/>
<auth:candidate name="Platt, Daniel"  id="PD0092"/>
<auth:candidate name="Patterson, David, Jr."  id="PD0093"/>
<auth:candidate name="Pitts, David"  id="PD0095"/>
<auth:candidate name="Patterson, David W."  id="PD0097"/>
<auth:candidate name="Parsons, David"  id="PD0101"/>
<auth:candidate name="Polk, Daniel"  id="PD0102"/>
    <auth:candidate name="Penny, David"  id="PD0103"/>
    <auth:candidate name="Perryman, David"  id="PD0104"/>
    <auth:candidate name="Puckett, D. J."  id="PD8299"/>
    <auth:candidate name="Plummer, Eli"  id="PE0000"/>
<auth:candidate name="Perkins, Elias"  id="PE0001"/>
<auth:candidate name="Poor, Ebenezer"  id="PE0006"/>
<auth:candidate name="Polk, Edward"  id="PE0008"/>
<auth:candidate name="Pike, Elijah P."  id="PE0009"/>
<auth:candidate name="Perkins, Enoch"  id="PE0010"/>
<auth:candidate name="Phelps, Elisha"  id="PE0012"/>
<auth:candidate name="Park, Ezekial E."  id="PE0032"/>
<auth:candidate name="Payne, Edward"  id="PE0034"/>
<auth:candidate name="Phelps, E. L."  id="PE0035"/>
<auth:candidate name="Powell, Erasmus"  id="PE0036"/>
<auth:candidate name="Prall, Edward"  id="PE0038"/>
<auth:candidate name="Pendleton, Edward"  id="PE0041"/>
<auth:candidate name="Pendleton, Ephraim"  id="PE0042"/>
<auth:candidate name="Procter, Edward"  id="PE0043"/>
<auth:candidate name="Pope, Edward"  id="PE0045"/>
<auth:candidate name="Pountz, Enos H."  id="PE0047"/>
<auth:candidate name="Perkins, Eliphalet"  id="PE0048"/>
<auth:candidate name="Phillips, Elias"  id="PE0049"/>
<auth:candidate name="Pierson, Ebenezer H."  id="PE0050"/>
<auth:candidate name="Padgett, Ephraim"  id="PE0051"/>
<auth:candidate name="Purdy, Ebenezer"  id="PE0055"/>
<auth:candidate name="Purdy, Ebenezer, Jr."  id="PE0056"/>
    <auth:candidate name="Paine, Edward"  id="PE0059"/>
    <auth:candidate name="Plowden, Edmund"  id="PE0060"/>
<auth:candidate name="Powell, Elisha"  id="PE0061"/>
<auth:candidate name="Price, Elijah"  id="PE0064"/>
<auth:candidate name="Patterson, Ezra"  id="PE0067"/>
<auth:candidate name="Post, Ezra"  id="PE0069"/>
<auth:candidate name="Pratt, Edward"  id="PE0074"/>
<auth:candidate name="Pomeroy, Enos"  id="PE0076"/>
<auth:candidate name="Pierce, Eli"  id="PE0078"/>
<auth:candidate name="Pearce, Everit"  id="PE0079"/>
<auth:candidate name="Phillips, Exum"  id="PE0080"/>
<auth:candidate name="Pasteur, Edward"  id="PE0083"/>
<auth:candidate name="Paine, Eleazer"  id="PE0085"/>
<auth:candidate name="Pearson, Elijah"  id="PE0086"/>
<auth:candidate name="Pennington, Edward"  id="PE0088"/>
<auth:candidate name="Pentland, Ephraim"  id="PE0090"/>
<auth:candidate name="Parker, Edward"  id="PE0091"/>
<auth:candidate name="Paxson, Edward"  id="PE0092"/>
<auth:candidate name="Packer, Edward"  id="PE0093"/>
<auth:candidate name="Potter, Elisha S."  id="PE0097"/>
    <auth:candidate name="Potter, Elisha R."  id="PE0102"/>
    <auth:candidate name="Pye, Edward"  id="PE0103"/>
<auth:candidate name="Pickens, Ezekiel"  id="PE0111"/>
<auth:candidate name="Pearson, E."  id="PE0114"/>
<auth:candidate name="Pringle, Edward J."  id="PE0115"/>
<auth:candidate name="Parsons, Enoch"  id="PE0116"/>
<auth:candidate name="Paine, Elijah"  id="PE0117"/>
<auth:candidate name="Pendleton, Edmund, Jr."  id="PE0118"/>
<auth:candidate name="Potts, Edward"  id="PE0119"/>
<auth:candidate name="Penn, Edmund"  id="PE0120"/>
<auth:candidate name="Pegram, Edward"  id="PE0121"/>
<auth:candidate name="Pollard, Edward"  id="PE0122"/>
<auth:candidate name="Pennington, E. M."  id="PE0123"/>
<auth:candidate name="Paine, Edward"  id="PE0124"/>
<auth:candidate name="Primrose, Elias"  id="PE0125"/>
<auth:candidate name="Percy, F. L."  id="PF0001"/>
<auth:candidate name="Phelps, Francis P."  id="PF0003"/>
<auth:candidate name="Patchin, Freegift"  id="PF0007"/>
<auth:candidate name="Parvin, Francis"  id="PF0009"/>
<auth:candidate name="Preston, Francis"  id="PF0010"/>
<auth:candidate name="Peyton, Francis"  id="PF0012"/>
    <auth:candidate name="Povall, Francis B."  id="PF0019"/>
    <auth:candidate name="Potter, George"  id="PG0000"/>
<auth:candidate name="Phillips, George"  id="PG0001"/>
<auth:candidate name="Pinny, Grove"  id="PG0002"/>
<auth:candidate name="Payne, Gilson"  id="PG0003"/>
<auth:candidate name="Penn, George"  id="PG0004"/>
<auth:candidate name="Proctor, George V."  id="PG0006"/>
<auth:candidate name="Pell, Gilbert T."  id="PG0009"/>
<auth:candidate name="Pickett, George"  id="PG0011"/>
<auth:candidate name="Park, Gorham"  id="PG0012"/>
<auth:candidate name="Pearcy, George"  id="PG0013"/>
<auth:candidate name="Plater, George"  id="PG0014"/>
<auth:candidate name="Purnell, George"  id="PG0015"/>
<auth:candidate name="Pearce, Gideon"  id="PG0019"/>
<auth:candidate name="Page, George"  id="PG0020"/>
<auth:candidate name="Palmer, George"  id="PG0023"/>
<auth:candidate name="Purnell, George"  id="PG0026"/>
<auth:candidate name="Parsons, George"  id="PG0028"/>
<auth:candidate name="Prisbury, George"  id="PG0029"/>
<auth:candidate name="Peter, George"  id="PG0031"/>
<auth:candidate name="Plater, George"  id="PG0035"/>
<auth:candidate name="Peck, Gustavus D."  id="PG0041"/>
<auth:candidate name="Poindexter, George"  id="PG0042"/>
<auth:candidate name="Paul, Gabriel"  id="PG0047"/>
<auth:candidate name="Prescott, George"  id="PG0048"/>
<auth:candidate name="Putnam, G."  id="PG0052"/>
<auth:candidate name="Perry, George"  id="PG0053"/>
<auth:candidate name="Pomeroy, George"  id="PG0054"/>
<auth:candidate name="Paddock, George"  id="PG0055"/>
<auth:candidate name="Payne, Gamaliel S."  id="PG0056"/>
<auth:candidate name="Palmer, George"  id="PG0057"/>
<auth:candidate name="Palmer, George"  id="PG0059"/>
<auth:candidate name="Palmer, George"  id="PG0061"/>
<auth:candidate name="Piper, George"  id="PG0062"/>
<auth:candidate name="Pearson, George"  id="PG0063"/>
    <auth:candidate name="Plumer, George"  id="PG0067"/>
    <auth:candidate name="Preston, George"  id="PG0068"/>
<auth:candidate name="Pfeil, George"  id="PG0069"/>
<auth:candidate name="Power, George"  id="PG0070"/>
<auth:candidate name="Pearson, George"  id="PG0071"/>
<auth:candidate name="Pierson, George"  id="PG0073"/>
<auth:candidate name="Pile, George"  id="PG0074"/>
<auth:candidate name="Potts, George M."  id="PG0077"/>
    <auth:candidate name="Philson, George"  id="PG0078"/>
    <auth:candidate name="Presbury, George"  id="PG0079"/>
<auth:candidate name="Parker, George"  id="PG0081"/>
<auth:candidate name="Porter, George B."  id="PG0084"/>
<auth:candidate name="Porcher, George"  id="PG0090"/>
<auth:candidate name="Perry, George"  id="PG0091"/>
<auth:candidate name="Painter, Gameliel"  id="PG0094"/>
<auth:candidate name="Parker, George"  id="PG0095"/>
<auth:candidate name="Poage, George"  id="PG0096"/>
<auth:candidate name="Penn, George"  id="PG0102"/>
    <auth:candidate name="Porterfield, George"  id="PG0103"/>
    <auth:candidate name="Priestman, George"  id="PG0104"/>
<auth:candidate name="Park, George"  id="PG0107"/>
<auth:candidate name="Platt, George"  id="PG0108"/>
<auth:candidate name="Phillips, Geo."  id="PG0109"/>
<auth:candidate name="Polk, George"  id="PG0110"/>
<auth:candidate name="Perry, Horatio G."  id="PH0000"/>
<auth:candidate name="Philpot, Horatio"  id="PH0001"/>
<auth:candidate name="Pawling, Henry"  id="PH0003"/>
    <auth:candidate name="Payne, Henry"  id="PH0004"/>
    <auth:candidate name="Pendleton, Henry"  id="PH0006"/>
<auth:candidate name="Parker, Henry"  id="PH0011"/>
<auth:candidate name="Page, Henry"  id="PH0012"/>
<auth:candidate name="Payson, Henry"  id="PH0013"/>
    <auth:candidate name="Physic, Henry W."  id="PH0014"/>
    <auth:candidate name="Purrington, Humphrey"  id="PH0015"/>
<auth:candidate name="Pratt, Henry R."  id="PH0016"/>
<auth:candidate name="Penniman, Henry"  id="PH0021"/>
<auth:candidate name="Parvin, Holmes"  id="PH0024"/>
<auth:candidate name="Peters, Henry"  id="PH0027"/>
<auth:candidate name="Pauling, Henry"  id="PH0028"/>
<auth:candidate name="Peebles, Hugh"  id="PH0029"/>
<auth:candidate name="Platt, Henry"  id="PH0030"/>
<auth:candidate name="Peck, Hermanus"  id="PH0032"/>
<auth:candidate name="Perine, Henry"  id="PH0034"/>
<auth:candidate name="Pope, H."  id="PH0036"/>
<auth:candidate name="Price, Hezekiah"  id="PH0038"/>
<auth:candidate name="Pawling, Henry"  id="PH0041"/>
<auth:candidate name="Pollard, Henry Pawling"  id="PH0042"/>
<auth:candidate name="Pratt, Henry"  id="PH0045"/>
<auth:candidate name="Pinkerton, H."  id="PH0046"/>
<auth:candidate name="Peterson, Henry"  id="PH0047"/>
<auth:candidate name="Peterson, H.W."  id="PH0048"/>
<auth:candidate name="Pinckney, Henry L."  id="PH0050"/>
<auth:candidate name="Perkins, Hardin"  id="PH0056"/>
<auth:candidate name="Paw, Henry"  id="PH0057"/>
<auth:candidate name="Phelps, Hugh"  id="PH0058"/>
    <auth:candidate name="Peake, Humphrey"  id="PH0059"/>
    <auth:candidate name="Price, Hezekiah"  id="PH0060"/>
<auth:candidate name="Prentiss, Henry L."  id="PH0062"/>
<auth:candidate name="Powell, Humphrey B."  id="PH0063"/>
<auth:candidate name="Peyton, Henry"  id="PH0064"/>
<auth:candidate name="Postlethwaite, H."  id="PH0065"/>
    <auth:candidate name="Peterson, Henry"  id="PH0066"/>
    <auth:candidate name="Patterson, Hugh L."  id="PH9999"/>
<auth:candidate name="Peterson, Israel"  id="PI0000"/>
<auth:candidate name="Pickens, Israel"  id="PI0001"/>
<auth:candidate name="Price, Isaac"  id="PI0003"/>
<auth:candidate name="Prickett, Isaac"  id="PI0004"/>
<auth:candidate name="Piggott, Isaac M."  id="PI0006"/>
<auth:candidate name="Piggot, Isaac N."  id="PI0008"/>
<auth:candidate name="Phillips, Isaac"  id="PI0009"/>
<auth:candidate name="Parker, Isaac"  id="PI0010"/>
<auth:candidate name="Pierson, Isaac"  id="PI0012"/>
<auth:candidate name="Pine, Isaac"  id="PI0015"/>
<auth:candidate name="Prime, Isaac"  id="PI0021"/>
<auth:candidate name="Phelps, Isaac, Jr."  id="PI0022"/>
<auth:candidate name="Pickens, Israel"  id="PI0025"/>
<auth:candidate name="Pennington, Israel"  id="PI0031"/>
<auth:candidate name="Proctor, Isaac"  id="PI0032"/>
<auth:candidate name="Parry, Isaac"  id="PI0033"/>
<auth:candidate name="Pennington, I."  id="PI0034"/>
<auth:candidate name="Parker, Isaac"  id="PI0035"/>
    <auth:candidate name="Philips, Israel"  id="PI0036"/>
    <auth:candidate name="Pennington, Israel"  id="PI2233"/>
    <auth:candidate name="Purnell, John L."  id="PJ0000"/>
<auth:candidate name="Peters, J.W."  id="PJ0001"/>
<auth:candidate name="Pickens, John B."  id="PJ0002"/>
<auth:candidate name="Peters, John T."  id="PJ0003"/>
<auth:candidate name="Prescott, Josiah"  id="PJ0004"/>
<auth:candidate name="Parker, James"  id="PJ0005"/>
<auth:candidate name="Pollard, Joseph"  id="PJ0006"/>
<auth:candidate name="Pratt, Joel"  id="PJ0007"/>
<auth:candidate name="Price, John"  id="PJ0008"/>
<auth:candidate name="Pierce, Josiah"  id="PJ0009"/>
<auth:candidate name="Powers, John"  id="PJ0010"/>
<auth:candidate name="Pratt, John"  id="PJ0011"/>
<auth:candidate name="Parsons, John U."  id="PJ0012"/>
    <auth:candidate name="Parlin, Jonas, Jr."  id="PJ0013"/>
    <auth:candidate name="Pearce, John"  id="PJ0014"/>
<auth:candidate name="Prime, Joseph"  id="PJ0015"/>
    <auth:candidate name="Peters, John S."  id="PJ0016"/>
    <auth:candidate name="Purnell, James"  id="PJ0017"/>
    <auth:candidate name="Plater, John R."  id="PJ0018"/>
    <auth:candidate name="Powers, James"  id="PJ0019"/>
    <auth:candidate name="Porter, Joseph"  id="PJ0020"/>
    <auth:candidate name="Prisbury, James G. L."  id="PJ0021"/>
    <auth:candidate name="Pitts, John"  id="PJ0022"/>
<auth:candidate name="Perkins, Jouph H."  id="PJ0023"/>
<auth:candidate name="Pattee, John"  id="PJ0025"/>
<auth:candidate name="Patton, John"  id="PJ0032"/>
<auth:candidate name="Pierce, Joseph"  id="PJ0035"/>
<auth:candidate name="Pope, John, Jr."  id="PJ0038"/>
<auth:candidate name="Pettibone, John"  id="PJ0040"/>
<auth:candidate name="Pelot, Joseph S."  id="PJ0042"/>
<auth:candidate name="Primrose, James"  id="PJ0043"/>
    <auth:candidate name="Porterfield, John"  id="PJ0045"/>
<auth:candidate name="Phillips, Joseph"  id="PJ0046"/>
<auth:candidate name="Pugh, Jonathan H."  id="PJ0047"/>
<auth:candidate name="Patterson, James"  id="PJ0048"/>
<auth:candidate name="Penn, Joseph"  id="PJ0049"/>
<auth:candidate name="Peirce, James"  id="PJ0051"/>
<auth:candidate name="Piggott, Joseph"  id="PJ0052"/>
<auth:candidate name="Peacock, James U."  id="PJ0054"/>
    <auth:candidate name="Piles, James"  id="PJ0057"/>
    <auth:candidate name="Plauce, J. B."  id="PJ0058"/>
<auth:candidate name="Pinnick, John"  id="PJ0059"/>
<auth:candidate name="Potter, John"  id="PJ0060"/>
<auth:candidate name="Paget, John"  id="PJ0061"/>
<auth:candidate name="Pratt, James A"  id="PJ0062"/>
<auth:candidate name="Poyle, Jesse"  id="PJ0063"/>
<auth:candidate name="Paddacks, Joseph"  id="PJ0064"/>
<auth:candidate name="Pugh, John"  id="PJ0065"/>
<auth:candidate name="Philips, John"  id="PJ0068"/>
<auth:candidate name="Paxton, James"  id="PJ0069"/>
<auth:candidate name="Parker, John"  id="PJ0070"/>
<auth:candidate name="Paxton, James A."  id="PJ0071"/>
<auth:candidate name="Pringle, James"  id="PJ0074"/>
    <auth:candidate name="Pope, John"  id="PJ0075"/>
    <auth:candidate name="Preston, John W."  id="PJ0076"/>
<auth:candidate name="Pleasants, Johnston and"  id="PJ0082"/>
<auth:candidate name="Perrin, Josephus"  id="PJ0085"/>
<auth:candidate name="Parker, John"  id="PJ0086"/>
<auth:candidate name="Patterson, James"  id="PJ0087"/>
<auth:candidate name="Porter, Joseph"  id="PJ0091"/>
<auth:candidate name="Phelps, Josiah"  id="PJ0092"/>
<auth:candidate name="Parker, James"  id="PJ0094"/>
<auth:candidate name="Pope, John"  id="PJ0095"/>
<auth:candidate name="Pickett, John"  id="PJ0098"/>
<auth:candidate name="Prewitt, Joel"  id="PJ0102"/>
<auth:candidate name="Patton, James C."  id="PJ0103"/>
<auth:candidate name="Perry, John"  id="PJ0104"/>
<auth:candidate name="Pickett, James C."  id="PJ0106"/>
<auth:candidate name="Payne, Jilson"  id="PJ0107"/>
<auth:candidate name="Patterson, J."  id="PJ0110"/>
<auth:candidate name="Payne, John"  id="PJ0119"/>
<auth:candidate name="Prevost, John B."  id="PJ0122"/>
<auth:candidate name="Paillette, J. C."  id="PJ0123"/>
<auth:candidate name="Poydrass, Julian"  id="PJ0124"/>
<auth:candidate name="Potts, J. B."  id="PJ0125"/>
<auth:candidate name="Prince, John"  id="PJ0126"/>
<auth:candidate name="Parnham, John"  id="PJ0127"/>
<auth:candidate name="Pennington, Josias"  id="PJ0129"/>
<auth:candidate name="Parker, James"  id="PJ0130"/>
<auth:candidate name="Prather, James"  id="PJ0133"/>
<auth:candidate name="Pratt, James Roe"  id="PJ0137"/>
<auth:candidate name="Prideaux, Joshua"  id="PJ0138"/>
<auth:candidate name="Purivance, James"  id="PJ0140"/>
<auth:candidate name="Pearce, James"  id="PJ0142"/>
<auth:candidate name="Porter, James L."  id="PJ0147"/>
<auth:candidate name="Partridge, John"  id="PJ0148"/>
<auth:candidate name="Patterson, John"  id="PJ0149"/>
<auth:candidate name="Price, James"  id="PJ0150"/>
<auth:candidate name="Plater, John R., Jr."  id="PJ0155"/>
<auth:candidate name="Polk, Josiah, Jr."  id="PJ0159"/>
<auth:candidate name="Patterson, James"  id="PJ0163"/>
<auth:candidate name="Prather, James, Jr."  id="PJ0167"/>
<auth:candidate name="Polk, James"  id="PJ0173"/>
<auth:candidate name="Powell, James"  id="PJ0174"/>
<auth:candidate name="Pitt, John R.W."  id="PJ0180"/>
<auth:candidate name="Pearce, James K."  id="PJ0184"/>
<auth:candidate name="Patterson, John"  id="PJ0186"/>
<auth:candidate name="Purnell, John S."  id="PJ0188"/>
<auth:candidate name="Pringle, James"  id="PJ0194"/>
<auth:candidate name="Prince, James"  id="PJ0195"/>
<auth:candidate name="Parker, John"  id="PJ0198"/>
<auth:candidate name="Pearson, John"  id="PJ0199"/>
<auth:candidate name="Peabody, John"  id="PJ0200"/>
<auth:candidate name="Peabody, Joseph"  id="PJ0202"/>
<auth:candidate name="Prince, Joseph"  id="PJ0203"/>
    <auth:candidate name="Punchard, John"  id="PJ0205"/>
    <auth:candidate name="Parlin, James"  id="PJ0206"/>
<auth:candidate name="Page, Jonathan"  id="PJ0207"/>
<auth:candidate name="Pickering, John, Jr."  id="PJ0211"/>
<auth:candidate name="Prince, John, Jr."  id="PJ0212"/>
<auth:candidate name="Peabody, Jacob"  id="PJ0214"/>
<auth:candidate name="Philips, John, Jr."  id="PJ0215"/>
<auth:candidate name="Pickens, John"  id="PJ0216"/>
<auth:candidate name="Putnam, Jesse"  id="PJ0228"/>
<auth:candidate name="Post, Justus"  id="PJ0231"/>
<auth:candidate name="Pickering, John"  id="PJ0232"/>
<auth:candidate name="Prentice, John"  id="PJ0235"/>
<auth:candidate name="Pierce, John"  id="PJ0236"/>
<auth:candidate name="Plummer, John, Jr."  id="PJ0242"/>
<auth:candidate name="Prentice, John"  id="PJ0245"/>
<auth:candidate name="Parrott, John F."  id="PJ0260"/>
<auth:candidate name="Parkhurst, Jabez"  id="PJ0263"/>
<auth:candidate name="Parker, James"  id="PJ0264"/>
<auth:candidate name="Peck, John"  id="PJ0265"/>
<auth:candidate name="Pissant, John"  id="PJ0267"/>
<auth:candidate name="Patterson, Jehu"  id="PJ0270"/>
<auth:candidate name="Phillips, John"  id="PJ0273"/>
<auth:candidate name="Post, John A."  id="PJ0288"/>
<auth:candidate name="Post, James"  id="PJ0290"/>
<auth:candidate name="Pintard, John"  id="PJ0291"/>
<auth:candidate name="Perine, Joseph"  id="PJ0292"/>
<auth:candidate name="Post, Jotham"  id="PJ0293"/>
<auth:candidate name="Phelps, Jedediah"  id="PJ0294"/>
<auth:candidate name="Post, John"  id="PJ0295"/>
<auth:candidate name="Potter, Joseph"  id="PJ0296"/>
<auth:candidate name="Platt, Jonas"  id="PJ0297"/>
<auth:candidate name="Pettit, Joseph"  id="PJ0298"/>
<auth:candidate name="Patterson, John"  id="PJ0301"/>
    <auth:candidate name="Parish, Jacob"  id="PJ0302"/>
    <auth:candidate name="Pinson, Joel"  id="PJ0303"/>
<auth:candidate name="Pine, Joshua"  id="PJ0304"/>
<auth:candidate name="Purdy, Joseph"  id="PJ0305"/>
<auth:candidate name="Petrie, John H."  id="PJ0306"/>
<auth:candidate name="Pompelly, James"  id="PJ0307"/>
<auth:candidate name="Porter, James"  id="PJ0315"/>
<auth:candidate name="Powers, James"  id="PJ0317"/>
<auth:candidate name="Pendergast, James"  id="PJ0318"/>
<auth:candidate name="Palmer, John"  id="PJ0320"/>
<auth:candidate name="Petit, James"  id="PJ0322"/>
<auth:candidate name="Pendergast, John J."  id="PJ0323"/>
<auth:candidate name="Prendergast, Jedediah"  id="PJ0324"/>
<auth:candidate name="Phillips, Joshua"  id="PJ0325"/>
<auth:candidate name="Peck, Jared"  id="PJ0330"/>
<auth:candidate name="Pierson, Jeremiah H."  id="PJ0331"/>
<auth:candidate name="Patchen, Jacob"  id="PJ0332"/>
<auth:candidate name="Price, John"  id="PJ0333"/>
<auth:candidate name="Pickett, Joseph"  id="PJ0334"/>
<auth:candidate name="Pearson, Joseph"  id="PJ0335"/>
<auth:candidate name="Parsons, Joseph"  id="PJ0338"/>
<auth:candidate name="Paine, J."  id="PJ0341"/>
<auth:candidate name="Phifer, John"  id="PJ0345"/>
<auth:candidate name="Pender, John"  id="PJ0347"/>
<auth:candidate name="Parish, Joel"  id="PJ0351"/>
<auth:candidate name="Pearson, Jesse A."  id="PJ0354"/>
<auth:candidate name="Paxton, John"  id="PJ0356"/>
<auth:candidate name="Perrel, John"  id="PJ0358"/>
<auth:candidate name="Pritchard, James"  id="PJ0360"/>
<auth:candidate name="Pitman, Jonathan"  id="PJ0362"/>
<auth:candidate name="Prince, Joseph"  id="PJ0367"/>
<auth:candidate name="Patterson, John"  id="PJ0368"/>
<auth:candidate name="Pollock, John"  id="PJ0375"/>
<auth:candidate name="Pegman, Joseph W."  id="PJ0385"/>
<auth:candidate name="Pierce, Joseph"  id="PJ0386"/>
<auth:candidate name="Perkins, John"  id="PJ0390"/>
<auth:candidate name="Pike, Jarvis"  id="PJ0391"/>
<auth:candidate name="Patch, John H."  id="PJ0392"/>
<auth:candidate name="Parker, Jacob"  id="PJ0394"/>
<auth:candidate name="Pigman, Joseph W."  id="PJ0395"/>
<auth:candidate name="Platt, John H."  id="PJ0397"/>
<auth:candidate name="Parish, John R."  id="PJ0399"/>
<auth:candidate name="Patterson, John"  id="PJ0401"/>
<auth:candidate name="Page, John"  id="PJ0404"/>
<auth:candidate name="Price, Jacob R."  id="PJ0405"/>
<auth:candidate name="Piper, John"  id="PJ0407"/>
<auth:candidate name="Powell, Joseph"  id="PJ0408"/>
<auth:candidate name="Powers, James"  id="PJ0409"/>
<auth:candidate name="Patton, John"  id="PJ0410"/>
<auth:candidate name="Poe, James"  id="PJ0412"/>
<auth:candidate name="Potts, John"  id="PJ0413"/>
<auth:candidate name="Pickering, James"  id="PJ0414"/>
<auth:candidate name="Pearson, J."  id="PJ0416"/>
<auth:candidate name="Penrose, Jonathan"  id="PJ0417"/>
<auth:candidate name="Pierce, Joseph"  id="PJ0421"/>
<auth:candidate name="Preston, John J."  id="PJ0422"/>
<auth:candidate name="Pope, James"  id="PJ0423"/>
<auth:candidate name="Price, John"  id="PJ0426"/>
<auth:candidate name="Preston, Jonas"  id="PJ0428"/>
<auth:candidate name="Pearson, John"  id="PJ0431"/>
<auth:candidate name="Porter, John"  id="PJ0433"/>
<auth:candidate name="Painter, Jacob"  id="PJ0434"/>
<auth:candidate name="Parker, John"  id="PJ0435"/>
<auth:candidate name="Preston, James"  id="PJ0438"/>
<auth:candidate name="Patton, James"  id="PJ0439"/>
<auth:candidate name="Pallet, John"  id="PJ0440"/>
<auth:candidate name="Postlethwait, Joseph R."  id="PJ0441"/>
<auth:candidate name="Pugh, John"  id="PJ0443"/>
<auth:candidate name="Parks, John"  id="PJ0447"/>
<auth:candidate name="Park, Joseph"  id="PJ0450"/>
<auth:candidate name="Park, John G."  id="PJ0455"/>
<auth:candidate name="Patterson, John"  id="PJ0466"/>
<auth:candidate name="Price, Joseph"  id="PJ0468"/>
<auth:candidate name="Patterson, James"  id="PJ0475"/>
<auth:candidate name="Pearson, James"  id="PJ0476"/>
<auth:candidate name="Parr, James"  id="PJ0477"/>
<auth:candidate name="Pierson, Joshua"  id="PJ0478"/>
<auth:candidate name="Painter, Jacob"  id="PJ0481"/>
<auth:candidate name="Phillips, J."  id="PJ0485"/>
<auth:candidate name="Parsons, Joshua"  id="PJ0487"/>
<auth:candidate name="Porter, James"  id="PJ0488"/>
<auth:candidate name="Pollack, James"  id="PJ0497"/>
<auth:candidate name="Pearson, Joseph"  id="PJ0502"/>
<auth:candidate name="Parker, John"  id="PJ0507"/>
<auth:candidate name="Purdon, John"  id="PJ0508"/>
<auth:candidate name="Pechin, John"  id="PJ0510"/>
<auth:candidate name="Painter, Jacob"  id="PJ0511"/>
<auth:candidate name="Pott, John"  id="PJ0517"/>
<auth:candidate name="Pryar, John"  id="PJ0519"/>
<auth:candidate name="Patterson, James"  id="PJ0522"/>
<auth:candidate name="Phillips, John"  id="PJ0525"/>
<auth:candidate name="Piersoll, Jeremiah"  id="PJ0529"/>
<auth:candidate name="Pothboust, John"  id="PJ0530"/>
<auth:candidate name="Pearce, Joseph"  id="PJ0531"/>
<auth:candidate name="Paxton, Joseph"  id="PJ0532"/>
<auth:candidate name="Pichin, John"  id="PJ0535"/>
<auth:candidate name="Pierce, John"  id="PJ0537"/>
<auth:candidate name="Phillipi, John"  id="PJ0542"/>
<auth:candidate name="Pattison, John"  id="PJ0543"/>
<auth:candidate name="Piatt, John"  id="PJ0545"/>
<auth:candidate name="Pollack, John"  id="PJ0548"/>
<auth:candidate name="Potts, John"  id="PJ0550"/>
<auth:candidate name="Pedan, John"  id="PJ0557"/>
    <auth:candidate name="Painter, John"  id="PJ0558"/>
    <auth:candidate name="Painter, Jacob"  id="PJ0559"/>
<auth:candidate name="Price, John R."  id="PJ0560"/>
<auth:candidate name="Pollock, James, Sr."  id="PJ0564"/>
<auth:candidate name="Parker, Joseph"  id="PJ0580"/>
<auth:candidate name="Pentecost, Joseph"  id="PJ0581"/>
<auth:candidate name="Pruner, Joseph"  id="PJ0583"/>
    <auth:candidate name="Patton, Joseph"  id="PJ0584"/>
    <auth:candidate name="Page, Joseph"  id="PJ0585"/>
<auth:candidate name="Pennell, Jonathan"  id="PJ0586"/>
<auth:candidate name="Parret, John"  id="PJ0588"/>
<auth:candidate name="Porter, John"  id="PJ0591"/>
<auth:candidate name="Phillips, John"  id="PJ0596"/>
<auth:candidate name="Patterson, James, Jr."  id="PJ0597"/>
<auth:candidate name="Prutzman, Joseph"  id="PJ0598"/>
<auth:candidate name="Patton, John"  id="PJ0600"/>
<auth:candidate name="Plumer, Jacob"  id="PJ0602"/>
<auth:candidate name="Pierce, Joshua"  id="PJ0603"/>
<auth:candidate name="Parthemer, John"  id="PJ0604"/>
<auth:candidate name="Probst, Jacob"  id="PJ0606"/>
<auth:candidate name="Parton, Joseph"  id="PJ0608"/>
<auth:candidate name="Powell, Joseph C."  id="PJ0610"/>
<auth:candidate name="Parke, John G."  id="PJ0611"/>
<auth:candidate name="Pierce, Joshua"  id="PJ0616"/>
<auth:candidate name="Peacock, James"  id="PJ0618"/>
<auth:candidate name="Potts, Joseph"  id="PJ0622"/>
<auth:candidate name="Piper, James"  id="PJ0629"/>
<auth:candidate name="Paul, James"  id="PJ0630"/>
<auth:candidate name="Pierce, John"  id="PJ0631"/>
<auth:candidate name="Peirsoll, Jeremiah"  id="PJ0633"/>
<auth:candidate name="Parker, Joseph"  id="PJ0638"/>
<auth:candidate name="Purcell, John"  id="PJ0639"/>
<auth:candidate name="Powers, John"  id="PJ0640"/>
<auth:candidate name="Perkins, John"  id="PJ0644"/>
<auth:candidate name="Pissel, Jacob"  id="PJ0647"/>
<auth:candidate name="Phillips, J."  id="PJ0648"/>
<auth:candidate name="Phillips, John R."  id="PJ0649"/>
<auth:candidate name="Petrikin, James M."  id="PJ0650"/>
<auth:candidate name="Price, John"  id="PJ0652"/>
<auth:candidate name="Paxson, John"  id="PJ0653"/>
<auth:candidate name="Peckham, Joshua"  id="PJ0654"/>
<auth:candidate name="Peckham, Joseph"  id="PJ0655"/>
<auth:candidate name="Pringle, John Julius"  id="PJ0657"/>
<auth:candidate name="Porter, Jabez"  id="PJ0658"/>
<auth:candidate name="Perry, James"  id="PJ0659"/>
<auth:candidate name="Porter, John"  id="PJ0660"/>
<auth:candidate name="Paisley, John"  id="PJ0661"/>
<auth:candidate name="Peyne, John"  id="PJ0662"/>
<auth:candidate name="Pearson, John"  id="PJ0663"/>
<auth:candidate name="Peace, Joseph"  id="PJ0664"/>
<auth:candidate name="Prioleau, John C."  id="PJ0665"/>
<auth:candidate name="Palmer, John"  id="PJ0666"/>
<auth:candidate name="Pringle, James R."  id="PJ0667"/>
<auth:candidate name="Presley, John"  id="PJ0668"/>
<auth:candidate name="Perry, John"  id="PJ0670"/>
<auth:candidate name="Pyatt, John"  id="PJ0672"/>
<auth:candidate name="Pope, John"  id="PJ0674"/>
<auth:candidate name="Pyatt, Joseph"  id="PJ0675"/>
<auth:candidate name="Palmer, John, Jr."  id="PJ0677"/>
<auth:candidate name="Potter, John"  id="PJ0678"/>
<auth:candidate name="Patterson, Joseph"  id="PJ0679"/>
<auth:candidate name="Postell, James C."  id="PJ0691"/>
<auth:candidate name="Payne, John W."  id="PJ0693"/>
<auth:candidate name="Pawley, J. W."  id="PJ0699"/>
<auth:candidate name="Pope, Joseph J."  id="PJ0700"/>
<auth:candidate name="Porter, John, Jr."  id="PJ0703"/>
<auth:candidate name="Poinsett, Joel R."  id="PJ0709"/>
<auth:candidate name="Pickens, Joseph"  id="PJ0711"/>
<auth:candidate name="Patterson, James"  id="PJ0712"/>
<auth:candidate name="Peck, Jacob"  id="PJ0713"/>
<auth:candidate name="Preston, James"  id="PJ0714"/>
<auth:candidate name="Porter, James P."  id="PJ0715"/>
<auth:candidate name="Parrish, Joel"  id="PJ0716"/>
<auth:candidate name="Peck, John"  id="PJ0719"/>
<auth:candidate name="Perkins, John"  id="PJ0720"/>
<auth:candidate name="Powell, James"  id="PJ0721"/>
<auth:candidate name="Pattitto, John"  id="PJ0722"/>
<auth:candidate name="Pope, John"  id="PJ0723"/>
<auth:candidate name="Parker, Josiah"  id="PJ0725"/>
<auth:candidate name="Pride, John"  id="PJ0727"/>
    <auth:candidate name="Page, John"  id="PJ0728"/>
    <auth:candidate name="Parker, John"  id="PJ0729"/>
<auth:candidate name="Paul, James"  id="PJ0730"/>
    <auth:candidate name="Purnall, John"  id="PJ0731"/>
    <auth:candidate name="Purivance, John"  id="PJ0732"/>
<auth:candidate name="Preston, John"  id="PJ0733"/>
<auth:candidate name="Purnell, John"  id="PJ0734"/>
    <auth:candidate name="Phripp, John"  id="PJ0735"/>
    <auth:candidate name="Polk, James K."  id="PJ0736"/>
<auth:candidate name="Pritchell, James"  id="PJ0748"/>
<auth:candidate name="Preston, James P."  id="PJ0754"/>
<auth:candidate name="Parry, Joshua"  id="PJ0759"/>
<auth:candidate name="Plummer, Jeremiah"  id="PJ0763"/>
<auth:candidate name="Pegram, John"  id="PJ0765"/>
<auth:candidate name="Pindall, James"  id="PJ0769"/>
<auth:candidate name="Pugh, Jonathan"  id="PJ0771"/>
<auth:candidate name="Peyton, J. H."  id="PJ0773"/>
<auth:candidate name="Pleasants, James, Jr."  id="PJ0779"/>
<auth:candidate name="Paton, John B."  id="PJ0785"/>
<auth:candidate name="Plumer, Jerome"  id="PJ0786"/>
<auth:candidate name="Parrish, John"  id="PJ0790"/>
<auth:candidate name="Pane, John"  id="PJ0791"/>
<auth:candidate name="Pindall, James"  id="PJ0798"/>
<auth:candidate name="Powell, James"  id="PJ0800"/>
<auth:candidate name="Page, John W."  id="PJ0801"/>
<auth:candidate name="Pinner, John G."  id="PJ0802"/>
<auth:candidate name="Patterson, John"  id="PJ0805"/>
<auth:candidate name="Pindall, James"  id="PJ0807"/>
<auth:candidate name="Peyton, John S."  id="PJ0813"/>
<auth:candidate name="Parker, James W."  id="PJ0816"/>
<auth:candidate name="Pleasants, John H."  id="PJ0818"/>
<auth:candidate name="Pryor, J."  id="PJ0819"/>
<auth:candidate name="Purdie, John H."  id="PJ0821"/>
<auth:candidate name="Pollard, John Camm"  id="PJ0822"/>
<auth:candidate name="Patton, James"  id="PJ0826"/>
<auth:candidate name="Posey, Jonathan B."  id="PJ0827"/>
<auth:candidate name="Porter, John"  id="PJ0828"/>
<auth:candidate name="Price, James"  id="PJ0829"/>
<auth:candidate name="Pleasanton, John"  id="PJ0830"/>
<auth:candidate name="Pennington, J."  id="PJ0831"/>
<auth:candidate name="Parsons, Joseph"  id="PJ0832"/>
    <auth:candidate name="Phillips, John C."  id="PJ0833"/>
    <auth:candidate name="Polhill, J.G."  id="PJ0834"/>
    <auth:candidate name="Plumer, Joseph"  id="PJ0835"/>
    <auth:candidate name="Pratt, Jacob"  id="PJ4566"/>
<auth:candidate name="Plummer, Kemp"  id="PK0000"/>
<auth:candidate name="Pope, LeRoy"  id="PL0000"/>
<auth:candidate name="Paine, Luther"  id="PL0001"/>
<auth:candidate name="Pruitt, Levi"  id="PL0003"/>
<auth:candidate name="Piles, Leonard P."  id="PL0005"/>
<auth:candidate name="Pollett, Levin"  id="PL0006"/>
    <auth:candidate name="Purnell, Lemuel"  id="PL0008"/>
<auth:candidate name="Pascault, Louis"  id="PL0012"/>
<auth:candidate name="Purnell, Littleton R."  id="PL0013"/>
<auth:candidate name="Parker, Luther M."  id="PL0014"/>
<auth:candidate name="Pierson, L."  id="PL0015"/>
    <auth:candidate name="Paine, Lyman"  id="PL0016"/>
    <auth:candidate name="Paine, Lemuel"  id="PL0017"/>
<auth:candidate name="Pawling, Levi"  id="PL0018"/>
<auth:candidate name="Pusey, Lea"  id="PL0020"/>
<auth:candidate name="Peters, Lewis"  id="PL0024"/>
<auth:candidate name="Paynter, Lemuel"  id="PL0028"/>
<auth:candidate name="Prewitt, Lemuel"  id="PL0029"/>
<auth:candidate name="Parham, Lewis"  id="PL0030"/>
<auth:candidate name="Powell, Leven"  id="PL0031"/>
<auth:candidate name="Parker, Marsham"  id="PM0000"/>
<auth:candidate name="Pearce, Matthew"  id="PM0001"/>
<auth:candidate name="Parks, Maybury"  id="PM0003"/>
<auth:candidate name="Parmer, Martin"  id="PM0004"/>
<auth:candidate name="Pettigrew, Mathew L."  id="PM0005"/>
<auth:candidate name="Peaslee, Moses"  id="PM0006"/>
    <auth:candidate name="Patterson, Matthew"  id="PM0007"/>
    <auth:candidate name="Preston, M.D."  id="PM0011"/>
<auth:candidate name="Phillips, Mills"  id="PM0012"/>
<auth:candidate name="Pettaway, Micajah"  id="PM0013"/>
<auth:candidate name="Patterson, Moses"  id="PM0014"/>
<auth:candidate name="Palmer, Moses"  id="PM0016"/>
<auth:candidate name="Pearce, M."  id="PM0020"/>
<auth:candidate name="Pinckney, Miles B."  id="PM0021"/>
<auth:candidate name="Pickett, Martin"  id="PM0022"/>
<auth:candidate name="Page, Matthew"  id="PM0024"/>
<auth:candidate name="Pitts, M.S."  id="PM0026"/>
<auth:candidate name="Power, Nathaniel"  id="PN0001"/>
<auth:candidate name="Palmer, Nathaniel"  id="PN0003"/>
<auth:candidate name="Phelps, Noah A."  id="PN0004"/>
<auth:candidate name="Perry, Nathaniel"  id="PN0009"/>
<auth:candidate name="Pinkard, Nathaniel"  id="PN0015"/>
<auth:candidate name="Pope, Nathaniel"  id="PN0016"/>
<auth:candidate name="Patterson, Nathaniel"  id="PN0019"/>
<auth:candidate name="Paine, Nathaniel"  id="PN0020"/>
<auth:candidate name="Peabody, Nathaniel"  id="PN0034"/>
<auth:candidate name="Parker, Nathaniel"  id="PN0042"/>
<auth:candidate name="Parker, Nahum"  id="PN0043"/>
<auth:candidate name="Price, Nathan"  id="PN0047"/>
<auth:candidate name="Potter, Nathaniel"  id="PN0048"/>
    <auth:candidate name="Pitcher, Nathaniel"  id="PN0050"/>
    <auth:candidate name="Perkins, N.T."  id="PN0051"/>
<auth:candidate name="Pinkham, Nathaniel"  id="PN0054"/>
<auth:candidate name="Pope, Nathaniel"  id="PN0055"/>
<auth:candidate name="Pawling, Nathan"  id="PN0056"/>
<auth:candidate name="Palmer, Nathan"  id="PN0060"/>
<auth:candidate name="Palmer, Nathaniel"  id="PN0064"/>
<auth:candidate name="Patterson, Nathan"  id="PN0066"/>
<auth:candidate name="Pennypacker, Nathaniel"  id="PN0068"/>
<auth:candidate name="Patterson, Nathan"  id="PN0070"/>
<auth:candidate name="Potts, Nathan R."  id="PN0077"/>
    <auth:candidate name="Pope, Nathaniel"  id="PN0079"/>
    <auth:candidate name="Plummer, Nathaniel, Jr."  id="PN0080"/>
<auth:candidate name="Pendleton, Nathaniel"  id="PN0081"/>
<auth:candidate name="Pillsbury, Nathaniel"  id="PN0082"/>
    <auth:candidate name="Prince, Oliver H."  id="PO0000"/>
    <auth:candidate name="Porter, Oliver"  id="PO0001"/>
<auth:candidate name="Peabody, Oliver"  id="PO0014"/>
<auth:candidate name="Pratt, Oliver"  id="PO0015"/>
<auth:candidate name="Phelps, Oliver"  id="PO0028"/>
<auth:candidate name="Parish, Orris"  id="PO0031"/>
<auth:candidate name="Pettibone, Oliver"  id="PO0034"/>
<auth:candidate name="Pollack, Oliver"  id="PO0036"/>
<auth:candidate name="Pettit, O. D."  id="PO0040"/>
<auth:candidate name="Pettit, Pierson"  id="PP0000"/>
<auth:candidate name="Percy, P."  id="PP0001"/>
<auth:candidate name="Pennaman, Peter"  id="PP0002"/>
<auth:candidate name="Payson, P."  id="PP0005"/>
<auth:candidate name="Page, Paul"  id="PP0006"/>
<auth:candidate name="Pell, Philip"  id="PP0007"/>
<auth:candidate name="Porter, Peter B."  id="PP0008"/>
<auth:candidate name="Pine, Peter"  id="PP0010"/>
<auth:candidate name="Price, Peter"  id="PP0015"/>
<auth:candidate name="Pelham, Peter"  id="PP0016"/>
<auth:candidate name="Parcels, Peter"  id="PP0017"/>
<auth:candidate name="Patterson, Peter"  id="PP0018"/>
<auth:candidate name="Parris, Peter"  id="PP0019"/>
<auth:candidate name="Paxton, Phineas"  id="PP0020"/>
<auth:candidate name="Pancake, Philip"  id="PP0022"/>
<auth:candidate name="Peltz, Philip"  id="PP0024"/>
<auth:candidate name="Pepfer, Philip"  id="PP0025"/>
<auth:candidate name="Pusey, Puah"  id="PP0031"/>
<auth:candidate name="Preston, Paul T."  id="PP0035"/>
<auth:candidate name="Porcher, Peter"  id="PP0039"/>
<auth:candidate name="Pocher, Philip"  id="PP0040"/>
<auth:candidate name="Pearson, Philip E."  id="PP0041"/>
<auth:candidate name="Pendleton, Philip C."  id="PP0046"/>
<auth:candidate name="Pryor, Philip"  id="PP0047"/>
<auth:candidate name="Phillips, Peter T."  id="PP0050"/>
<auth:candidate name="Pence, Peter"  id="PP0054"/>
<auth:candidate name="Perham, Philip"  id="PP0055"/>
<auth:candidate name="Purdom, Richard B."  id="PR0000"/>
<auth:candidate name="Peeler, Richard"  id="PR0001"/>
<auth:candidate name="Peeler, Richmond"  id="PR0002"/>
<auth:candidate name="Pooler, Robert W."  id="PR0003"/>
<auth:candidate name="Pratt, Robert"  id="PR0005"/>
<auth:candidate name="Patterson, Robert"  id="PR0006"/>
<auth:candidate name="Plummer, Robert"  id="PR0008"/>
<auth:candidate name="Powell, Robert"  id="PR0009"/>
<auth:candidate name="Potts, Richard"  id="PR0010"/>
<auth:candidate name="Pattison, Richard"  id="PR0011"/>
<auth:candidate name="Palmer, Robinson"  id="PR0012"/>
<auth:candidate name="Perry, Roger"  id="PR0015"/>
<auth:candidate name="Potts, Richard"  id="PR0018"/>
<auth:candidate name="Pindall, Richard"  id="PR0021"/>
<auth:candidate name="Puriviance, Robert"  id="PR0022"/>
<auth:candidate name="Peach, Richard"  id="PR0025"/>
<auth:candidate name="Paul, Rene"  id="PR0026"/>
<auth:candidate name="Pettibone, Rufus"  id="PR0028"/>
<auth:candidate name="Price, Richard"  id="PR0029"/>
<auth:candidate name="Post, Ralph"  id="PR0031"/>
<auth:candidate name="Pride, Reuben"  id="PR0032"/>
<auth:candidate name="Platt, Robert"  id="PR0033"/>
<auth:candidate name="Park, Robert"  id="PR0035"/>
<auth:candidate name="Page, Robert"  id="PR0037"/>
<auth:candidate name="Parish, R."  id="PR0038"/>
<auth:candidate name="Patterson, R."  id="PR0039"/>
<auth:candidate name="Parish, Richard"  id="PR0040"/>
<auth:candidate name="Power, R."  id="PR0041"/>
<auth:candidate name="Potter, Robert"  id="PR0042"/>
<auth:candidate name="Patterson, Robert"  id="PR0044"/>
<auth:candidate name="Peters, Richard"  id="PR0047"/>
<auth:candidate name="Porter, Robert"  id="PR0050"/>
<auth:candidate name="Patterson, Robert"  id="PR0052"/>
<auth:candidate name="Porter, Robert"  id="PR0054"/>
<auth:candidate name="Phelps, Robert"  id="PR0055"/>
<auth:candidate name="Peoples, Robert"  id="PR0056"/>
<auth:candidate name="Philson, Robert"  id="PR0062"/>
<auth:candidate name="Provenis, Robert"  id="PR0063"/>
<auth:candidate name="Palmer, Richard"  id="PR0065"/>
<auth:candidate name="Potter, Richard"  id="PR0066"/>
    <auth:candidate name="Patterson, Robert"  id="PR0068"/>
    <auth:candidate name="Price, Richard"  id="PR0069"/>
<auth:candidate name="Park, Russell"  id="PR0073"/>
<auth:candidate name="Povall, Richard"  id="PR0074"/>
<auth:candidate name="Patterson, Robert"  id="PR0075"/>
    <auth:candidate name="Potter, Robert L."  id="PR0077"/>
    <auth:candidate name="Prince, Robert"  id="PR0078"/>
<auth:candidate name="Palmer, Richard"  id="PR0086"/>
<auth:candidate name="Pyles, Reubon"  id="PR0087"/>
<auth:candidate name="Pinckney, Roger"  id="PR0088"/>
<auth:candidate name="Perry, Richard"  id="PR0091"/>
<auth:candidate name="Pringle, Robert A."  id="PR0092"/>
<auth:candidate name="Porterfield, Robert"  id="PR0095"/>
<auth:candidate name="Page, Robert"  id="PR0096"/>
<auth:candidate name="Pegram, Robert"  id="PR0100"/>
<auth:candidate name="Parker, Richard E."  id="PR0101"/>
<auth:candidate name="Pescud, Robert"  id="PR0106"/>
<auth:candidate name="Peters, R."  id="PR0110"/>
<auth:candidate name="Patton, Robert, Jr."  id="PR0112"/>
<auth:candidate name="Patterson, Reuben B."  id="PR0114"/>
<auth:candidate name="Perry, Sion L."  id="PS0000"/>
<auth:candidate name="Philips, Sylvanus"  id="PS0001"/>
<auth:candidate name="Pledger, Silas"  id="PS0003"/>
<auth:candidate name="Phillips, Samuel H."  id="PS0004"/>
<auth:candidate name="Pond, Samuel M."  id="PS0008"/>
<auth:candidate name="Prettyman, Sheppard"  id="PS0010"/>
<auth:candidate name="Perkins, Seth"  id="PS0011"/>
<auth:candidate name="Paradee, Stephen"  id="PS0012"/>
<auth:candidate name="Paynter, Samuel"  id="PS0014"/>
<auth:candidate name="Piles, Samuel"  id="PS0015"/>
<auth:candidate name="Patrick, Septer"  id="PS0016"/>
<auth:candidate name="Pierce, Samuel C."  id="PS0017"/>
<auth:candidate name="Prevo, Samuel"  id="PS0018"/>
<auth:candidate name="Parsons, Stephen"  id="PS0020"/>
<auth:candidate name="Patterson, Samuel"  id="PS0021"/>
<auth:candidate name="Purnell, Stephen"  id="PS0022"/>
    <auth:candidate name="Peters, Samuel"  id="PS0023"/>
    <auth:candidate name="Perry, Simeon"  id="PS0024"/>
    <auth:candidate name="Parris, Samuel"  id="PS0025"/>
<auth:candidate name="Paddison, Samuel"  id="PS0026"/>
<auth:candidate name="Porter, Samuel"  id="PS0027"/>
<auth:candidate name="Palmer, Sidney"  id="PS0028"/>
    <auth:candidate name="Phillips, Samuel"  id="PS0029"/>
    <auth:candidate name="Porter, Samuel"  id="PS0031"/>
<auth:candidate name="Parkman, Samuel"  id="PS0038"/>
<auth:candidate name="Putnam, Samuel"  id="PS0040"/>
<auth:candidate name="Pettis, Spencer"  id="PS0046"/>
<auth:candidate name="Price, Samuel"  id="PS0047"/>
<auth:candidate name="Pennington, Samuel"  id="PS0048"/>
<auth:candidate name="Platt, Stephen"  id="PS0056"/>
<auth:candidate name="Phelps, Seth"  id="PS0057"/>
<auth:candidate name="Payne, Samuel"  id="PS0058"/>
<auth:candidate name="Porter, Samuel"  id="PS0063"/>
<auth:candidate name="Powell, Stephen D."  id="PS0064"/>
<auth:candidate name="Payne, Samuel"  id="PS0065"/>
<auth:candidate name="Purivance, Samuel"  id="PS0066"/>
<auth:candidate name="Parker, Samuel"  id="PS0067"/>
<auth:candidate name="Perkins, Simon"  id="PS0070"/>
<auth:candidate name="Phelps, Samuel W."  id="PS0071"/>
<auth:candidate name="Potter, Samuel Y."  id="PS0073"/>
<auth:candidate name="Potts, Samuel"  id="PS0074"/>
<auth:candidate name="Powers, Samuel"  id="PS0075"/>
<auth:candidate name="Postlethwaite, Samuel"  id="PS0079"/>
<auth:candidate name="Painter, Samuel"  id="PS0083"/>
<auth:candidate name="Potts, Stacey"  id="PS0084"/>
<auth:candidate name="Pancoast, Samuel"  id="PS0085"/>
<auth:candidate name="Potts, Stacy"  id="PS0086"/>
<auth:candidate name="Preston, Samuel"  id="PS0087"/>
<auth:candidate name="Potts, Stacy, Jr."  id="PS0094"/>
<auth:candidate name="Paul, Samuel"  id="PS0096"/>
<auth:candidate name="Powers, Samuel"  id="PS0100"/>
<auth:candidate name="Palmer, Samuel"  id="PS0101"/>
<auth:candidate name="Priestly, Shepley"  id="PS0106"/>
<auth:candidate name="Peeky, Samuel"  id="PS0107"/>
<auth:candidate name="Potts, Stacey"  id="PS0109"/>
<auth:candidate name="Pancoast, Samuel"  id="PS0111"/>
<auth:candidate name="Piper, Samuel"  id="PS0112"/>
<auth:candidate name="Patton, Samuel"  id="PS0113"/>
<auth:candidate name="Powers, Simeon"  id="PS0114"/>
<auth:candidate name="Prowell, Samuel"  id="PS0115"/>
<auth:candidate name="Potter, Samuel J."  id="PS0119"/>
<auth:candidate name="Prioleau, Samuel, Jr."  id="PS0122"/>
<auth:candidate name="Parson, Seerm."  id="PS0123"/>
<auth:candidate name="Paine, Seth"  id="PS0124"/>
<auth:candidate name="Proctor, Stephen Royer"  id="PS0125"/>
<auth:candidate name="Perren, Samuel"  id="PS0127"/>
<auth:candidate name="Pope, Sampson"  id="PS0128"/>
<auth:candidate name="Pruitt, S. V."  id="PS0129"/>
<auth:candidate name="Prioleau, Samuel"  id="PS0130"/>
<auth:candidate name="Powell, Samuel"  id="PS0136"/>
<auth:candidate name="Perry, Simeon"  id="PS0137"/>
<auth:candidate name="Perkins, Samuel"  id="PS0138"/>
<auth:candidate name="Prentiss, Samuel"  id="PS0139"/>
<auth:candidate name="Parkers, Sacker"  id="PS0144"/>
<auth:candidate name="Pleasants, Samuel"  id="PS0145"/>
<auth:candidate name="Payne, Smith"  id="PS0149"/>
<auth:candidate name="Parker, Severen E."  id="PS0152"/>
<auth:candidate name="Perkins, Samuel"  id="PS0153"/>
<auth:candidate name="Parker, Stafford H."  id="PS0157"/>
<auth:candidate name="Pleasants, Samuel"  id="PS0160"/>
<auth:candidate name="Postlethwaite, Samuel"  id="PS0163"/>
<auth:candidate name="Patterson, Samuel"  id="PS0164"/>
<auth:candidate name="Pickens, Samuel"  id="PS0165"/>
<auth:candidate name="Peak, Stephen"  id="PS0166"/>
<auth:candidate name="Price, Samuel"  id="PS0168"/>
<auth:candidate name="Prettyman, Solomon"  id="PS0169"/>
    <auth:candidate name="Phillips, Spencer"  id="PS0170"/>
    <auth:candidate name="Porcher, Samuel"  id="PS0859"/>
<auth:candidate name="Pitkin, Timothy, Jr."  id="PT0001"/>
    <auth:candidate name="Pollard, Thomas"  id="PT0002"/>
    <auth:candidate name="Peckham, Thomas"  id="PT0003"/>
<auth:candidate name="Painter, Thomas"  id="PT0008"/>
<auth:candidate name="Pratt, Timothy"  id="PT0012"/>
<auth:candidate name="Perkins, Thomas"  id="PT0036"/>
<auth:candidate name="Porter, Thomas"  id="PT0038"/>
<auth:candidate name="Posey, Thomas"  id="PT0039"/>
<auth:candidate name="Posey, Thomas"  id="PT0042"/>
<auth:candidate name="Posey, Thomas"  id="PT0046"/>
<auth:candidate name="Parran, Thomas"  id="PT0048"/>
<auth:candidate name="Price, Thomas"  id="PT0049"/>
<auth:candidate name="Plater, Thomas"  id="PT0052"/>
<auth:candidate name="Patterson, Thomas J."  id="PT0053"/>
<auth:candidate name="Parrott, Thomas"  id="PT0056"/>
<auth:candidate name="Parkinson, Thomas"  id="PT0057"/>
<auth:candidate name="Porter, Thomas"  id="PT0058"/>
<auth:candidate name="Pollard, Thomas"  id="PT0060"/>
<auth:candidate name="Pitt, Thomas"  id="PT0062"/>
<auth:candidate name="Porter, Thomas"  id="PT0063"/>
<auth:candidate name="Post, Thomas"  id="PT0067"/>
<auth:candidate name="Patten, Thomas"  id="PT0068"/>
<auth:candidate name="Paine, Timothy"  id="PT0071"/>
<auth:candidate name="Pickering, Timothy"  id="PT0078"/>
<auth:candidate name="Parsons, Theophilus"  id="PT0083"/>
<auth:candidate name="Parsons, Thomas"  id="PT0084"/>
<auth:candidate name="Penniman, Thomas"  id="PT0094"/>
<auth:candidate name="Paul, Thomas"  id="PT0095"/>
<auth:candidate name="Parvin, Theophilus"  id="PT0097"/>
<auth:candidate name="Page, Timothy"  id="PT0098"/>
<auth:candidate name="Peck, Ted"  id="PT0099"/>
<auth:candidate name="Porter, Timothy H."  id="PT0100"/>
<auth:candidate name="Person, Thomas"  id="PT0105"/>
<auth:candidate name="Pate, Thomas"  id="PT0107"/>
<auth:candidate name="Polk, Thomas"  id="PT0111"/>
<auth:candidate name="Polk, Thomas G."  id="PT0114"/>
<auth:candidate name="Paxton, Thomas"  id="PT0115"/>
<auth:candidate name="Powell, Timothy"  id="PT0116"/>
<auth:candidate name="Paul, Thomas"  id="PT0117"/>
<auth:candidate name="Proctor, Thomas"  id="PT0121"/>
<auth:candidate name="Parker, Thomas"  id="PT0123"/>
<auth:candidate name="Peters, Thomas"  id="PT0126"/>
<auth:candidate name="Peters, Thomas T."  id="PT0127"/>
<auth:candidate name="Porter, Thomas"  id="PT0128"/>
<auth:candidate name="Patterson, Thomas"  id="PT0129"/>
<auth:candidate name="Pennell, Thomas"  id="PT0130"/>
<auth:candidate name="Parke, Thomas"  id="PT0131"/>
    <auth:candidate name="Parker, Thomas"  id="PT0132"/>
    <auth:candidate name="Persons, Thomas H."  id="PT0133"/>
<auth:candidate name="Passmore, Thomas"  id="PT0134"/>
<auth:candidate name="Painter, Tobias"  id="PT0135"/>
<auth:candidate name="Pierce, Thomas"  id="PT0136"/>
<auth:candidate name="Pollack, Thomas"  id="PT0139"/>
<auth:candidate name="Pearson, Thomas"  id="PT0140"/>
<auth:candidate name="Paxson, Timothy"  id="PT0143"/>
<auth:candidate name="Paxson, Thomas"  id="PT0145"/>
<auth:candidate name="Peters, Thomas R."  id="PT0146"/>
<auth:candidate name="Painter, Thomas"  id="PT0148"/>
<auth:candidate name="Parke, Thomas"  id="PT0151"/>
<auth:candidate name="Patterson, Thomas"  id="PT0153"/>
<auth:candidate name="Petit, T. M."  id="PT0155"/>
<auth:candidate name="Peters, T. P."  id="PT0161"/>
<auth:candidate name="Pitman, Thomas G."  id="PT0163"/>
<auth:candidate name="Pinckney, Thomas"  id="PT0169"/>
<auth:candidate name="Player, Thomas"  id="PT0170"/>
<auth:candidate name="Patterson, Thomas"  id="PT0171"/>
<auth:candidate name="Potts, Thomas"  id="PT0172"/>
<auth:candidate name="Palmer, Thomas"  id="PT0177"/>
<auth:candidate name="Powell, Towny"  id="PT0179"/>
<auth:candidate name="Parker, Thomas"  id="PT0180"/>
<auth:candidate name="Posey, Thomas"  id="PT0181"/>
<auth:candidate name="Plummer, Thomas"  id="PT0183"/>
<auth:candidate name="Paine, Thomas"  id="PT0184"/>
<auth:candidate name="Perkinson, Thomas"  id="PT0186"/>
<auth:candidate name="Purdie, Thomas"  id="PT0187"/>
<auth:candidate name="Pitts, Thomas"  id="PT0189"/>
<auth:candidate name="Prosser, Thomas H."  id="PT0190"/>
<auth:candidate name="Preston, Thomas L."  id="PT0194"/>
<auth:candidate name="Pitt, Thomas"  id="PT0196"/>
<auth:candidate name="Peyton, Thomas W."  id="PT0198"/>
<auth:candidate name="Parker, Thomas J."  id="PT0199"/>
<auth:candidate name="Powell, Thomas"  id="PT0200"/>
    <auth:candidate name="Phillips, Thomas"  id="PT0201"/>
    <auth:candidate name="Pohill, Thomas"  id="PT0203"/>
    <auth:candidate name="Pitts, Thomas, Sr."  id="PT0316"/>
    <auth:candidate name="Pinckney, Thomas"  id="PT8333"/>
<auth:candidate name="Prewitt, Valallen"  id="PV0000"/>
<auth:candidate name="Patin, Victorian"  id="PV0001"/>
<auth:candidate name="Pullum, William"  id="PW0000"/>
<auth:candidate name="Prewett, William"  id="PW0002"/>
<auth:candidate name="Perkins, William"  id="PW0003"/>
<auth:candidate name="Prewitt, William C."  id="PW0004"/>
<auth:candidate name="Perry, William"  id="PW0014"/>
<auth:candidate name="Patten, Willis"  id="PW0015"/>
<auth:candidate name="Poole, William"  id="PW0016"/>
<auth:candidate name="Perry, William"  id="PW0017"/>
<auth:candidate name="Philips, William D."  id="PW0018"/>
<auth:candidate name="Polk, William N."  id="PW0019"/>
<auth:candidate name="Philips, William B."  id="PW0020"/>
<auth:candidate name="Pierce, Waldo T."  id="PW0021"/>
<auth:candidate name="Pierce, William"  id="PW0022"/>
<auth:candidate name="Peacock, William"  id="PW0023"/>
<auth:candidate name="Pyne, William"  id="PW0024"/>
    <auth:candidate name="Prince, William"  id="PW0025"/>
    <auth:candidate name="Polleys, William"  id="PW0026"/>
    <auth:candidate name="Polke, William"  id="PW0027"/>
    <auth:candidate name="Puthuff, William H."  id="PW0028"/>
<auth:candidate name="Pope, Worden"  id="PW0030"/>
<auth:candidate name="Price, William"  id="PW0033"/>
<auth:candidate name="Phillips, William"  id="PW0034"/>
<auth:candidate name="Patterson, William"  id="PW0036"/>
<auth:candidate name="Parker, Winslow"  id="PW0037"/>
<auth:candidate name="Preble, William P."  id="PW0038"/>
<auth:candidate name="Paca, William"  id="PW0039"/>
    <auth:candidate name="Pinckney, William"  id="PW0040"/>
    <auth:candidate name="Prince, William"  id="PW0041"/>
<auth:candidate name="Pinkney, William"  id="PW0043"/>
<auth:candidate name="Perry, William"  id="PW0044"/>
<auth:candidate name="Potter, William"  id="PW0046"/>
<auth:candidate name="Polk, William"  id="PW0047"/>
<auth:candidate name="Polk, William"  id="PW0048"/>
<auth:candidate name="Peachin, William"  id="PW0051"/>
<auth:candidate name="Price, William"  id="PW0052"/>
<auth:candidate name="Patterson, William P."  id="PW0063"/>
<auth:candidate name="Pryor, William"  id="PW0066"/>
<auth:candidate name="Pinkney, William E."  id="PW0068"/>
<auth:candidate name="Preston, William"  id="PW0079"/>
<auth:candidate name="Phillips, William"  id="PW0081"/>
<auth:candidate name="Prescott, William"  id="PW0082"/>
<auth:candidate name="Porter, William"  id="PW0083"/>
<auth:candidate name="Porter, William"  id="PW0084"/>
<auth:candidate name="Pearce, William, Jr."  id="PW0087"/>
    <auth:candidate name="Pearson, William"  id="PW0088"/>
    <auth:candidate name="Plumer, William"  id="PW0090"/>
<auth:candidate name="Paine, William R."  id="PW0111"/>
<auth:candidate name="Porter, William C."  id="PW0112"/>
<auth:candidate name="Page, William"  id="PW0114"/>
<auth:candidate name="Pickering, William"  id="PW0131"/>
<auth:candidate name="Paterson, William"  id="PW0134"/>
<auth:candidate name="Pennington, William S."  id="PW0135"/>
<auth:candidate name="Pearson, William"  id="PW0138"/>
<auth:candidate name="Parrett, William"  id="PW0145"/>
<auth:candidate name="Potts, William"  id="PW0152"/>
<auth:candidate name="Peterson, William"  id="PW0158"/>
<auth:candidate name="Paradise, William A."  id="PW0160"/>
<auth:candidate name="Powers, William"  id="PW0161"/>
<auth:candidate name="Pearce, William"  id="PW0162"/>
<auth:candidate name="Pearsall, William"  id="PW0163"/>
<auth:candidate name="Parker, William"  id="PW0164"/>
<auth:candidate name="Paulding, William, Jr."  id="PW0169"/>
<auth:candidate name="Pequa, William"  id="PW0170"/>
<auth:candidate name="Patterson, Walter"  id="PW0172"/>
<auth:candidate name="Prall, William"  id="PW0173"/>
<auth:candidate name="Porter, William"  id="PW0175"/>
<auth:candidate name="Pickett, William"  id="PW0180"/>
<auth:candidate name="Pope, William"  id="PW0182"/>
<auth:candidate name="Person, William"  id="PW0184"/>
<auth:candidate name="Putnam, William R."  id="PW0188"/>
<auth:candidate name="Patton, William"  id="PW0189"/>
<auth:candidate name="Pharris, William"  id="PW0200"/>
<auth:candidate name="Perry, William"  id="PW0201"/>
<auth:candidate name="Powers, William"  id="PW0208"/>
<auth:candidate name="Penrose, William"  id="PW0209"/>
<auth:candidate name="Peltz, William"  id="PW0210"/>
<auth:candidate name="Poyntell, William"  id="PW0215"/>
<auth:candidate name="Plumer, William"  id="PW0217"/>
<auth:candidate name="Pennell, William"  id="PW0218"/>
<auth:candidate name="Preston, William"  id="PW0220"/>
<auth:candidate name="Price, William"  id="PW0221"/>
<auth:candidate name="Plumer, William"  id="PW0222"/>
<auth:candidate name="Pennock, William"  id="PW0224"/>
<auth:candidate name="Peters, William"  id="PW0225"/>
<auth:candidate name="Piper, William"  id="PW0228"/>
<auth:candidate name="Parks, William"  id="PW0232"/>
<auth:candidate name="Porter, William"  id="PW0233"/>
<auth:candidate name="Powell, William"  id="PW0236"/>
<auth:candidate name="Prichet, William"  id="PW0239"/>
<auth:candidate name="Parker, William"  id="PW0244"/>
<auth:candidate name="Paitt, William"  id="PW0247"/>
<auth:candidate name="Paul, William"  id="PW0249"/>
<auth:candidate name="Patterson, William"  id="PW0252"/>
<auth:candidate name="Piersol, William"  id="PW0256"/>
<auth:candidate name="Peirsol, William"  id="PW0257"/>
<auth:candidate name="Postlethwaite, William"  id="PW0260"/>
<auth:candidate name="Powell, William"  id="PW0268"/>
<auth:candidate name="Piatt, William"  id="PW0269"/>
<auth:candidate name="Purdy, William"  id="PW0273"/>
<auth:candidate name="Philson, William"  id="PW0276"/>
<auth:candidate name="Peddle, William A."  id="PW0281"/>
<auth:candidate name="Peltz, William"  id="PW0287"/>
<auth:candidate name="Peckham, William"  id="PW0291"/>
<auth:candidate name="Pearce, William"  id="PW0293"/>
<auth:candidate name="Paine, Walter"  id="PW0297"/>
<auth:candidate name="Pegues, William"  id="PW0299"/>
<auth:candidate name="Pinckney, William C."  id="PW0300"/>
<auth:candidate name="Price, William"  id="PW0301"/>
<auth:candidate name="Pettus, William"  id="PW0306"/>
<auth:candidate name="Pearson, William F."  id="PW0307"/>
<auth:candidate name="Pope, William, Jr."  id="PW0310"/>
<auth:candidate name="Paul, W."  id="PW0311"/>
<auth:candidate name="Perroneau, William"  id="PW0313"/>
<auth:candidate name="Perkins, William"  id="PW0316"/>
<auth:candidate name="Patton, William"  id="PW0317"/>
<auth:candidate name="Pickett, William"  id="PW0320"/>
<auth:candidate name="Powell, William"  id="PW0322"/>
<auth:candidate name="Price, William"  id="PW0323"/>
<auth:candidate name="Preston, William"  id="PW0324"/>
<auth:candidate name="Poage, William"  id="PW0326"/>
<auth:candidate name="Pastuer, William"  id="PW0327"/>
<auth:candidate name="Pope, William"  id="PW0328"/>
<auth:candidate name="Powell, William"  id="PW0330"/>
<auth:candidate name="Payne, William G."  id="PW0331"/>
<auth:candidate name="Poindexter, William G."  id="PW0332"/>
<auth:candidate name="Parker, William O."  id="PW0333"/>
<auth:candidate name="Parham, William"  id="PW0336"/>
<auth:candidate name="Page, William Byrd"  id="PW0341"/>
<auth:candidate name="Pendleton, William F."  id="PW0343"/>
<auth:candidate name="Poston, William"  id="PW0345"/>
<auth:candidate name="Perrin, William H."  id="PW0347"/>
<auth:candidate name="Price, William"  id="PW0350"/>
<auth:candidate name="Powers, William"  id="PW0352"/>
<auth:candidate name="Porter, William"  id="PW0353"/>
<auth:candidate name="Pucket, William P."  id="PW0354"/>
<auth:candidate name="Porter, William"  id="PW0357"/>
<auth:candidate name="Phillips, William"  id="PW0358"/>
    <auth:candidate name="Prettyman, Wingate"  id="PW0359"/>
    <auth:candidate name="Polleys, William"  id="PW0360"/>
<auth:candidate name="Peters, Zachariah"  id="PZ0001"/>
<auth:candidate name="Purnell, Zadock"  id="PZ0002"/>
<auth:candidate name="Platt, Zephaniah"  id="PZ0003"/>
<auth:candidate name="Pynneo, Zenas"  id="PZ0004"/>
<auth:candidate name="Potts, Zebulon"  id="PZ0006"/>
</names-authority-list>