<?xml version="1.0" encoding="UTF-8"?> <names-authority-list xmlns:auth="http://dca.tufts.edu/aas/auth" xmlns:xref="http://dca/tufts.edu/aas/xref">

<auth:candidate name="Quynn, Allen"  id="QA0001"/>
    <auth:candidate name="Quinton, Andrew"  id="QA0005"/>
    <auth:candidate name="Quackenbush, Abraham A."  id="QA0006"/>
    <auth:candidate name="Quinnan, Daniel"  id="QD0000"/>
<auth:candidate name="Quimby, Ephraim"  id="QE0000"/>
    <auth:candidate name="Quinby, Enos"  id="QE0001"/>
    <auth:candidate name="Quinn, Edward"  id="QE0002"/>
    <auth:candidate name="Quash, Francis Dallas"  id="QF7445"/>
<auth:candidate name="Quackenbush, Henry Q."  id="QH0000"/>
<auth:candidate name="Quickley, Henry"  id="QH0001"/>
<auth:candidate name="Quick, John"  id="QJ0000"/>
<auth:candidate name="Quynn, John"  id="QJ0001"/>
<auth:candidate name="Quincy, Josiah"  id="QJ0002"/>
<auth:candidate name="Quinby, Joseph"  id="QJ0011"/>
<auth:candidate name="Quigley, James"  id="QJ0013"/>
<auth:candidate name="Quarles, John"  id="QJ0018"/>
<auth:candidate name="Quinton, Littleton"  id="QL0001"/>
<auth:candidate name="Quackenboss, Nicholas"  id="QN0000"/>
<auth:candidate name="Quackenbush, Nicholas N."  id="QN0001"/>
<auth:candidate name="Quinton, Philip"  id="QP0000"/>
<auth:candidate name="Quin, Peter"  id="QP0001"/>
    <auth:candidate name="Quinton, Philip"  id="QP0002"/>
    <auth:candidate name="Quinn, Patrick"  id="QP0003"/>
<auth:candidate name="Quash, Robert H."  id="QR0001"/>
<auth:candidate name="Quarles, Robert"  id="QR0003"/>
<auth:candidate name="Quarles, Samuel"  id="QS0001"/>
<auth:candidate name="Quarles, Tunstall"  id="QT0001"/>
<auth:candidate name="Quautrill, Thomas"  id="QT0003"/>
<auth:candidate name="Quirey, William F."  id="QW0000"/>
<auth:candidate name="Quinton, William"  id="QW0001"/>
    </names-authority-list>
