<?xml version="1.0" encoding="UTF-8"?> <names-authority-list xmlns:auth="http://dca.tufts.edu/aas/auth" xmlns:xref="http://dca/tufts.edu/aas/xref">

<auth:candidate name="Rogers, Andrew"  id="RA0000"/>
<auth:candidate name="Reynolds, Alexander"  id="RA0001"/>
    <auth:candidate name="Reynolds, Andrew"  id="RA0002"/>
    <auth:candidate name="Rodgers, Alexander M."  id="RA0003"/>
<auth:candidate name="Ryland, Alrich"  id="RA0004"/>
<auth:candidate name="Roberts, Archibald"  id="RA0006"/>
<auth:candidate name="Russell, Alexander W."  id="RA0008"/>
<auth:candidate name="Rouzier, Auguste"  id="RA0009"/>
<auth:candidate name="Roman, A. Bienvenu"  id="RA0010"/>
<auth:candidate name="Ritchie, Abner"  id="RA0011"/>
<auth:candidate name="Russell, Alexander"  id="RA0012"/>
<auth:candidate name="Ridout, Addison"  id="RA0013"/>
<auth:candidate name="Roberts, Andrew"  id="RA0014"/>
<auth:candidate name="Reeder, Alexander W."  id="RA0015"/>
    <auth:candidate name="Rice, Alexander"  id="RA0016"/>
    <auth:candidate name="Richardson, Alford"  id="RA0017"/>
<auth:candidate name="Russell, Asa"  id="RA0021"/>
<auth:candidate name="Ryerson, Abraham"  id="RA0022"/>
<auth:candidate name="Rowe, Austin"  id="RA0025"/>
<auth:candidate name="Rathbun, Amos"  id="RA0026"/>
<auth:candidate name="Rea, Alexander"  id="RA0029"/>
<auth:candidate name="Rose, Abraham T."  id="RA0030"/>
<auth:candidate name="Reed, Aaron"  id="RA0033"/>
<auth:candidate name="Russ, Adam"  id="RA0034"/>
<auth:candidate name="Remer, Aaron"  id="RA0037"/>
<auth:candidate name="Ramsay, Ambrose"  id="RA0038"/>
<auth:candidate name="Rogers, Allen"  id="RA0039"/>
<auth:candidate name="Robeson, A."  id="RA0045"/>
<auth:candidate name="Robinette, A."  id="RA0048"/>
<auth:candidate name="Rowland, Alfred"  id="RA0052"/>
<auth:candidate name="Richardson, Allen"  id="RA0058"/>
<auth:candidate name="Reed, Andrew"  id="RA0059"/>
<auth:candidate name="Richards, Augustus"  id="RA0060"/>
<auth:candidate name="Ricksecker, Abraham"  id="RA0061"/>
<auth:candidate name="Ruggles, Almon"  id="RA0062"/>
<auth:candidate name="Ramsey, Alexander"  id="RA0063"/>
<auth:candidate name="Russell, Alexander"  id="RA0064"/>
<auth:candidate name="Reigart, Adam"  id="RA0065"/>
<auth:candidate name="Rankin, Archibald"  id="RA0066"/>
<auth:candidate name="Richardson, Andrew"  id="RA0067"/>
<auth:candidate name="Rinker, Abraham"  id="RA0069"/>
<auth:candidate name="Ruth, Adam"  id="RA0071"/>
<auth:candidate name="Ramsey, A."  id="RA0079"/>
<auth:candidate name="Rogers, Anthony"  id="RA0080"/>
<auth:candidate name="Robeson, Andrew"  id="RA0081"/>
<auth:candidate name="Reed, Alexander"  id="RA0088"/>
<auth:candidate name="Rugart, Adam, Jr."  id="RA0091"/>
<auth:candidate name="Rockwell, Abner C."  id="RA0094"/>
<auth:candidate name="Russell, Alexander"  id="RA0096"/>
<auth:candidate name="Rheam, Adam"  id="RA0097"/>
<auth:candidate name="Robinson, Abraham"  id="RA0099"/>
<auth:candidate name="Robinson, Andrew"  id="RA0105"/>
<auth:candidate name="Ritscher, Adam"  id="RA0106"/>
<auth:candidate name="Reip, Adam"  id="RA0116"/>
<auth:candidate name="Rolle, Andrew"  id="RA0118"/>
<auth:candidate name="Robbins, Asher"  id="RA0121"/>
<auth:candidate name="Rodgers, Andrew"  id="RA0123"/>
<auth:candidate name="Rumph, Abraham"  id="RA0124"/>
<auth:candidate name="Remoussin, Arnold"  id="RA0126"/>
<auth:candidate name="Remoussin, Augustus"  id="RA0127"/>
<auth:candidate name="Roane, Archibald"  id="RA0129"/>
<auth:candidate name="Rogers, Alexander M."  id="RA0132"/>
<auth:candidate name="Richardson, Archibald"  id="RA0133"/>
<auth:candidate name="Ritchie, Archibald"  id="RA0134"/>
<auth:candidate name="Reid, Andrew, Jr."  id="RA0140"/>
<auth:candidate name="Rutherford, Archibald"  id="RA0141"/>
<auth:candidate name="Rhodes, Anthony"  id="RA0144"/>
<auth:candidate name="Rogers, Andrew"  id="RA0146"/>
<auth:candidate name="Rose, Alexander F."  id="RA0147"/>
<auth:candidate name="Ruble, Adam"  id="RA0148"/>
<auth:candidate name="Rodgers, Asa J."  id="RA0151"/>
<auth:candidate name="Robinson, Alexander"  id="RA0152"/>
<auth:candidate name="Reel, B.I.W."  id="RB0000"/>
<auth:candidate name="Robinson, Benjamin"  id="RB0001"/>
<auth:candidate name="Roberts, Boanerges"  id="RB0002"/>
    <auth:candidate name="Robinson, Benaiah"  id="RB0003"/>
    <auth:candidate name="Riggs, Benjamin"  id="RB0004"/>
<auth:candidate name="Ramsey, Benjamin"  id="RB0005"/>
    <auth:candidate name="Roll, Benjamin"  id="RB0006"/>
    <auth:candidate name="Ruggles, Benjamin"  id="RB0007"/>
<auth:candidate name="Rogers, Benjamin"  id="RB0008"/>
<auth:candidate name="Rumsey, B."  id="RB0009"/>
<auth:candidate name="Ray, Benjamin"  id="RB0010"/>
    <auth:candidate name="Randall, Beall"  id="RB0011"/>
    <auth:candidate name="Reynolds, Benjamin"  id="RB0012"/>
<auth:candidate name="Ross, Benjamin C."  id="RB0022"/>
<auth:candidate name="Rawlings, Benjamin"  id="RB0023"/>
<auth:candidate name="Richardson, Benjamin"  id="RB0025"/>
<auth:candidate name="Reed, Benjamin"  id="RB0034"/>
<auth:candidate name="Russell, Benjamin"  id="RB0040"/>
<auth:candidate name="Rust, Benoni"  id="RB0041"/>
<auth:candidate name="Reeves, Benjamin H."  id="RB0044"/>
<auth:candidate name="Reeves, Benjamin F."  id="RB0045"/>
<auth:candidate name="Ray, Benjamin B."  id="RB0046"/>
<auth:candidate name="Rulon, Benjamin"  id="RB0047"/>
<auth:candidate name="Rosekrans, Benjamin"  id="RB0051"/>
<auth:candidate name="Risley, Benjamin"  id="RB0052"/>
<auth:candidate name="Roseboom, Barent"  id="RB0053"/>
<auth:candidate name="Raymond, Benjamin"  id="RB0054"/>
<auth:candidate name="Rue, Benjamin"  id="RB0055"/>
<auth:candidate name="Ross, Benjamin"  id="RB0056"/>
<auth:candidate name="Ruggles, Benjamin"  id="RB0058"/>
<auth:candidate name="Rush, Benjamin"  id="RB0069"/>
<auth:candidate name="Reinhart, Barnet"  id="RB0070"/>
<auth:candidate name="Reiff, Benjamin"  id="RB0071"/>
<auth:candidate name="Ridgeway, Burr"  id="RB0074"/>
<auth:candidate name="Remington, Benjamin"  id="RB0077"/>
<auth:candidate name="Rawls, Benjamin"  id="RB0079"/>
<auth:candidate name="Roper, Benjamin Dart"  id="RB0080"/>
<auth:candidate name="Risher, Benjamin, Jr."  id="RB0081"/>
<auth:candidate name="Randolph, Benjamin F."  id="RB0082"/>
<auth:candidate name="Reynolds, Benjamin"  id="RB0083"/>
<auth:candidate name="Randolph, Beverly"  id="RB0084"/>
<auth:candidate name="Randolph, Bathurst"  id="RB0086"/>
<auth:candidate name="Roper, Benjamin B."  id="RB0088"/>
    <auth:candidate name="Roe, Brinkley"  id="RB0089"/>
    <auth:candidate name="Rhodes, Christopher"  id="RC0000"/>
<auth:candidate name="Rodney, Caesar A."  id="RC0001"/>
    <auth:candidate name="Rodney, Caleb"  id="RC0002"/>
    <auth:candidate name="Rodman, Clarke"  id="RC0003"/>
<auth:candidate name="Redd, Charles"  id="RC0013"/>
<auth:candidate name="Roberts, Charles"  id="RC0014"/>
<auth:candidate name="Ridgeley, Charles"  id="RC0020"/>
    <auth:candidate name="Ridgeley, Charles, of William"  id="RC0025"/>
<auth:candidate name="Raborg, Christopher"  id="RC0040"/>
<auth:candidate name="Robey, Charles"  id="RC0042"/>
<auth:candidate name="Ridgely, Charles S."  id="RC0044"/>
<auth:candidate name="Reed, Cheney"  id="RC0048"/>
<auth:candidate name="Rice, Charles"  id="RC0049"/>
<auth:candidate name="Rice, Cheney"  id="RC0050"/>
    <auth:candidate name="Rankin, Christopher"  id="RC0058"/>
    <auth:candidate name="Ridge, Cornelius"  id="RC0059"/>
<auth:candidate name="Russell, Charles"  id="RC0061"/>
<auth:candidate name="Ray, Cornelius"  id="RC0064"/>
<auth:candidate name="Roosevelt, Cornelius"  id="RC0065"/>
<auth:candidate name="Raymond, Clapp"  id="RC0066"/>
<auth:candidate name="Rouse, Casper M."  id="RC0067"/>
<auth:candidate name="Ruggles, Charles H."  id="RC0069"/>
<auth:candidate name="Rogers, Caleb"  id="RC0071"/>
<auth:candidate name="Roberson, Clark"  id="RC0075"/>
<auth:candidate name="Roberts, Charles"  id="RC0076"/>
<auth:candidate name="Roth, C."  id="RC0078"/>
<auth:candidate name="Rehn, Caspar"  id="RC0079"/>
<auth:candidate name="Ruby, Casper"  id="RC0080"/>
<auth:candidate name="Raquet, Condy"  id="RC0081"/>
<auth:candidate name="Ridgeway, Charles"  id="RC0082"/>
<auth:candidate name="Richardson, Caleb"  id="RC0084"/>
<auth:candidate name="Roberts, Caleb"  id="RC0087"/>
<auth:candidate name="Roberts, Charles"  id="RC0092"/>
<auth:candidate name="Richter, Christian"  id="RC0093"/>
<auth:candidate name="Rodgers, Charles"  id="RC0094"/>
<auth:candidate name="Richardson, Charles"  id="RC0095"/>
<auth:candidate name="Richardson, Charles"  id="RC0096"/>
<auth:candidate name="Rembert, Caleb"  id="RC0097"/>
<auth:candidate name="Rich, Charles"  id="RC0098"/>
<auth:candidate name="Roane, Christopher S."  id="RC0109"/>
    <auth:candidate name="Robinson, D. C."  id="RD0000"/>
    <auth:candidate name="Randall, Dexter"  id="RD0001"/>
<auth:candidate name="Reese, David"  id="RD0003"/>
<auth:candidate name="Rodney, Daniel"  id="RD0004"/>
<auth:candidate name="Rogers, Daniel"  id="RD0005"/>
<auth:candidate name="Robinson, David"  id="RD0006"/>
<auth:candidate name="Robinson, D."  id="RD0007"/>
<auth:candidate name="Robb, David"  id="RD0008"/>
<auth:candidate name="Robb, David"  id="RD0010"/>
<auth:candidate name="Rouquette, D."  id="RD0011"/>
<auth:candidate name="Remizel, Daniel"  id="RD0012"/>
<auth:candidate name="Roseter, David"  id="RD0014"/>
<auth:candidate name="Rogers, Daniel, Jr."  id="RD0015"/>
<auth:candidate name="Richardson, Daniel"  id="RD0016"/>
<auth:candidate name="Rand, Daniel"  id="RD0017"/>
<auth:candidate name="Risley, David"  id="RD0018"/>
<auth:candidate name="Riley, Dayton"  id="RD0019"/>
<auth:candidate name="Richman, Daniel"  id="RD0020"/>
<auth:candidate name="Rose, Daniel"  id="RD0021"/>
<auth:candidate name="Reed, David"  id="RD0025"/>
<auth:candidate name="Ross, Daniel"  id="RD0027"/>
<auth:candidate name="Rogers, David"  id="RD0028"/>
    <auth:candidate name="Rodman, Daniel"  id="RD0029"/>
    <auth:candidate name="Rentch, Daniel"  id="RD0030"/>
<auth:candidate name="Russell, David"  id="RD0032"/>
<auth:candidate name="Rhoad, Daniel"  id="RD0033"/>
<auth:candidate name="Ray, David"  id="RD0037"/>
<auth:candidate name="Reid, David"  id="RD0041"/>
<auth:candidate name="Ricks, D."  id="RD0042"/>
<auth:candidate name="Rees, David"  id="RD0043"/>
<auth:candidate name="Reeder, Daniel F."  id="RD0044"/>
<auth:candidate name="Roe, Daniel"  id="RD0045"/>
<auth:candidate name="Robb, David"  id="RD0046"/>
<auth:candidate name="Rittenhouse, David"  id="RD0049"/>
<auth:candidate name="Royer, Daniel"  id="RD0051"/>
<auth:candidate name="Rose, Daniel"  id="RD0055"/>
<auth:candidate name="Robb, David"  id="RD0056"/>
<auth:candidate name="Reiley, David"  id="RD0062"/>
<auth:candidate name="Ruth, Daniel"  id="RD0070"/>
<auth:candidate name="Rayall, David"  id="RD0076"/>
<auth:candidate name="Rankin, David"  id="RD0079"/>
<auth:candidate name="Reed, David"  id="RD0080"/>
<auth:candidate name="Reed, David"  id="RD0083"/>
<auth:candidate name="Riley, David"  id="RD0085"/>
<auth:candidate name="Rhoads, Daniel, Jr."  id="RD0086"/>
<auth:candidate name="Reed, David"  id="RD0088"/>
<auth:candidate name="Ross, Daniel"  id="RD0090"/>
<auth:candidate name="Roth, David"  id="RD0092"/>
<auth:candidate name="Reynolds, David"  id="RD0093"/>
<auth:candidate name="Ryhart, Daniel"  id="RD0099"/>
<auth:candidate name="Roberts, Dickerson"  id="RD0101"/>
<auth:candidate name="Reynolds, David"  id="RD0103"/>
<auth:candidate name="Ryall, David"  id="RD0108"/>
<auth:candidate name="Ramsey, David"  id="RD0110"/>
<auth:candidate name="Rowe, Donald"  id="RD0111"/>
<auth:candidate name="Rumph, David"  id="RD0112"/>
<auth:candidate name="Ravenel, Daniel"  id="RD0113"/>
<auth:candidate name="Robinson, David"  id="RD0116"/>
<auth:candidate name="Rowland, David"  id="RD0117"/>
<auth:candidate name="Riggs, David"  id="RD0118"/>
<auth:candidate name="Raulston, David"  id="RD0119"/>
<auth:candidate name="Ramsay, David"  id="RD0852"/>
<auth:candidate name="Robbins, Elijah"  id="RE0000"/>
<auth:candidate name="Root, Ephraim"  id="RE0001"/>
<auth:candidate name="Rockwell, Elijah"  id="RE0002"/>
<auth:candidate name="Rollins, Ephraim"  id="RE0003"/>
<auth:candidate name="Rice, Eben"  id="RE0004"/>
<auth:candidate name="Rowell, E."  id="RE0005"/>
<auth:candidate name="Ryan, Ezra"  id="RE0006"/>
<auth:candidate name="Rees, Ebenezer S."  id="RE0007"/>
<auth:candidate name="Robinson, Edward"  id="RE0008"/>
<auth:candidate name="Rawlings, Edward"  id="RE0009"/>
<auth:candidate name="Ripley, E. W."  id="RE0010"/>
<auth:candidate name="Roberts, Edward"  id="RE0011"/>
<auth:candidate name="Richardson, Ezekiel"  id="RE0012"/>
    <auth:candidate name="Russell, Edward"  id="RE0013"/>
    <auth:candidate name="Revell, Edward A."  id="RE0014"/>
    <auth:candidate name="Robinson, Elyah"  id="RE0016"/>
    <auth:candidate name="Roulstone, Elizabeth"  id="RE0017"/>
    <auth:candidate name="Robbins, Edward H."  id="RE0018"/>
    <auth:candidate name="Rawsil, Ennals"  id="RE0019"/>
    <auth:candidate name="Reed, Ebenezer"  id="RE0020"/>
<auth:candidate name="Raymond, Edward"  id="RE0022"/>
<auth:candidate name="Richardson, E."  id="RE0037"/>
<auth:candidate name="Richardson, E. C."  id="RE0038"/>
<auth:candidate name="Rector, Elias"  id="RE0040"/>
<auth:candidate name="Risley, Enoch"  id="RE0042"/>
<auth:candidate name="Roberts, Edmond"  id="RE0045"/>
<auth:candidate name="Russell, Ebenezer"  id="RE0047"/>
<auth:candidate name="Root, Erastus"  id="RE0049"/>
<auth:candidate name="Reed, Eliakim"  id="RE0051"/>
<auth:candidate name="Richardson, Elkanah"  id="RE0060"/>
<auth:candidate name="Redge, Elias"  id="RE0064"/>
<auth:candidate name="Rhoades, Ezekiel"  id="RE0066"/>
<auth:candidate name="Reigart, Emanuel C."  id="RE0071"/>
<auth:candidate name="Rutledge, Edward"  id="RE0074"/>
<auth:candidate name="Richardson, Edward, Jr."  id="RE0078"/>
<auth:candidate name="Ragsdale, Edward"  id="RE0080"/>
<auth:candidate name="Robertson, E.B."  id="RE0082"/>
<auth:candidate name="Robinson, Elijah"  id="RE0083"/>
<auth:candidate name="Randolph, Edmund"  id="RE0085"/>
<auth:candidate name="Rice, Edward"  id="RE0086"/>
<auth:candidate name="Ruffin, Edmund"  id="RE0088"/>
<auth:candidate name="Roche, Edward"  id="RE0089"/>
    <auth:candidate name="Robinson, Ebenezer D."  id="RE0090"/>
    <auth:candidate name="Rutledge, Edward, Jr."  id="RE0091"/>
<auth:candidate name="Rodgers, F.P."  id="RF0000"/>
<auth:candidate name="Ranthrop, Fred"  id="RF0001"/>
<auth:candidate name="Rigeway, Fielder"  id="RF0002"/>
<auth:candidate name="Rockwood, Frost"  id="RF0003"/>
<auth:candidate name="Rotch, Francis"  id="RF0004"/>
<auth:candidate name="Roan, Havel"  id="RF0005"/>
<auth:candidate name="Rummel, Frederick"  id="RF0006"/>
<auth:candidate name="Ruggles, Frederick A."  id="RF0007"/>
<auth:candidate name="Rathson, Frederick"  id="RF0008"/>
<auth:candidate name="Rutledge, Frederick"  id="RF0009"/>
    <auth:candidate name="Ridley, Francis"  id="RF0010"/>
    <auth:candidate name="Ross, Frederick"  id="RF0011"/>
<auth:candidate name="Ruffin, Francis"  id="RF0012"/>
    <auth:candidate name="Rives, Francis E."  id="RF0015"/>
    <auth:candidate name="Rawley, Greenburg L."  id="RG0000"/>
<auth:candidate name="Read, George"  id="RG0001"/>
    <auth:candidate name="Read, George, Jr."  id="RG0002"/>
    <auth:candidate name="Ridley, George"  id="RG0003"/>
    <auth:candidate name="Richard, Gabriel"  id="RG0004"/>
<auth:candidate name="Robertson, George"  id="RG0010"/>
<auth:candidate name="Robinson, George C."  id="RG0011"/>
<auth:candidate name="Rodman, G.W."  id="RG0014"/>
<auth:candidate name="Robertson, George"  id="RG0015"/>
<auth:candidate name="Robertson, George"  id="RG0019"/>
<auth:candidate name="Riley, George"  id="RG0020"/>
<auth:candidate name="Rizer, George"  id="RG0022"/>
<auth:candidate name="Reinecker, George"  id="RG0029"/>
<auth:candidate name="Robinette, George"  id="RG0031"/>
<auth:candidate name="Reed, George"  id="RG0032"/>
<auth:candidate name="Ryther, Gideon"  id="RG0035"/>
<auth:candidate name="Robinson, Gerard"  id="RG0039"/>
<auth:candidate name="Reid, George"  id="RG0040"/>
<auth:candidate name="Ryerss, Gozen"  id="RG0041"/>
<auth:candidate name="Rosecrantz, George"  id="RG0043"/>
<auth:candidate name="Rosekrans, George"  id="RG0045"/>
<auth:candidate name="Ryan, George L."  id="RG0047"/>
<auth:candidate name="Richards, George"  id="RG0048"/>
    <auth:candidate name="Reeve, George"  id="RG0049"/>
    <auth:candidate name="Rinehart, George"  id="RG0050"/>
<auth:candidate name="Richardson, George"  id="RG0051"/>
<auth:candidate name="Richey, George"  id="RG0052"/>
<auth:candidate name="Robinson, George"  id="RG0053"/>
<auth:candidate name="Roberts, George"  id="RG0054"/>
<auth:candidate name="Roudehash, George"  id="RG0055"/>
<auth:candidate name="Rodman, Gilbert"  id="RG0056"/>
    <auth:candidate name="Robinson, George"  id="RG0057"/>
    <auth:candidate name="Rutledge, George"  id="RG0058"/>
    <auth:candidate name="Rau, George"  id="RG0059"/>
    <auth:candidate name="Robertson, George"  id="RG0060"/>
<auth:candidate name="Roup, George W."  id="RG0061"/>
<auth:candidate name="Rutter, George"  id="RG0064"/>
<auth:candidate name="Ross, George"  id="RG0065"/>
<auth:candidate name="Reese, George, Sr."  id="RG0066"/>
<auth:candidate name="Rowles, George"  id="RG0067"/>
<auth:candidate name="Rhoads, George"  id="RG0068"/>
<auth:candidate name="Rehrer, Godfret"  id="RG0071"/>
<auth:candidate name="Richards, George"  id="RG0073"/>
<auth:candidate name="Rees, George, Jr."  id="RG0074"/>
<auth:candidate name="Ritter, George"  id="RG0075"/>
<auth:candidate name="Rex, George"  id="RG0076"/>
<auth:candidate name="Ross, George"  id="RG0080"/>
<auth:candidate name="Rausch, George"  id="RG0081"/>
<auth:candidate name="Rahn, George"  id="RG0083"/>
<auth:candidate name="Ruff, George"  id="RG0084"/>
<auth:candidate name="Reese, George, Jr."  id="RG0085"/>
<auth:candidate name="Redd, George"  id="RG0087"/>
<auth:candidate name="Reed, George"  id="RG0088"/>
<auth:candidate name="Rucker, George"  id="RG0090"/>
<auth:candidate name="Reynolds, George, Jr."  id="RG0091"/>
<auth:candidate name="Ratcliff, Gideon"  id="RG0093"/>
<auth:candidate name="Ralls, George N."  id="RG0094"/>
<auth:candidate name="Rust, George, Jr."  id="RG0095"/>
    <auth:candidate name="Robinson, George"  id="RG0098"/>
    <auth:candidate name="Ray, George"  id="RG0099"/>
<auth:candidate name="Ripley, Hezekiah"  id="RH0000"/>
<auth:candidate name="Ridgely, Henry M."  id="RH0001"/>
<auth:candidate name="Reavis, Henry"  id="RH0007"/>
    <auth:candidate name="Riggin, Harry"  id="RH0008"/>
    <auth:candidate name="Richardson, Hobart"  id="RH0009"/>
<auth:candidate name="Ristine, Henry"  id="RH0010"/>
<auth:candidate name="Ruble, Henry"  id="RH0011"/>
<auth:candidate name="Rhodes, Henry"  id="RH0012"/>
<auth:candidate name="Renick, Henry"  id="RH0013"/>
<auth:candidate name="Roseberry, Hugh"  id="RH0014"/>
<auth:candidate name="Remy, H."  id="RH0015"/>
<auth:candidate name="Ridgely, Henry"  id="RH0016"/>
    <auth:candidate name="Rochester, Henry"  id="RH0017"/>
    <auth:candidate name="Ruff, Henry P."  id="RH0018"/>
    <auth:candidate name="Robertson, Henry W. C."  id="RH0019"/>
<auth:candidate name="Rideout, Horatio"  id="RH0021"/>
<auth:candidate name="Runyan, Hugh"  id="RH0027"/>
<auth:candidate name="Reynods, Henry"  id="RH0031"/>
<auth:candidate name="Ross, Henry"  id="RH0032"/>
<auth:candidate name="Rogers, Halsey"  id="RH0033"/>
<auth:candidate name="Redfield, Herman J."  id="RH0034"/>
<auth:candidate name="Ross, Henry H."  id="RH0035"/>
<auth:candidate name="Raburne, Hodge"  id="RH0038"/>
<auth:candidate name="Ramsour, Henry"  id="RH0039"/>
<auth:candidate name="Ruffin, Henry J. G."  id="RH0040"/>
<auth:candidate name="Rabon, Hodge"  id="RH0042"/>
<auth:candidate name="Rape, Henry"  id="RH0043"/>
<auth:candidate name="Ricehart, Henry"  id="RH0045"/>
<auth:candidate name="Rankin, Hugh"  id="RH0046"/>
<auth:candidate name="Rolder, Henry"  id="RH0047"/>
<auth:candidate name="Roberts, Hugh"  id="RH0048"/>
<auth:candidate name="Ridge, Hugh Wilson"  id="RH0049"/>
<auth:candidate name="Rudolph, Henry"  id="RH0050"/>
<auth:candidate name="Rugh, Henry"  id="RH0051"/>
<auth:candidate name="Rine, Henry"  id="RH0052"/>
<auth:candidate name="Regis, Henry"  id="RH0053"/>
<auth:candidate name="Rowland, Henry"  id="RH0055"/>
<auth:candidate name="Reider, Henry"  id="RH0056"/>
<auth:candidate name="Reigart, Henry M."  id="RH0057"/>
<auth:candidate name="Remington, Henry"  id="RH0058"/>
    <auth:candidate name="Rees, Hubert"  id="RH0060"/>
    <auth:candidate name="Rust, Henry"  id="RH0061"/>
<auth:candidate name="Rutledge, Henry M."  id="RH0065"/>
<auth:candidate name="Rice, Henry W."  id="RH0067"/>
<auth:candidate name="Rowen, Henry"  id="RH0068"/>
<auth:candidate name="Roberts, Henry"  id="RH0069"/>
<auth:candidate name="Robinson, Hugh"  id="RH0070"/>
<auth:candidate name="Rutledge, Henry H."  id="RH0071"/>
<auth:candidate name="Rose, Hugh"  id="RH0073"/>
<auth:candidate name="Rose, Henry"  id="RH0074"/>
<auth:candidate name="Runnels, Harmon"  id="RH0075"/>
<auth:candidate name="Runnals, Howard M."  id="RH0076"/>
<auth:candidate name="Runnells, Howell W."  id="RH0077"/>
<auth:candidate name="Richie, Hugh W."  id="RH0078"/>
<auth:candidate name="Rawlings, Isaac"  id="RI0001"/>
<auth:candidate name="Robbins, Isaac"  id="RI0002"/>
    <auth:candidate name="Rickey, Israel"  id="RI0004"/>
    <auth:candidate name="Reynolds, Israel"  id="RI0005"/>
<auth:candidate name="Rainey, Isaac"  id="RI0006"/>
<auth:candidate name="Robinson, Israel A."  id="RI0008"/>
<auth:candidate name="Rogers, Isaac"  id="RI0009"/>
<auth:candidate name="Robinson, Israel"  id="RI0010"/>
<auth:candidate name="Rogers, Isaac"  id="RI0011"/>
<auth:candidate name="Ruth, Isaac"  id="RI0012"/>
<auth:candidate name="Roberts, Israel"  id="RI0013"/>
    <auth:candidate name="Reed, Isaac G."  id="RI0014"/>
    <auth:candidate name="Reynolds, Israel"  id="RI0015"/>
<auth:candidate name="Roberts, Isaac"  id="RI0017"/>
<auth:candidate name="Robertson, Isaac"  id="RI0018"/>
<auth:candidate name="Robinson, Israel"  id="RI0019"/>
<auth:candidate name="Robertson, Isaac"  id="RI0020"/>
<auth:candidate name="Ready, John"  id="RJ0000"/>
<auth:candidate name="Rather, J.T."  id="RJ0001"/>
<auth:candidate name="Rather, John T."  id="RJ0002"/>
<auth:candidate name="Ramsey, Jonathan"  id="RJ0003"/>
<auth:candidate name="Russ, John"  id="RJ0004"/>
<auth:candidate name="Rice, James H."  id="RJ0005"/>
<auth:candidate name="Raymond, James"  id="RJ0006"/>
<auth:candidate name="Riddle, James"  id="RJ0007"/>
<auth:candidate name="Ralston, James B."  id="RJ0008"/>
<auth:candidate name="Rodgers, James"  id="RJ0009"/>
<auth:candidate name="Richardson, Joshua"  id="RJ0010"/>
<auth:candidate name="Rowland, Joseph G."  id="RJ0011"/>
<auth:candidate name="Rudolph, John F."  id="RJ0012"/>
<auth:candidate name="Rutherford, J."  id="RJ0013"/>
<auth:candidate name="Rousseau, James"  id="RJ0014"/>
<auth:candidate name="Rutherford, John"  id="RJ0015"/>
<auth:candidate name="Read, Jacob"  id="RJ0016"/>
<auth:candidate name="Robinson, John"  id="RJ0017"/>
<auth:candidate name="Robinson, James"  id="RJ0018"/>
<auth:candidate name="Reynolds, John"  id="RJ0019"/>
<auth:candidate name="Russell, John"  id="RJ0020"/>
    <auth:candidate name="Ripley, James W."  id="RJ0021"/>
    <auth:candidate name="Rohiback, John"  id="RJ0022"/>
    <auth:candidate name="Rodgers, John"  id="RJ0023"/>
    <auth:candidate name="Robertson, James"  id="RJ0024"/>
    <auth:candidate name="Roddye, James"  id="RJ0025"/>
    <auth:candidate name="Rentch, John"  id="RJ0026"/>
    <auth:candidate name="Ruggles, John"  id="RJ0027"/>
<auth:candidate name="Reed, John"  id="RJ0028"/>
<auth:candidate name="Roberts, Jesse"  id="RJ0029"/>
<auth:candidate name="Ritchie, J."  id="RJ0030"/>
<auth:candidate name="Ross, James"  id="RJ0031"/>
<auth:candidate name="Rich, Justus"  id="RJ0032"/>
<auth:candidate name="Rose, John B."  id="RJ0033"/>
<auth:candidate name="Rhoads, Jacob"  id="RJ0034"/>
<auth:candidate name="Robinson, James T."  id="RJ0035"/>
<auth:candidate name="Ray, James M."  id="RJ0036"/>
    <auth:candidate name="Redding, John W."  id="RJ0037"/>
    <auth:candidate name="Rody, James"  id="RJ0038"/>
<auth:candidate name="Roseman, Joseph"  id="RJ0039"/>
<auth:candidate name="Ray, James Brown"  id="RJ0040"/>
<auth:candidate name="Rowin, John"  id="RJ0041"/>
<auth:candidate name="Russel, J."  id="RJ0042"/>
<auth:candidate name="Reid, James"  id="RJ0043"/>
    <auth:candidate name="Rowan, John"  id="RJ0044"/>
    <auth:candidate name="Rogers, John A."  id="RJ0045"/>
<auth:candidate name="Richardson, John C."  id="RJ0046"/>
    <auth:candidate name="Robison, James"  id="RJ0047"/>
    <auth:candidate name="Richards, John"  id="RJ0048"/>
    <auth:candidate name="Robinson, James B."  id="RJ0049"/>
    <auth:candidate name="Robertson, John A."  id="RJ0050"/>
    <auth:candidate name="Rigney, John"  id="RJ0051"/>
    <auth:candidate name="Routen, John"  id="RJ0052"/>
    <auth:candidate name="Rogers, John"  id="RJ0053"/>
<auth:candidate name="Ray, James"  id="RJ0057"/>
<auth:candidate name="Right, Josiah"  id="RJ0061"/>
<auth:candidate name="Rapier, James"  id="RJ0065"/>
<auth:candidate name="Rousigniac, Joseph"  id="RJ0072"/>
<auth:candidate name="Rinker, James"  id="RJ0073"/>
<auth:candidate name="Rice, James"  id="RJ0074"/>
<auth:candidate name="Richie, John"  id="RJ0076"/>
<auth:candidate name="Roberts, John"  id="RJ0077"/>
<auth:candidate name="Richardson, Joseph"  id="RJ0078"/>
<auth:candidate name="Rumsey, John"  id="RJ0079"/>
<auth:candidate name="Role, John"  id="RJ0080"/>
<auth:candidate name="Rice, John"  id="RJ0081"/>
<auth:candidate name="Risteau, J."  id="RJ0082"/>
<auth:candidate name="Randall, John"  id="RJ0084"/>
<auth:candidate name="Ritchie, John"  id="RJ0085"/>
    <auth:candidate name="Reeder, John"  id="RJ0086"/>
    <auth:candidate name="Randall, John, Sr."  id="RJ0087"/>
<auth:candidate name="Red, Jacob"  id="RJ0088"/>
<auth:candidate name="Ragon, John, Jr."  id="RJ0089"/>
<auth:candidate name="Ringgold, James, Jr."  id="RJ0091"/>
<auth:candidate name="Reed, John"  id="RJ0094"/>
<auth:candidate name="Rutledge, Joshua"  id="RJ0098"/>
<auth:candidate name="Reardon, John"  id="RJ0100"/>
<auth:candidate name="Richardson, Joseph"  id="RJ0102"/>
<auth:candidate name="Riggs, John H."  id="RJ0104"/>
<auth:candidate name="Roberts, James"  id="RJ0106"/>
<auth:candidate name="Rider, John"  id="RJ0108"/>
<auth:candidate name="Reese, John"  id="RJ0109"/>
<auth:candidate name="Rogers, John H."  id="RJ0110"/>
<auth:candidate name="Reynolds, Joseph W."  id="RJ0111"/>
<auth:candidate name="Ready, John"  id="RJ0124"/>
<auth:candidate name="Robins, James B."  id="RJ0125"/>
<auth:candidate name="Robinson, Joshua O."  id="RJ0126"/>
<auth:candidate name="Richardson, J.P.W."  id="RJ0131"/>
<auth:candidate name="Russell, Joseph"  id="RJ0132"/>
<auth:candidate name="Rhodes, Jacob"  id="RJ0135"/>
<auth:candidate name="Robinson, John"  id="RJ0136"/>
<auth:candidate name="Robinson, James"  id="RJ0138"/>
<auth:candidate name="Ropes, Joseph"  id="RJ0140"/>
<auth:candidate name="Ropes, James"  id="RJ0141"/>
<auth:candidate name="Rogers, John"  id="RJ0144"/>
<auth:candidate name="Richardson, James"  id="RJ0147"/>
<auth:candidate name="Russell, Jonathan"  id="RJ0153"/>
<auth:candidate name="Ranney, Johnson"  id="RJ0158"/>
<auth:candidate name="Ramsey, Jonathan"  id="RJ0162"/>
<auth:candidate name="Ripper, James"  id="RJ0164"/>
<auth:candidate name="Rochester, John"  id="RJ0165"/>
<auth:candidate name="Russell, James"  id="RJ0167"/>
<auth:candidate name="Royston, Jesse F."  id="RJ0169"/>
<auth:candidate name="Richardson, Josiah"  id="RJ0170"/>
<auth:candidate name="Rutherford, John"  id="RJ0171"/>
<auth:candidate name="Randolph, Joseph"  id="RJ0172"/>
<auth:candidate name="Rogers, John, Sr."  id="RJ0174"/>
<auth:candidate name="Rogers, John"  id="RJ0176"/>
<auth:candidate name="Runkle, Jacob"  id="RJ0177"/>
<auth:candidate name="Rappleye, Jerome, Jr."  id="RJ0179"/>
<auth:candidate name="Richman, Jonathan"  id="RJ0181"/>
<auth:candidate name="Rogers, James D."  id="RJ0182"/>
<auth:candidate name="Radcliff, Jacob"  id="RJ0186"/>
<auth:candidate name="Reeve, James"  id="RJ0187"/>
<auth:candidate name="Robart, John"  id="RJ0190"/>
<auth:candidate name="Rice, John"  id="RJ0192"/>
<auth:candidate name="Read, James"  id="RJ0193"/>
<auth:candidate name="Ring, John"  id="RJ0197"/>
<auth:candidate name="Reeves, Josiah"  id="RJ0199"/>
<auth:candidate name="Ryan, John"  id="RJ0200"/>
<auth:candidate name="Rayner, James"  id="RJ0201"/>
<auth:candidate name="Rouse, Jonathan"  id="RJ0203"/>
<auth:candidate name="Ross, James"  id="RJ0206"/>
<auth:candidate name="Russell, John"  id="RJ0209"/>
<auth:candidate name="Reed, James"  id="RJ0212"/>
    <auth:candidate name="Reeve, John"  id="RJ0215"/>
    <auth:candidate name="Rice, John"  id="RJ0216"/>
<auth:candidate name="Rose, John"  id="RJ0217"/>
<auth:candidate name="Redington, John"  id="RJ0219"/>
<auth:candidate name="Richmond, John"  id="RJ0221"/>
<auth:candidate name="Richardson, J. L."  id="RJ0224"/>
<auth:candidate name="Richard, Jonathan"  id="RJ0229"/>
<auth:candidate name="Richmond, Jonathan"  id="RJ0230"/>
<auth:candidate name="Reynolds, John"  id="RJ0232"/>
<auth:candidate name="Richards, John"  id="RJ0233"/>
<auth:candidate name="Reynolds, Jared"  id="RJ0238"/>
<auth:candidate name="Russell, Joseph"  id="RJ0239"/>
<auth:candidate name="Roggen, Jacob"  id="RJ0240"/>
<auth:candidate name="Rumsey, John"  id="RJ0244"/>
<auth:candidate name="Rathbone, John, Jr."  id="RJ0245"/>
<auth:candidate name="Rogers, John"  id="RJ0247"/>
<auth:candidate name="Rencher, J. G."  id="RJ0250"/>
<auth:candidate name="Richardson, Joseph"  id="RJ0251"/>
<auth:candidate name="Rhodes, Joseph T."  id="RJ0252"/>
<auth:candidate name="Rhodes, James"  id="RJ0254"/>
<auth:candidate name="Reddick, Joseph"  id="RJ0255"/>
<auth:candidate name="Rainey, James"  id="RJ0262"/>
<auth:candidate name="Rhem, Joseph"  id="RJ0265"/>
<auth:candidate name="Ramsour, John"  id="RJ0266"/>
<auth:candidate name="Ramsey, John A."  id="RJ0267"/>
<auth:candidate name="Rea, John"  id="RJ0268"/>
<auth:candidate name="Roberts, John"  id="RJ0270"/>
<auth:candidate name="Reed, John"  id="RJ0272"/>
<auth:candidate name="Robert, John"  id="RJ0275"/>
<auth:candidate name="Robb, Joseph"  id="RJ0276"/>
<auth:candidate name="Ratcliff, James"  id="RJ0277"/>
<auth:candidate name="Reed, John"  id="RJ0278"/>
<auth:candidate name="Riddle, John"  id="RJ0279"/>
<auth:candidate name="Roads, John"  id="RJ0281"/>
<auth:candidate name="Robins, John"  id="RJ0282"/>
<auth:candidate name="Renick, James"  id="RJ0283"/>
<auth:candidate name="Reynolds, John"  id="RJ0285"/>
<auth:candidate name="Richardson, Joseph"  id="RJ0286"/>
<auth:candidate name="Randall, John"  id="RJ0287"/>
<auth:candidate name="Robinson, James"  id="RJ0289"/>
<auth:candidate name="Redick, John H."  id="RJ0290"/>
<auth:candidate name="Russell, James"  id="RJ0291"/>
<auth:candidate name="Reed, J. R."  id="RJ0292"/>
<auth:candidate name="Robertson, John"  id="RJ0293"/>
<auth:candidate name="Renshaw, John"  id="RJ0294"/>
<auth:candidate name="Robinson, Joseph"  id="RJ0295"/>
<auth:candidate name="Ross, Joseph W."  id="RJ0296"/>
<auth:candidate name="Riley, James"  id="RJ0299"/>
<auth:candidate name="Roberts, Jonathan"  id="RJ0301"/>
<auth:candidate name="Reed, Joseph"  id="RJ0302"/>
<auth:candidate name="Roberts, John"  id="RJ0303"/>
    <auth:candidate name="Robertson, Jonathan"  id="RJ0305"/>
<auth:candidate name="Riffe, J."  id="RJ0306"/>
<auth:candidate name="Rea, John"  id="RJ0310"/>
<auth:candidate name="Rea, John"  id="RJ0311"/>
    <auth:candidate name="Ross, John"  id="RJ0312"/>
    <auth:candidate name="Roberts, John"  id="RJ0313"/>
<auth:candidate name="Richards, John"  id="RJ0314"/>
<auth:candidate name="Ross, James"  id="RJ0316"/>
<auth:candidate name="Reed, John"  id="RJ0318"/>
<auth:candidate name="Ramsey, James"  id="RJ0319"/>
<auth:candidate name="Ross, James"  id="RJ0321"/>
<auth:candidate name="Ralston, John"  id="RJ0325"/>
<auth:candidate name="Rahm, Jacob"  id="RJ0326"/>
    <auth:candidate name="Rea, John"  id="RJ0330"/>
<auth:candidate name="Righter, Jacob"  id="RJ0341"/>
<auth:candidate name="Reinhart, John"  id="RJ0346"/>
<auth:candidate name="Rhoads, Jacob"  id="RJ0348"/>
<auth:candidate name="Ramsey, John"  id="RJ0351"/>
<auth:candidate name="Richards, Jacob"  id="RJ0353"/>
<auth:candidate name="Robinson, James"  id="RJ0355"/>
<auth:candidate name="Reddick, John"  id="RJ0359"/>
<auth:candidate name="Reikel, John"  id="RJ0360"/>
<auth:candidate name="Rockwell, Jabez"  id="RJ0364"/>
<auth:candidate name="Reynolds, John"  id="RJ0365"/>
<auth:candidate name="Reed, John"  id="RJ0370"/>
<auth:candidate name="Ralston, James"  id="RJ0376"/>
<auth:candidate name="Roberts, Jonathan"  id="RJ0377"/>
<auth:candidate name="Royer, John"  id="RJ0378"/>
<auth:candidate name="Robinson, John"  id="RJ0379"/>
<auth:candidate name="Rider, Jacob"  id="RJ0380"/>
    <auth:candidate name="Ralston, James"  id="RJ0386"/>
    <auth:candidate name="Rupley, John"  id="RJ0387"/>
    <auth:candidate name="Robinson, John"  id="RJ0389"/>
<auth:candidate name="Roberts, John"  id="RJ0394"/>
<auth:candidate name="Rouse, John"  id="RJ0396"/>
    <auth:candidate name="Rugan, John"  id="RJ0397"/>
    <auth:candidate name="Ratton, John"  id="RJ0398"/>
    <auth:candidate name="Robinson, John"  id="RJ0399"/>
    <auth:candidate name="Rowland, James"  id="RJ0400"/>
<auth:candidate name="Riddle, James M."  id="RJ0404"/>
<auth:candidate name="Rothbaust, John"  id="RJ0406"/>
<auth:candidate name="Robinette, James"  id="RJ0407"/>
<auth:candidate name="Roberts, Jonathan"  id="RJ0414"/>
<auth:candidate name="Ross, John"  id="RJ0419"/>
<auth:candidate name="Rogers, Joze"  id="RJ0420"/>
<auth:candidate name="Ramsey, James"  id="RJ0421"/>
<auth:candidate name="Roberts, Jonathan"  id="RJ0422"/>
<auth:candidate name="Reed, Joseph"  id="RJ0427"/>
<auth:candidate name="Ringwalt, Jacob"  id="RJ0429"/>
<auth:candidate name="Richards, J."  id="RJ0430"/>
<auth:candidate name="Raynesford, Joshua W."  id="RJ0431"/>
<auth:candidate name="Ross, John"  id="RJ0432"/>
    <auth:candidate name="Rankins, John"  id="RJ0433"/>
    <auth:candidate name="Reed, Joseph"  id="RJ0435"/>
<auth:candidate name="Rothrock, Jonathan"  id="RJ0439"/>
<auth:candidate name="Rich, John"  id="RJ0443"/>
<auth:candidate name="Robinson, John"  id="RJ0446"/>
<auth:candidate name="Ray, John"  id="RJ0447"/>
<auth:candidate name="Reeg, John"  id="RJ0448"/>
<auth:candidate name="Roberts, James"  id="RJ0452"/>
<auth:candidate name="Robinson, John"  id="RJ0453"/>
<auth:candidate name="Rathock, Jonathan"  id="RJ0454"/>
<auth:candidate name="Reitzel, John"  id="RJ0455"/>
<auth:candidate name="Riale, John"  id="RJ0457"/>
<auth:candidate name="Reiley, James"  id="RJ0468"/>
<auth:candidate name="Read, John"  id="RJ0470"/>
<auth:candidate name="Read, John"  id="RJ0471"/>
<auth:candidate name="Roberts, John"  id="RJ0473"/>
<auth:candidate name="Reed, Joseph"  id="RJ0474"/>
<auth:candidate name="Reynolds, John"  id="RJ0475"/>
<auth:candidate name="Rush, James"  id="RJ0478"/>
<auth:candidate name="Ryon, John, Jr."  id="RJ0480"/>
<auth:candidate name="Reed, John"  id="RJ0481"/>
<auth:candidate name="Roberts, Job"  id="RJ0482"/>
<auth:candidate name="Reed, Joseph"  id="RJ0485"/>
<auth:candidate name="Reed, John"  id="RJ0486"/>
<auth:candidate name="Ross, John"  id="RJ0489"/>
<auth:candidate name="Reader, James"  id="RJ0490"/>
<auth:candidate name="Rugh, Jacob"  id="RJ0492"/>
<auth:candidate name="Reed, John"  id="RJ0493"/>
<auth:candidate name="Rey, John"  id="RJ0497"/>
<auth:candidate name="Rank, John"  id="RJ0498"/>
<auth:candidate name="Radebough, Jacob"  id="RJ0499"/>
<auth:candidate name="Rogers, John"  id="RJ0500"/>
<auth:candidate name="Russell, J. M."  id="RJ0502"/>
<auth:candidate name="Roseberry, J. W."  id="RJ0503"/>
<auth:candidate name="Rose, Joseph"  id="RJ0505"/>
<auth:candidate name="Rohrer, John, Jr."  id="RJ0506"/>
<auth:candidate name="Randall, Josiah"  id="RJ0507"/>
<auth:candidate name="Reed, John"  id="RJ0509"/>
<auth:candidate name="Reist, John"  id="RJ0510"/>
<auth:candidate name="Roberts, John"  id="RJ0511"/>
<auth:candidate name="Rogers, Jacob"  id="RJ0512"/>
<auth:candidate name="Rush, Jacob"  id="RJ0513"/>
<auth:candidate name="Rhoads, Jacob"  id="RJ0514"/>
<auth:candidate name="Rahn, Jacob"  id="RJ0516"/>
<auth:candidate name="Rice, Joseph"  id="RJ0518"/>
    <auth:candidate name="Ridgeway, Joseph F."  id="RJ0525"/>
    <auth:candidate name="Rahn, Jacob"  id="RJ0526"/>
<auth:candidate name="Rankin, John"  id="RJ0528"/>
<auth:candidate name="Roop, Jacob"  id="RJ0532"/>
<auth:candidate name="Richards, J.J."  id="RJ0533"/>
<auth:candidate name="Royer, John"  id="RJ0534"/>
<auth:candidate name="Roger, Jospeh"  id="RJ0535"/>
<auth:candidate name="Robertson, James"  id="RJ0536"/>
<auth:candidate name="Ritner, Joseph"  id="RJ0537"/>
<auth:candidate name="Roberts, Jonathon"  id="RJ0539"/>
<auth:candidate name="Rogers, James"  id="RJ0540"/>
<auth:candidate name="Ridway, Joseph T."  id="RJ0541"/>
<auth:candidate name="Rankin, Joseph"  id="RJ0545"/>
<auth:candidate name="Reynolds, John"  id="RJ0548"/>
<auth:candidate name="Royer, Joseph"  id="RJ0550"/>
<auth:candidate name="Ramsey, Jacob"  id="RJ0554"/>
<auth:candidate name="Rutherford, John"  id="RJ0555"/>
<auth:candidate name="Read, John M."  id="RJ0560"/>
<auth:candidate name="Riley, Joseph S."  id="RJ0562"/>
<auth:candidate name="Righmyer, John"  id="RJ0565"/>
<auth:candidate name="Rakestraw, John"  id="RJ0566"/>
<auth:candidate name="Reily, James"  id="RJ0572"/>
<auth:candidate name="Rough, Jacob"  id="RJ0573"/>
<auth:candidate name="Riley, John"  id="RJ0574"/>
<auth:candidate name="Rice, Joseph"  id="RJ0587"/>
<auth:candidate name="Rhodes, James"  id="RJ0588"/>
<auth:candidate name="Russell, Jonathan"  id="RJ0591"/>
    <auth:candidate name="Randall, Job"  id="RJ0593"/>
    <auth:candidate name="Rumph, Jacob"  id="RJ0599"/>
<auth:candidate name="Read, Jacob"  id="RJ0602"/>
<auth:candidate name="Richardson, James Burchill"  id="RJ0605"/>
    <auth:candidate name="Rumph, Jacob"  id="RJ0606"/>
    <auth:candidate name="Richardson, John Peter"  id="RJ0607"/>
    <auth:candidate name="Rutherford, John"  id="RJ0608"/>
<auth:candidate name="Rodgers, John"  id="RJ0616"/>
<auth:candidate name="Rees, J. W."  id="RJ0617"/>
<auth:candidate name="Rutledge, John, Jr."  id="RJ0621"/>
<auth:candidate name="Rhodes, John"  id="RJ0626"/>
<auth:candidate name="Richbourg, James"  id="RJ0631"/>
    <auth:candidate name="Reed, Jacob"  id="RJ0633"/>
    <auth:candidate name="Rutledge, John"  id="RJ0634"/>
<auth:candidate name="Ravenel, James"  id="RJ0636"/>
<auth:candidate name="Richardson, John S."  id="RJ0637"/>
<auth:candidate name="Rutledge, James"  id="RJ0638"/>
<auth:candidate name="Richardson, J. B."  id="RJ0639"/>
<auth:candidate name="Reed, Joseph"  id="RJ0641"/>
<auth:candidate name="Rutledge, John, Sr."  id="RJ0643"/>
<auth:candidate name="Rodgers, John"  id="RJ0646"/>
<auth:candidate name="Riley, John"  id="RJ0648"/>
<auth:candidate name="Read, J. H."  id="RJ0651"/>
    <auth:candidate name="Rice, John"  id="RJ0652"/>
    <auth:candidate name="Rowe, John K."  id="RJ0653"/>
    <auth:candidate name="Readel, John"  id="RJ0654"/>
<auth:candidate name="Richardson, John R."  id="RJ0655"/>
<auth:candidate name="Rambert, James"  id="RJ0656"/>
<auth:candidate name="Ragin, John H."  id="RJ0657"/>
    <auth:candidate name="Rivers, John"  id="RJ0658"/>
    <auth:candidate name="Richardson, James"  id="RJ0660"/>
    <auth:candidate name="Rutledge, Joseph"  id="RJ0661"/>
    <auth:candidate name="Rembert, James"  id="RJ0662"/>
    <auth:candidate name="Ringgold, John L."  id="RJ0663"/>
<auth:candidate name="Rayson, James"  id="RJ0664"/>
<auth:candidate name="Richborough, James"  id="RJ0665"/>
<auth:candidate name="Rogerson, Jonas"  id="RJ0666"/>
<auth:candidate name="Read, John Harleston"  id="RJ0667"/>
<auth:candidate name="Reeder, Jonathan"  id="RJ0668"/>
<auth:candidate name="Randolph, John"  id="RJ0669"/>
<auth:candidate name="Ramsey, John"  id="RJ0670"/>
<auth:candidate name="Rhea, John"  id="RJ0671"/>
<auth:candidate name="Renfro, James"  id="RJ0676"/>
<auth:candidate name="Rogers, James R."  id="RJ0679"/>
<auth:candidate name="Reynolds, James B."  id="RJ0680"/>
<auth:candidate name="Read, John"  id="RJ0681"/>
<auth:candidate name="Reynolds, John"  id="RJ0682"/>
<auth:candidate name="Reid, John"  id="RJ0683"/>
<auth:candidate name="Russell, James"  id="RJ0694"/>
<auth:candidate name="Robinson, Jonathan"  id="RJ0696"/>
<auth:candidate name="Rinker, Jacob"  id="RJ0704"/>
<auth:candidate name="Roane, John"  id="RJ0705"/>
<auth:candidate name="Risque, James"  id="RJ0706"/>
<auth:candidate name="Reed, James"  id="RJ0707"/>
<auth:candidate name="Robinson, James"  id="RJ0709"/>
<auth:candidate name="Randolph, John"  id="RJ0710"/>
<auth:candidate name="Robertson, James"  id="RJ0713"/>
<auth:candidate name="Royall, John"  id="RJ0715"/>
<auth:candidate name="Rind, James"  id="RJ0717"/>
<auth:candidate name="Richardson, Jordon"  id="RJ0720"/>
<auth:candidate name="Russell, James"  id="RJ0723"/>
<auth:candidate name="Rees, Jacob"  id="RJ0725"/>
<auth:candidate name="Robertson, James, Jr."  id="RJ0727"/>
<auth:candidate name="Reddick, Josiah"  id="RJ0733"/>
<auth:candidate name="Roberts, John"  id="RJ0736"/>
<auth:candidate name="Ross, John"  id="RJ0739"/>
<auth:candidate name="Richardson, John P."  id="RJ0741"/>
<auth:candidate name="Robertson, John C."  id="RJ0742"/>
<auth:candidate name="Robertson, John"  id="RJ0743"/>
<auth:candidate name="Roy, James H."  id="RJ0748"/>
<auth:candidate name="Reynolds, John J."  id="RJ0750"/>
<auth:candidate name="Roane, John I."  id="RJ0754"/>
<auth:candidate name="Richardson, John T."  id="RJ0756"/>
<auth:candidate name="Rutherford, John"  id="RJ0759"/>
<auth:candidate name="Reid, Jesse"  id="RJ0763"/>
<auth:candidate name="Rinker, Jacob, Jr."  id="RJ0765"/>
<auth:candidate name="Richardson, John B."  id="RJ0766"/>
<auth:candidate name="Roane, John H."  id="RJ0768"/>
<auth:candidate name="Robertson, James"  id="RJ0769"/>
<auth:candidate name="Robinson, James"  id="RJ0770"/>
<auth:candidate name="Robeson, James"  id="RJ0771"/>
<auth:candidate name="Reed, John, Sr."  id="RJ0772"/>
<auth:candidate name="Reynolds, John"  id="RJ0773"/>
<auth:candidate name="Ross, James"  id="RJ0774"/>
<auth:candidate name="Robertson, John"  id="RJ0775"/>
<auth:candidate name="Robinson, James"  id="RJ0776"/>
<auth:candidate name="Raymond, James"  id="RJ0778"/>
<auth:candidate name="Raymond, Jacob"  id="RJ0779"/>
<auth:candidate name="Raymond, John"  id="RJ0781"/>
<auth:candidate name="Rothwell, James"  id="RJ0782"/>
<auth:candidate name="Rust, John"  id="RJ0783"/>
<auth:candidate name="Rice, J."  id="RJ0784"/>
    <auth:candidate name="Robinson, John"  id="RJ0785"/>
    <auth:candidate name="Reia, James"  id="RJ0786"/>
    <auth:candidate name="Rariden, James"  id="RJ0787"/>
<auth:candidate name="Roserans, Jacob"  id="RJ7777"/>
<auth:candidate name="Russell, Kendall and"  id="RK0001"/>
<auth:candidate name="Roman, L."  id="RL0000"/>
<auth:candidate name="Rogers, Levi"  id="RL0001"/>
<auth:candidate name="Randolph, Lewis F."  id="RL0002"/>
<auth:candidate name="Rich, Luther"  id="RL0003"/>
<auth:candidate name="Rathbun, Lazarus S."  id="RL0004"/>
<auth:candidate name="Ruggles, Lemuel W."  id="RL0005"/>
<auth:candidate name="Rogers, Levi"  id="RL0006"/>
    <auth:candidate name="Robertson, Lewis"  id="RL0007"/>
    <auth:candidate name="Rousmaniere, Lewis"  id="RL0008"/>
<auth:candidate name="Reese, Lewis"  id="RL0009"/>
<auth:candidate name="Rodgers, Lewis"  id="RL0010"/>
<auth:candidate name="Reeves, Lemuel"  id="RL0011"/>
<auth:candidate name="Rupert, Leonard"  id="RL0012"/>
<auth:candidate name="Rush, Lewis"  id="RL0016"/>
<auth:candidate name="Rosenmiller, Lewis"  id="RL0035"/>
<auth:candidate name="Ramler, Leonard"  id="RL0036"/>
<auth:candidate name="Rogers, Levi"  id="RL0038"/>
<auth:candidate name="Robinson, Lark"  id="RL0043"/>
<auth:candidate name="Reman, Lewis"  id="RL0044"/>
<auth:candidate name="Riddick, Lemuel"  id="RL0046"/>
<auth:candidate name="Ruffner, Lewis"  id="RL0048"/>
<auth:candidate name="Rogers, Leevin"  id="RL0049"/>
<auth:candidate name="Richards, Levin"  id="RL0050"/>
<auth:candidate name="Reccord, Levin"  id="RL0051"/>
<auth:candidate name="Riley, Lawrence"  id="RL0052"/>
<auth:candidate name="Rockwell, Martin"  id="RM0001"/>
<auth:candidate name="Rawlings, Moses M."  id="RM0003"/>
<auth:candidate name="Ray, Martin L."  id="RM0005"/>
<auth:candidate name="Rowzey, Martin"  id="RM0006"/>
<auth:candidate name="Reynaud, M."  id="RM0007"/>
<auth:candidate name="Rowlings, Moses"  id="RM0008"/>
<auth:candidate name="Russum, Mitchell"  id="RM0009"/>
<auth:candidate name="Riddlemoser, Michael"  id="RM0010"/>
<auth:candidate name="Ryerson, Martin"  id="RM0011"/>
<auth:candidate name="Robeson, Morris"  id="RM0014"/>
<auth:candidate name="Ryerson, Martin I."  id="RM0015"/>
<auth:candidate name="Roof, Martin"  id="RM0016"/>
<auth:candidate name="Rayner, Miles"  id="RM0018"/>
<auth:candidate name="Rhinehart, Michael"  id="RM0019"/>
    <auth:candidate name="Richardson, Matthew"  id="RM0020"/>
    <auth:candidate name="Rasin, Macall W."  id="RM0021"/>
<auth:candidate name="Ross, Moses"  id="RM0022"/>
<auth:candidate name="Ross, Matthais"  id="RM0025"/>
<auth:candidate name="Rugh, Michael"  id="RM0027"/>
<auth:candidate name="Rine, Michael"  id="RM0032"/>
<auth:candidate name="Reiley, Martin"  id="RM0034"/>
<auth:candidate name="Rhoads, Matthias"  id="RM0036"/>
<auth:candidate name="Rahm, Melchior"  id="RM0037"/>
<auth:candidate name="Rahn, Michael"  id="RM0038"/>
<auth:candidate name="Richards, Matthias"  id="RM0041"/>
<auth:candidate name="Rankin, Moses"  id="RM0044"/>
<auth:candidate name="Richards, Mark"  id="RM0047"/>
<auth:candidate name="Rush, Moses"  id="RM0048"/>
<auth:candidate name="Rogers, Molton C."  id="RM0052"/>
<auth:candidate name="Read, Michael"  id="RM0055"/>
<auth:candidate name="Rodgers, M."  id="RM0057"/>
<auth:candidate name="Reese, Martin"  id="RM0058"/>
    <auth:candidate name="Roberts, Matthew"  id="RM0060"/>
    <auth:candidate name="Rawlings, Moses"  id="RM0061"/>
<auth:candidate name="Ritter, Martin"  id="RM0065"/>
<auth:candidate name="Railey, Martin"  id="RM0068"/>
<auth:candidate name="Reeder, Morrick"  id="RM0071"/>
<auth:candidate name="Ritter, Michael"  id="RM0072"/>
<auth:candidate name="Robinson, Moses"  id="RM0093"/>
<auth:candidate name="Richards, Mark"  id="RM0096"/>
<auth:candidate name="Ransom, Matthew"  id="RM0103"/>
<auth:candidate name="Rust, Mathew"  id="RM0104"/>
<auth:candidate name="Riddick, Mills"  id="RM0105"/>
<auth:candidate name="Richardson, Mark"  id="RM0666"/>
<auth:candidate name="Rossiter, Nathaniel"  id="RN0001"/>
    <auth:candidate name="Ruggles, Nathaniel F."  id="RN0002"/>
    <auth:candidate name="Ruggles, Nathaniel S."  id="RN0003"/>
<auth:candidate name="Ridgeley, Nicholas"  id="RN0005"/>
<auth:candidate name="Rutherford, Nathaniel G."  id="RN0007"/>
<auth:candidate name="Richardson, Nathaniel"  id="RN0008"/>
<auth:candidate name="Ramsay, Nathaniel"  id="RN0009"/>
<auth:candidate name="Rochester, Nathaniel"  id="RN0010"/>
<auth:candidate name="Rawlings, Nathan"  id="RN0013"/>
<auth:candidate name="Ridgely, Noah"  id="RN0014"/>
    <auth:candidate name="Read, Nathan"  id="RN0015"/>
    <auth:candidate name="Ramsay, John"  id="RN0016"/>
<auth:candidate name="Rogers, Nathaniel"  id="RN0018"/>
<auth:candidate name="Rape, Nicholas"  id="RN0019"/>
<auth:candidate name="Rockwell, Nathan"  id="RN0022"/>
<auth:candidate name="Randall, Nicholas P."  id="RN0027"/>
<auth:candidate name="Rochester, Nathaniel"  id="RN0028"/>
<auth:candidate name="Rutter, Nathaniel"  id="RN0029"/>
<auth:candidate name="Russell, Nathaniel"  id="RN0031"/>
<auth:candidate name="Rhodes, Nathaniel"  id="RN0034"/>
<auth:candidate name="Ross, Nathaniel"  id="RN0035"/>
<auth:candidate name="Ruble, Owen"  id="RO0000"/>
<auth:candidate name="Rice, Oliver"  id="RO0001"/>
<auth:candidate name="Ross, Ogden"  id="RO0002"/>
<auth:candidate name="Rice, Owen"  id="RO0003"/>
<auth:candidate name="Rees, O. S."  id="RO0004"/>
<auth:candidate name="Robinson, Peter"  id="RP0001"/>
<auth:candidate name="Reading, Philip"  id="RP0004"/>
<auth:candidate name="Rousseau, P. A."  id="RP0006"/>
<auth:candidate name="Rogers, Philip"  id="RP0008"/>
<auth:candidate name="Reed, Philip"  id="RP0009"/>
<auth:candidate name="Rich, Peter"  id="RP0010"/>
<auth:candidate name="Richardson, Philip"  id="RP0012"/>
<auth:candidate name="Rasin, Philip F."  id="RP0014"/>
<auth:candidate name="Ricketts, Philip"  id="RP0015"/>
<auth:candidate name="Reinerman, Parker Y."  id="RP0017"/>
<auth:candidate name="Rocheblave, Philip"  id="RP0025"/>
<auth:candidate name="Reeve, Peter"  id="RP0026"/>
<auth:candidate name="Ross, Peter P."  id="RP0028"/>
<auth:candidate name="Radcliff, Peter W."  id="RP0029"/>
<auth:candidate name="Rhinelander, Philip, Jr."  id="RP0032"/>
<auth:candidate name="Raiford, Philip B."  id="RP0033"/>
<auth:candidate name="Roberts, Pleasant B."  id="RP0034"/>
<auth:candidate name="Rhodes, Peter"  id="RP0035"/>
<auth:candidate name="Richards, Peter"  id="RP0036"/>
<auth:candidate name="Reid, Peter"  id="RP0038"/>
<auth:candidate name="Reisinger, Peter"  id="RP0039"/>
<auth:candidate name="Reed, P."  id="RP0042"/>
<auth:candidate name="Reed, Philip"  id="RP0043"/>
<auth:candidate name="Reider, Peter"  id="RP0044"/>
<auth:candidate name="Rumble, Peter"  id="RP0046"/>
<auth:candidate name="Robinson, Penrose"  id="RP0050"/>
<auth:candidate name="Ritner, Peter"  id="RP0052"/>
<auth:candidate name="Ruch, Peter"  id="RP0053"/>
<auth:candidate name="Rhoads, Peter"  id="RP0055"/>
<auth:candidate name="Robinson, Peter L."  id="RP0056"/>
<auth:candidate name="Rust, Peter"  id="RP0057"/>
<auth:candidate name="Randolph, Peyton"  id="RP0059"/>
<auth:candidate name="Roberts, Philagathas"  id="RP0062"/>
<auth:candidate name="Rison, Peter"  id="RP0064"/>
<auth:candidate name="Robeson, Peter"  id="RP0065"/>
<auth:candidate name="Rybold, Philip"  id="RP0066"/>
<auth:candidate name="Ricker, Phinehas"  id="RP0067"/>
<auth:candidate name="Reid, Reuben"  id="RR0000"/>
<auth:candidate name="Register, Robert"  id="RR0001"/>
<auth:candidate name="Remson, Rem."  id="RR0002"/>
<auth:candidate name="Reynolds, Robert"  id="RR0003"/>
<auth:candidate name="Reid, Robert Raymond"  id="RR0004"/>
<auth:candidate name="Reid, Robert R."  id="RR0006"/>
<auth:candidate name="Remson, R."  id="RR0007"/>
<auth:candidate name="Rawlins, Roderick"  id="RR0010"/>
<auth:candidate name="Russell, Robert S."  id="RR0011"/>
<auth:candidate name="Rudd, Richard"  id="RR0013"/>
<auth:candidate name="Richardson, R. D."  id="RR0015"/>
<auth:candidate name="Ridgely, Richard"  id="RR0017"/>
<auth:candidate name="Reynolds, Reuben"  id="RR0019"/>
<auth:candidate name="Richardson, Robert"  id="RR0020"/>
<auth:candidate name="Roberts, Richard"  id="RR0021"/>
<auth:candidate name="Richardson, Robert R."  id="RR0022"/>
<auth:candidate name="Ryder, Reuben"  id="RR0023"/>
<auth:candidate name="Roberts, Reubin"  id="RR0025"/>
<auth:candidate name="Risley, Richard"  id="RR0026"/>
<auth:candidate name="Ross, Robert"  id="RR0028"/>
<auth:candidate name="Rutherford, Robert W."  id="RR0029"/>
<auth:candidate name="Risley, Richard S."  id="RR0032"/>
<auth:candidate name="Roseboom, Robert"  id="RR0035"/>
<auth:candidate name="Rose, Robert S."  id="RR0038"/>
<auth:candidate name="Riley, Richard"  id="RR0041"/>
<auth:candidate name="Readom, Richard"  id="RR0043"/>
<auth:candidate name="Randolph, Robert F."  id="RR0044"/>
<auth:candidate name="Ramsey, Robert"  id="RR0045"/>
<auth:candidate name="Ralston, Robert"  id="RR0046"/>
<auth:candidate name="Robeson, Robert"  id="RR0047"/>
<auth:candidate name="Robinson, Robert"  id="RR0050"/>
<auth:candidate name="Robeson, Robert"  id="RR0052"/>
<auth:candidate name="Ritchie, Robert"  id="RR0053"/>
<auth:candidate name="Rush, Richard"  id="RR0054"/>
<auth:candidate name="Reed, Rufus S."  id="RR0055"/>
<auth:candidate name="Robison, Robert"  id="RR0056"/>
<auth:candidate name="Rickert, Richard"  id="RR0061"/>
<auth:candidate name="Robinson, Robert"  id="RR0063"/>
<auth:candidate name="Rodgers, Robert"  id="RR0065"/>
<auth:candidate name="Ronaldson, Richard"  id="RR0066"/>
    <auth:candidate name="Reid, Robert"  id="RR0067"/>
    <auth:candidate name="Robinson, Robert"  id="RR0068"/>
<auth:candidate name="Roper, R. W."  id="RR0069"/>
<auth:candidate name="Rogers, R."  id="RR0070"/>
<auth:candidate name="Rutherford, Robert"  id="RR0071"/>
<auth:candidate name="Robertson, Robert M."  id="RR0074"/>
<auth:candidate name="Robb, Robert Gilchrist"  id="RR0076"/>
<auth:candidate name="Ryland, Richard"  id="RR0077"/>
<auth:candidate name="Rowzee, Richard"  id="RR0078"/>
<auth:candidate name="Rives, Robert, Jr."  id="RR0081"/>
<auth:candidate name="Rogers, Ralph"  id="RR0085"/>
<auth:candidate name="Robertson, R."  id="RR0086"/>
    <auth:candidate name="Robinson, Ralph"  id="RR0087"/>
    <auth:candidate name="Rogan, Ralph"  id="RR0088"/>
    <auth:candidate name="Randall, Samuel"  id="RS0000"/>
<auth:candidate name="Roane, Samuel C."  id="RS0001"/>
<auth:candidate name="Richard, Silas"  id="RS0002"/>
<auth:candidate name="Russel, Samuel"  id="RS0003"/>
<auth:candidate name="Rockwell, Samuel"  id="RS0004"/>
<auth:candidate name="Ryker, Samuel"  id="RS0007"/>
<auth:candidate name="Robertson, Samuel W."  id="RS0008"/>
<auth:candidate name="Richardson, Stephen"  id="RS0009"/>
<auth:candidate name="Robertson, Samuel"  id="RS0010"/>
<auth:candidate name="Redington, Samuel"  id="RS0011"/>
<auth:candidate name="Rannels, S. J."  id="RS0012"/>
<auth:candidate name="Ringold, Samuel"  id="RS0013"/>
<auth:candidate name="Rideout, Samuel"  id="RS0014"/>
<auth:candidate name="Rasin, Samuel"  id="RS0019"/>
<auth:candidate name="Richardson, Solomon"  id="RS0020"/>
<auth:candidate name="Richardson, Stephen"  id="RS0023"/>
<auth:candidate name="Roberts, Saunders"  id="RS0029"/>
<auth:candidate name="Reyner, Stephen"  id="RS0033"/>
<auth:candidate name="Roberts, Samuel"  id="RS0034"/>
<auth:candidate name="Ropes, Samuel"  id="RS0035"/>
<auth:candidate name="Root, Samuel"  id="RS0039"/>
<auth:candidate name="Ryder, Simeon"  id="RS0040"/>
<auth:candidate name="Riddle, Samuel"  id="RS0042"/>
<auth:candidate name="Rogers, Samuel"  id="RS0043"/>
<auth:candidate name="Reavis, Samuel D."  id="RS0044"/>
<auth:candidate name="Rector, Stephen"  id="RS0046"/>
<auth:candidate name="Randolph, Samuel F."  id="RS0047"/>
<auth:candidate name="Ray, Samuel"  id="RS0048"/>
<auth:candidate name="Read, Samuel J."  id="RS0058"/>
<auth:candidate name="Reynolds, Stephen"  id="RS0060"/>
<auth:candidate name="Riker, Samuel"  id="RS0063"/>
<auth:candidate name="Russell, Samuel"  id="RS0072"/>
<auth:candidate name="Rexford, Samuel"  id="RS0077"/>
<auth:candidate name="Romaine, Samuel B."  id="RS0078"/>
<auth:candidate name="Rodgers, Stephen"  id="RS0082"/>
<auth:candidate name="Riddle, Samuel"  id="RS0083"/>
    <auth:candidate name="Rhine, Stephen"  id="RS0084"/>
    <auth:candidate name="Rees, Samuel"  id="RS0085"/>
<auth:candidate name="Runyan, Stephen"  id="RS0086"/>
<auth:candidate name="Rees, Samuel"  id="RS0087"/>
<auth:candidate name="Richards, Samuel"  id="RS0090"/>
<auth:candidate name="Ray, Samuel, Jr."  id="RS0092"/>
<auth:candidate name="Robinson, Samuel"  id="RS0093"/>
<auth:candidate name="Rankin, Samuel"  id="RS0095"/>
<auth:candidate name="Radebaugh, Samuel"  id="RS0098"/>
<auth:candidate name="Riddle, Samuel"  id="RS0104"/>
<auth:candidate name="Rex, Samuel"  id="RS0105"/>
<auth:candidate name="Rush, Samuel"  id="RS0107"/>
    <auth:candidate name="Richards, Samuel"  id="RS0108"/>
    <auth:candidate name="Robinson, Samuel"  id="RS0109"/>
<auth:candidate name="Ramsey, Samuel"  id="RS0110"/>
<auth:candidate name="Robbins, Samuel J."  id="RS0111"/>
<auth:candidate name="Rowe, Samuel"  id="RS0115"/>
<auth:candidate name="Riely, Samuel"  id="RS0116"/>
<auth:candidate name="Ravenel, Stephen"  id="RS0117"/>
<auth:candidate name="Rainey, Samuel"  id="RS0119"/>
<auth:candidate name="Royce, Stephen, Jr."  id="RS0121"/>
<auth:candidate name="Roane, Spencer"  id="RS0122"/>
<auth:candidate name="Rozell, Stephen C."  id="RS0124"/>
    <auth:candidate name="Rennolds, Sthreshley"  id="RS0128"/>
    <auth:candidate name="Riggle, Solomon"  id="RS0129"/>
<auth:candidate name="Reid, Samuel MacDowell"  id="RS0140"/>
<auth:candidate name="Redden, Stephen"  id="RS0141"/>
<auth:candidate name="Reeve, Tapping"  id="RT0001"/>
    <auth:candidate name="Roberts, Thomas"  id="RT0002"/>
    <auth:candidate name="Ringgold, Thomas"  id="RT0003"/>
    <auth:candidate name="Rice, Thomas"  id="RT0004"/>
    <auth:candidate name="Rivers, Thomas"  id="RT0005"/>
<auth:candidate name="Rogers, Thomas W."  id="RT0008"/>
<auth:candidate name="Robinson, Thomas"  id="RT0009"/>
<auth:candidate name="Rattan, Thomas"  id="RT0012"/>
<auth:candidate name="Rice, Thomas K."  id="RT0013"/>
<auth:candidate name="Reynolds, Thomas"  id="RT0014"/>
    <auth:candidate name="Ross, Thomas L."  id="RT0015"/>
    <auth:candidate name="Richardson, Tristram"  id="RT0016"/>
<auth:candidate name="Randolph, Thomas"  id="RT0022"/>
<auth:candidate name="Russell, Thomas A."  id="RT0025"/>
<auth:candidate name="Robertson, Thomas Bolling"  id="RT0026"/>
<auth:candidate name="Robertson, Thomas"  id="RT0033"/>
<auth:candidate name="Rutger, Thomas, Jr."  id="RT0034"/>
<auth:candidate name="Roberts, Thomas"  id="RT0035"/>
<auth:candidate name="Ringgold, Tench"  id="RT0036"/>
    <auth:candidate name="Reynolds, Thomas H."  id="RT0038"/>
    <auth:candidate name="Rice, Thomas"  id="RT0039"/>
<auth:candidate name="Rush, Thomas"  id="RT0040"/>
    <auth:candidate name="Rogerson, Thomas"  id="RT0042"/>
    <auth:candidate name="Radford, Thomas"  id="RT0043"/>
<auth:candidate name="Randolph, Tobias, Jr."  id="RT0045"/>
<auth:candidate name="Robey, Townly"  id="RT0050"/>
    <auth:candidate name="Russell, Thomas"  id="RT0058"/>
    <auth:candidate name="Rogers, Thomas A."  id="RT0059"/>
<auth:candidate name="Russell, Thomas"  id="RT0060"/>
<auth:candidate name="Riddick, Thomas F."  id="RT0066"/>
    <auth:candidate name="Rogers, Thomas"  id="RT0068"/>
    <auth:candidate name="Randolph, Thomas"  id="RT0069"/>
<auth:candidate name="Riggs, Thomas"  id="RT0071"/>
<auth:candidate name="Robbins, Thomas"  id="RT0072"/>
<auth:candidate name="Ross, Theodorus"  id="RT0073"/>
<auth:candidate name="Rudd, Theron"  id="RT0074"/>
<auth:candidate name="Ross, Townsend"  id="RT0075"/>
<auth:candidate name="Robinson, Tracy"  id="RT0076"/>
<auth:candidate name="Robeson, Thomas J."  id="RT0077"/>
<auth:candidate name="Renick, Thomas"  id="RT0078"/>
<auth:candidate name="Ross, Thomas R."  id="RT0081"/>
<auth:candidate name="Ross, Thomas"  id="RT0087"/>
<auth:candidate name="Ruston, Thomas"  id="RT0088"/>
<auth:candidate name="Ross, Thomas"  id="RT0090"/>
<auth:candidate name="Ranford, Thomas"  id="RT0091"/>
<auth:candidate name="Rea, Thomas, Jr."  id="RT0092"/>
<auth:candidate name="Rice, Thomas"  id="RT0093"/>
<auth:candidate name="Ryerson, Thomas"  id="RT0094"/>
<auth:candidate name="Rogers, Thomas R."  id="RT0095"/>
<auth:candidate name="Rellers, Tobias"  id="RT0096"/>
<auth:candidate name="Rogers, Thomas J."  id="RT0097"/>
<auth:candidate name="Robinson, Thomas"  id="RT0098"/>
<auth:candidate name="Rose, Thomas"  id="RT0101"/>
<auth:candidate name="Radcliffe, Thomas"  id="RT0102"/>
<auth:candidate name="Roper, Thomas"  id="RT0104"/>
<auth:candidate name="Robertson, Thomas"  id="RT0109"/>
<auth:candidate name="Rodd, Thomas D."  id="RT0110"/>
<auth:candidate name="Randolph, Thomas"  id="RT0112"/>
<auth:candidate name="Reed, Thomas, Sr."  id="RT0113"/>
<auth:candidate name="Ridley, Thomas"  id="RT0114"/>
<auth:candidate name="Royster, Thomas"  id="RT0115"/>
<auth:candidate name="Roane, Thomas, Jr."  id="RT0118"/>
<auth:candidate name="Randolph, Thomas Mann"  id="RT0122"/>
<auth:candidate name="Ritchie, Thomas"  id="RT0124"/>
<auth:candidate name="Robertson, Thomas Bolling"  id="RT0126"/>
    <auth:candidate name="Ragsdale, Thomas"  id="RT0130"/>
    <auth:candidate name="Randolph, Thomas"  id="RT0131"/>
    <auth:candidate name="Rutter, Thomas, Jr."  id="RT0132"/>
<auth:candidate name="Reed, Theodore"  id="RT0135"/>
<auth:candidate name="Rusell, Thomas C."  id="RT0136"/>
<auth:candidate name="Reid, Thomas B."  id="RT0137"/>
<auth:candidate name="Robinson, Thomas"  id="RT0138"/>
<auth:candidate name="Richardson, Thomas"  id="RT0139"/>
<auth:candidate name="Rothwell, Thomas"  id="RT0140"/>
<auth:candidate name="Rider, Thomas"  id="RT0141"/>
<auth:candidate name="Rowell, Valentine"  id="RV0002"/>
<auth:candidate name="Redman, Vincent"  id="RV0003"/>
<auth:candidate name="Reynolds, Van B."  id="RV0007"/>
<auth:candidate name="Roberts, William"  id="RW0000"/>
<auth:candidate name="Robinson, William"  id="RW0001"/>
<auth:candidate name="Robeson, William"  id="RW0002"/>
<auth:candidate name="Rice, Washington"  id="RW0003"/>
<auth:candidate name="Rose, Wormly"  id="RW0005"/>
<auth:candidate name="Rabun, William"  id="RW0007"/>
<auth:candidate name="Robertson, William"  id="RW0008"/>
<auth:candidate name="Rogers, William B."  id="RW0009"/>
<auth:candidate name="Reynolds, William L."  id="RW0010"/>
<auth:candidate name="Russell, William"  id="RW0011"/>
<auth:candidate name="Rondeau, William"  id="RW0012"/>
<auth:candidate name="Robison, William"  id="RW0013"/>
<auth:candidate name="Robinson, W."  id="RW0014"/>
<auth:candidate name="Rice, William"  id="RW0015"/>
<auth:candidate name="Reddick, William"  id="RW0016"/>
    <auth:candidate name="Russell, William"  id="RW0017"/>
    <auth:candidate name="Rankin, William C."  id="RW0018"/>
    <auth:candidate name="Ridgeway, William Pitt"  id="RW0019"/>
    <auth:candidate name="Robertson, William A."  id="RW0020"/>
<auth:candidate name="Rodes, William"  id="RW0021"/>
    <auth:candidate name="Roane, William R."  id="RW0022"/>
    <auth:candidate name="Randall, William"  id="RW0023"/>
<auth:candidate name="Rhodes, William"  id="RW0024"/>
    <auth:candidate name="Roper, W.P."  id="RW0025"/>
    <auth:candidate name="Rice, Warren"  id="RW0026"/>
    <auth:candidate name="Rice, William"  id="RW0027"/>
    <auth:candidate name="Ridgeley, William"  id="RW0028"/>
    <auth:candidate name="Roddye, William"  id="RW0029"/>
    <auth:candidate name="Robertson, W."  id="RW0030"/>
    <auth:candidate name="Rankin, William"  id="RW0031"/>
<auth:candidate name="Reed, Walker"  id="RW0032"/>
<auth:candidate name="Rose, W. P."  id="RW0033"/>
<auth:candidate name="Robinson, William"  id="RW0034"/>
<auth:candidate name="Robertson, William"  id="RW0035"/>
    <auth:candidate name="Rose, William"  id="RW0036"/>
    <auth:candidate name="Ridgeway, William C."  id="RW0037"/>
<auth:candidate name="Richardson, William"  id="RW0039"/>
<auth:candidate name="Ridgaway, William P."  id="RW0043"/>
<auth:candidate name="Ross, William"  id="RW0045"/>
<auth:candidate name="Riley, William"  id="RW0047"/>
<auth:candidate name="Rickets, William"  id="RW0050"/>
<auth:candidate name="Roach, William"  id="RW0051"/>
<auth:candidate name="Robbins, William"  id="RW0055"/>
<auth:candidate name="Reed, William"  id="RW0057"/>
<auth:candidate name="Ringgold, William H."  id="RW0063"/>
<auth:candidate name="Reany, William"  id="RW0065"/>
<auth:candidate name="Rawson, Warren"  id="RW0069"/>
<auth:candidate name="Rice, William"  id="RW0073"/>
<auth:candidate name="Ross, William"  id="RW0074"/>
<auth:candidate name="Reed, William J."  id="RW0078"/>
<auth:candidate name="Richardson, W. M."  id="RW0080"/>
<auth:candidate name="Runkle, William"  id="RW0081"/>
<auth:candidate name="Rose, William"  id="RW0083"/>
<auth:candidate name="Ryerson, William A."  id="RW0086"/>
<auth:candidate name="Reynolds, William G."  id="RW0090"/>
<auth:candidate name="Radcleft, William"  id="RW0092"/>
<auth:candidate name="Ross, William"  id="RW0093"/>
<auth:candidate name="Reynolds, William W."  id="RW0094"/>
<auth:candidate name="Rumsey, William"  id="RW0096"/>
<auth:candidate name="Requa, William"  id="RW0104"/>
<auth:candidate name="Rochester, William B."  id="RW0109"/>
<auth:candidate name="Rand, Walter"  id="RW0111"/>
<auth:candidate name="Robards, William"  id="RW0113"/>
<auth:candidate name="Righton, W."  id="RW0119"/>
<auth:candidate name="Riddick, William"  id="RW0120"/>
<auth:candidate name="Riddick, Willis"  id="RW0121"/>
<auth:candidate name="Robinson, William"  id="RW0125"/>
<auth:candidate name="Reynolds, W."  id="RW0126"/>
    <auth:candidate name="Rutledge, William"  id="RW0127"/>
    <auth:candidate name="Rualeigh, Walter"  id="RW0128"/>
    <auth:candidate name="Robertson, William"  id="RW0129"/>
<auth:candidate name="Rodgers, William"  id="RW0130"/>
<auth:candidate name="Robeson, William"  id="RW0134"/>
<auth:candidate name="Russell, William"  id="RW0135"/>
<auth:candidate name="Ruffin, William"  id="RW0137"/>
<auth:candidate name="Ripley, William"  id="RW0140"/>
<auth:candidate name="Rayen, William"  id="RW0141"/>
<auth:candidate name="Richey, Welsh"  id="RW0143"/>
<auth:candidate name="Rodman, William, Jr."  id="RW0146"/>
<auth:candidate name="Rawle, William"  id="RW0147"/>
    <auth:candidate name="Robinson, William, Jr."  id="RW0148"/>
    <auth:candidate name="Ramsey, William"  id="RW0150"/>
<auth:candidate name="Ross, William"  id="RW0151"/>
<auth:candidate name="Rogers, William"  id="RW0152"/>
<auth:candidate name="Rankin, William"  id="RW0153"/>
<auth:candidate name="Reed, William"  id="RW0155"/>
<auth:candidate name="Ramsey, William"  id="RW0160"/>
<auth:candidate name="Richards, William"  id="RW0163"/>
<auth:candidate name="Richards, William"  id="RW0164"/>
<auth:candidate name="Rush, William"  id="RW0165"/>
<auth:candidate name="Rose, William"  id="RW0170"/>
<auth:candidate name="Ross, William"  id="RW0174"/>
<auth:candidate name="Ross, William B."  id="RW0180"/>
<auth:candidate name="Ray, William"  id="RW0182"/>
<auth:candidate name="Rowland, William H."  id="RW0185"/>
<auth:candidate name="Richey, William"  id="RW0186"/>
<auth:candidate name="Robinson, William"  id="RW0193"/>
<auth:candidate name="Rutherford, William"  id="RW0195"/>
<auth:candidate name="Rogers, William"  id="RW0196"/>
<auth:candidate name="Robinson, W."  id="RW0199"/>
<auth:candidate name="Robinson, William"  id="RW0201"/>
<auth:candidate name="Rogers, W., Rev."  id="RW0202"/>
<auth:candidate name="Rogers, William"  id="RW0205"/>
<auth:candidate name="Ruff, William"  id="RW0206"/>
<auth:candidate name="Reynolds, William"  id="RW0207"/>
<auth:candidate name="Ross, William"  id="RW0211"/>
<auth:candidate name="Reynolds, William"  id="RW0212"/>
<auth:candidate name="Rhodes, William"  id="RW0215"/>
<auth:candidate name="Read, William"  id="RW0217"/>
<auth:candidate name="Robinson, Walter"  id="RW0218"/>
<auth:candidate name="Rees, William James"  id="RW0219"/>
<auth:candidate name="Richbourg, William"  id="RW0220"/>
<auth:candidate name="Reynolds, William"  id="RW0221"/>
<auth:candidate name="Rowe, William"  id="RW0223"/>
<auth:candidate name="Robertson, William"  id="RW0225"/>
<auth:candidate name="Rice, William"  id="RW0226"/>
<auth:candidate name="Rouse, William, Sr."  id="RW0227"/>
<auth:candidate name="Reid, William"  id="RW0230"/>
<auth:candidate name="Richardson, William G."  id="RW0231"/>
<auth:candidate name="Rice, William"  id="RW0234"/>
<auth:candidate name="Rawles, William"  id="RW0235"/>
<auth:candidate name="Ronald, William"  id="RW0242"/>
<auth:candidate name="Ropes, William"  id="RW0245"/>
<auth:candidate name="Ritchie, William"  id="RW0246"/>
<auth:candidate name="Randolph, William"  id="RW0249"/>
<auth:candidate name="Ruffin, William"  id="RW0251"/>
<auth:candidate name="Robertson, William"  id="RW0255"/>
<auth:candidate name="Robinson, William"  id="RW0256"/>
<auth:candidate name="Rice, William"  id="RW0257"/>
<auth:candidate name="Roane, William H."  id="RW0261"/>
<auth:candidate name="Ransom, William"  id="RW0262"/>
<auth:candidate name="Reves, William C."  id="RW0263"/>
<auth:candidate name="Rawlins, William"  id="RW0264"/>
    <auth:candidate name="Ricks, William"  id="RW0265"/>
    <auth:candidate name="Rotch, William"  id="RW0266"/>
<auth:candidate name="Roane, William R."  id="RW0268"/>
<auth:candidate name="Ross, William"  id="RW0270"/>
<auth:candidate name="Rives, William C."  id="RW0272"/>
<auth:candidate name="Rives, William M."  id="RW0273"/>
<auth:candidate name="Randolph, William B."  id="RW0275"/>
<auth:candidate name="Ratcliffe, William"  id="RW0276"/>
<auth:candidate name="Robinson, Wright"  id="RW0278"/>
<auth:candidate name="Randolph, William F."  id="RW0279"/>
<auth:candidate name="Richardson, William A."  id="RW0280"/>
<auth:candidate name="Robertson, William"  id="RW0281"/>
<auth:candidate name="Rothwell, William"  id="RW0282"/>
<auth:candidate name="Reynolds, William"  id="RW0283"/>
<auth:candidate name="Ringgold, William"  id="RW0284"/>
<auth:candidate name="Rossell, Zacheriah"  id="RZ0001"/>
<auth:candidate name="Rice, Zachariah"  id="RZ0006"/>
</names-authority-list>	