<?xml version="1.0" encoding="UTF-8"?> <names-authority-list xmlns:auth="http://dca.tufts.edu/aas/auth" xmlns:xref="http://dca/tufts.edu/aas/xref">

<auth:candidate name="Telfair, Alexander"  id="TA0001"/>
<auth:candidate name="Thom, Allen D."  id="TA0002"/>
<auth:candidate name="Thompson, Asa"  id="TA0003"/>
<auth:candidate name="Tufts, Aaron"  id="TA0004"/>
<auth:candidate name="Taylor, Augustus R."  id="TA0013"/>
<auth:candidate name="Tenbroeck, Abraham"  id="TA0014"/>
<auth:candidate name="Tracey, Albert H."  id="TA0015"/>
<auth:candidate name="Tatom, Absalom"  id="TA0018"/>
<auth:candidate name="Troy, Alexander"  id="TA0019"/>
<auth:candidate name="Troxell, Abraham"  id="TA0020"/>
<auth:candidate name="Tilford, Alexander"  id="TA0022"/>
<auth:candidate name="Trimble, Allen"  id="TA0023"/>
<auth:candidate name="Taylor, Abither V."  id="TA0024"/>
<auth:candidate name="Tompkins, Asahel"  id="TA0026"/>
<auth:candidate name="Turner, Alexander"  id="TA0027"/>
<auth:candidate name="Taylor, Abijah"  id="TA0036"/>
<auth:candidate name="Tybout, Andrew"  id="TA0043"/>
<auth:candidate name="Taylor, Anthony"  id="TA0044"/>
<auth:candidate name="Todd, Andrew"  id="TA0047"/>
<auth:candidate name="Traquair, Adam"  id="TA0048"/>
<auth:candidate name="Tannehill, Adamson"  id="TA0049"/>
<auth:candidate name="Taylor, Alexander"  id="TA0052"/>
<auth:candidate name="Taylor, Anthony"  id="TA0055"/>
<auth:candidate name="Tenbrook, Abram"  id="TA0062"/>
<auth:candidate name="Tallman, Abraham"  id="TA0064"/>
<auth:candidate name="Thompson, Alexander"  id="TA0068"/>
<auth:candidate name="Toomer, Anthony"  id="TA0071"/>
<auth:candidate name="Toomer, Anthony Vander Horst"  id="TA0078"/>
<auth:candidate name="Thomson, Andrew W."  id="TA0079"/>
<auth:candidate name="Trigg, Abraham"  id="TA0080"/>
<auth:candidate name="Trent, Alexander"  id="TA0081"/>
<auth:candidate name="Taylor, Allen"  id="TA0090"/>
<auth:candidate name="Temple, Allen"  id="TA0093"/>
<auth:candidate name="Thomson, Allen"  id="TA0094"/>
<auth:candidate name="Ten Eyck, Abraham, Jr."  id="TA0200"/>
<auth:candidate name="Ten Eyck, Anthony"  id="TA0201"/>
<auth:candidate name="Thomson, Benjamin"  id="TB0002"/>
<auth:candidate name="Tallmadge, Benjamin"  id="TB0015"/>
<auth:candidate name="Townsend, Barclay"  id="TB0023"/>
<auth:candidate name="Taliaferro, Benjamin"  id="TB0024"/>
<auth:candidate name="Tarver, Bird"  id="TB0025"/>
<auth:candidate name="Thruston, Buckner"  id="TB0030"/>
<auth:candidate name="Taylor, Benjamin"  id="TB0038"/>
<auth:candidate name="Tomlinson, Benjamin"  id="TB0041"/>
<auth:candidate name="Tabbs, Barton"  id="TB0047"/>
<auth:candidate name="Thaxter, Benjamin"  id="TB0074"/>
<auth:candidate name="Taft, Bazeleel"  id="TB0078"/>
<auth:candidate name="Taft, Bezaleel, Jr."  id="TB0079"/>
<auth:candidate name="Tindal, Benjamin"  id="TB0082"/>
<auth:candidate name="Thompson, Benajah"  id="TB0083"/>
<auth:candidate name="Trowbridge, Billy"  id="TB0084"/>
<auth:candidate name="Townsend, Benjamin"  id="TB0085"/>
<auth:candidate name="Tores, B."  id="TB0087"/>
<auth:candidate name="Tappan, Benjamin"  id="TB0088"/>
<auth:candidate name="Turner, Benjamin"  id="TB0089"/>
<auth:candidate name="Thaw, Benjamin"  id="TB0092"/>
<auth:candidate name="Taylor, B."  id="TB0093"/>
<auth:candidate name="Thomas, Benjamin"  id="TB0095"/>
<auth:candidate name="Thomas, Barnet"  id="TB0096"/>
<auth:candidate name="Taylor, B.A."  id="TB0097"/>
<auth:candidate name="Taylor, Benjamin F."  id="TB0099"/>
<auth:candidate name="Thruston, Buck."  id="TB0100"/>
<auth:candidate name="Temple, Benjamin"  id="TB0101"/>
<auth:candidate name="Taylor, B."  id="TB0105"/>
    <auth:candidate name="Townsend, Bartholomew"  id="TB0106"/>
    <auth:candidate name="Thompson, Bartholomew"  id="TB0107"/>
<auth:candidate name="Thomas, Charles, Sr."  id="TC0000"/>
<auth:candidate name="Thomas, Charles, Jr."  id="TC0001"/>
<auth:candidate name="Tait, Charles"  id="TC0002"/>
<auth:candidate name="True, C."  id="TC0003"/>
<auth:candidate name="Thompkins, Christopher"  id="TC0006"/>
<auth:candidate name="Todd, Charles S."  id="TC0007"/>
<auth:candidate name="Turner, Cornelius"  id="TC0010"/>
<auth:candidate name="Taylor, Colby H."  id="TC0011"/>
<auth:candidate name="Thurston, Charles M."  id="TC0012"/>
<auth:candidate name="Trudeau, Charles"  id="TC0014"/>
<auth:candidate name="Tilghman, Charles C."  id="TC0015"/>
<auth:candidate name="Turner, Charles"  id="TC0016"/>
<auth:candidate name="Turner, Charles, Jr."  id="TC0018"/>
<auth:candidate name="Toppan, Christopher"  id="TC0019"/>
<auth:candidate name="Terry, Caleb"  id="TC0030"/>
<auth:candidate name="Townsend, Cresse"  id="TC0034"/>
<auth:candidate name="Toms, Charles"  id="TC0038"/>
<auth:candidate name="Tappen, Christopher"  id="TC0039"/>
<auth:candidate name="Tyler, Comfort"  id="TC0040"/>
<auth:candidate name="Todd, Charles"  id="TC0041"/>
<auth:candidate name="Teed, Charles"  id="TC0043"/>
<auth:candidate name="Tompkins, Caleb"  id="TC0045"/>
<auth:candidate name="Tappen, Christopher, Jr."  id="TC0047"/>
<auth:candidate name="Taliaferro, Charles"  id="TC0050"/>
<auth:candidate name="Thompson, Charles"  id="TC0054"/>
<auth:candidate name="Tarr, Christian"  id="TC0055"/>
<auth:candidate name="Tarr, Casper"  id="TC0059"/>
<auth:candidate name="Tyson, Cornelius"  id="TC0063"/>
<auth:candidate name="Trimmull, Christian"  id="TC0064"/>
<auth:candidate name="Trimmel, Cornelius"  id="TC0065"/>
<auth:candidate name="Tabor, Constant"  id="TC0073"/>
<auth:candidate name="Toben, Cornelius"  id="TC0077"/>
<auth:candidate name="Thurston, Charles Mynn"  id="TC0078"/>
<auth:candidate name="Taylor, Creed"  id="TC0079"/>
<auth:candidate name="Thompson, Charles R."  id="TC0080"/>
<auth:candidate name="Taliaferro, Charles P."  id="TC0082"/>
<auth:candidate name="Turner, Charles"  id="TC0083"/>
    <auth:candidate name="Tatem, Charles"  id="TC0084"/>
    <auth:candidate name="Tucker, Charles S."  id="TC4490"/>
<auth:candidate name="Trumbull, David"  id="TD0000"/>
<auth:candidate name="Tilden, Daniel"  id="TD0001"/>
<auth:candidate name="Trabue, Daniel"  id="TD0002"/>
<auth:candidate name="Tomlinson, David"  id="TD0009"/>
<auth:candidate name="Todd, Dudley"  id="TD0011"/>
<auth:candidate name="Tomlinson, Daniel"  id="TD0014"/>
<auth:candidate name="Taylor, David S."  id="TD0017"/>
<auth:candidate name="Todd, David"  id="TD0018"/>
<auth:candidate name="Thompson, David"  id="TD0022"/>
<auth:candidate name="Trimble, David"  id="TD0023"/>
<auth:candidate name="Terrill, Dabney C."  id="TD0026"/>
<auth:candidate name="Thompson, Dekar"  id="TD0029"/>
<auth:candidate name="Tilden, David"  id="TD0030"/>
<auth:candidate name="Townsend, David"  id="TD0032"/>
<auth:candidate name="Thurber, Daniel"  id="TD0038"/>
<auth:candidate name="Tufts, D."  id="TD0040"/>
<auth:candidate name="Todd, David"  id="TD0043"/>
<auth:candidate name="Thompson, David"  id="TD0044"/>
<auth:candidate name="Thompson, David, Jr."  id="TD0046"/>
<auth:candidate name="Tracey, Daniel"  id="TD0047"/>
    <auth:candidate name="Townsend, David"  id="TD0051"/>
    <auth:candidate name="Thomas, D. L."  id="TD0052"/>
<auth:candidate name="Thew, Daniel"  id="TD0054"/>
<auth:candidate name="Thomas, David"  id="TD0055"/>
<auth:candidate name="Tompkins, Daniel D."  id="TD0058"/>
<auth:candidate name="Townsend, D."  id="TD0061"/>
<auth:candidate name="Tomlinson, David"  id="TD0066"/>
<auth:candidate name="Tate, David"  id="TD0069"/>
<auth:candidate name="Turner, Daniel"  id="TD0070"/>
<auth:candidate name="Thomas, Daniel"  id="TD0072"/>
<auth:candidate name="Thomas, David"  id="TD0073"/>
<auth:candidate name="Todd, David"  id="TD0074"/>
<auth:candidate name="Taggert, David"  id="TD0075"/>
    <auth:candidate name="Trump, Daniel"  id="TD0079"/>
    <auth:candidate name="Todd, D."  id="TD0080"/>
<auth:candidate name="Thomas, Daniel"  id="TD0082"/>
<auth:candidate name="Townsend, David"  id="TD0084"/>
<auth:candidate name="Thompson, Daniel"  id="TD0086"/>
<auth:candidate name="Thomas, David"  id="TD0088"/>
<auth:candidate name="Truman, David"  id="TD0090"/>
<auth:candidate name="Trigg, Daniel"  id="TD0091"/>
<auth:candidate name="Tichnell, David"  id="TD0092"/>
<auth:candidate name="Terry, Daniel"  id="TD0093"/>
<auth:candidate name="Ten Broeck, Dirck"  id="TD0200"/>
    <auth:candidate name="Thompson, David"  id="TD0201"/>
    <auth:candidate name="Tillinghast, Daniel H."  id="TD8823"/>
<auth:candidate name="Taylor, Eli"  id="TE0001"/>
<auth:candidate name="Todd, Eli"  id="TE0002"/>
<auth:candidate name="Thrasher, Ebenezer"  id="TE0003"/>
<auth:candidate name="Tracy, Elisha"  id="TE0007"/>
<auth:candidate name="Thissel, Ezra"  id="TE0008"/>
<auth:candidate name="Thompson, Ezekiel"  id="TE0009"/>
<auth:candidate name="Thurston, Edward"  id="TE0010"/>
<auth:candidate name="Thatcher, Ebenezer"  id="TE0011"/>
<auth:candidate name="Thomas, Enoch"  id="TE0014"/>
<auth:candidate name="Telfair, Edward"  id="TE0015"/>
<auth:candidate name="Tattnall, Edward F."  id="TE0021"/>
<auth:candidate name="Tarver, E."  id="TE0022"/>
<auth:candidate name="Tucker, E.R."  id="TE0024"/>
<auth:candidate name="Townsend, Eleazer M."  id="TE0027"/>
<auth:candidate name="Tuggle, E."  id="TE0028"/>
<auth:candidate name="Tully, Edward J."  id="TE0029"/>
<auth:candidate name="Thomas, Ebenezer S."  id="TE0030"/>
<auth:candidate name="Taylor, Elijah"  id="TE0032"/>
<auth:candidate name="Tyson, Elisha, Jr."  id="TE0034"/>
<auth:candidate name="Thayer, Ebenezer"  id="TE0036"/>
<auth:candidate name="Titcomb, Enoch"  id="TE0040"/>
<auth:candidate name="Thayer, Elijah"  id="TE0042"/>
<auth:candidate name="Turner, Edward"  id="TE0044"/>
<auth:candidate name="Thompson, E."  id="TE0045"/>
<auth:candidate name="Taylor, Edward"  id="TE0046"/>
<auth:candidate name="Tucker, Ellett"  id="TE0048"/>
<auth:candidate name="Townsend, Elijah"  id="TE0049"/>
<auth:candidate name="Taylor, Edward"  id="TE0054"/>
<auth:candidate name="Tucker, Ebenezer"  id="TE0055"/>
<auth:candidate name="Thompson, Ezra"  id="TE0056"/>
<auth:candidate name="Troop, Enos J."  id="TE0059"/>
<auth:candidate name="Tompkins, Enoch"  id="TE0060"/>
<auth:candidate name="Tiffin, Edward"  id="TE0065"/>
    <auth:candidate name="Tupper, Edward W."  id="TE0067"/>
    <auth:candidate name="Trailor, Edward D."  id="TE0068"/>
<auth:candidate name="Tilghman, Edward"  id="TE0070"/>
<auth:candidate name="Todd, Edward"  id="TE0071"/>
<auth:candidate name="Thomas, Evan W., Jr."  id="TE0073"/>
<auth:candidate name="Thornton, Eli"  id="TE0074"/>
<auth:candidate name="Treadway, Elijah"  id="TE0075"/>
<auth:candidate name="Tart, Enos"  id="TE0076"/>
<auth:candidate name="Tunstall, Edmund"  id="TE0077"/>
<auth:candidate name="Thomas, Enos"  id="TE0078"/>
<auth:candidate name="Tatnall, Edward"  id="TE0079"/>
<auth:candidate name="Ten Eyck, Egbert"  id="TE0200"/>
<auth:candidate name="Tilghman, Frisby"  id="TF0001"/>
<auth:candidate name="Thomas, Francis"  id="TF0008"/>
<auth:candidate name="Turner, Fielding L."  id="TF0009"/>
<auth:candidate name="Titus, F."  id="TF0010"/>
<auth:candidate name="Toms, F."  id="TF0011"/>
<auth:candidate name="Thornton, Francis A."  id="TF0013"/>
<auth:candidate name="Tarr, Frederick"  id="TF0014"/>
    <auth:candidate name="Trott, Francis"  id="TF0016"/>
    <auth:candidate name="Turner, Fielding L."  id="TF0017"/>
<auth:candidate name="Tibbs, Foushee G."  id="TF0019"/>
<auth:candidate name="Thomas, Giles"  id="TG0000"/>
<auth:candidate name="Tomlinson, Gideon"  id="TG0001"/>
<auth:candidate name="Truitt, George"  id="TG0005"/>
<auth:candidate name="Tinker, Goerge W."  id="TG0006"/>
<auth:candidate name="Troup, George M."  id="TG0014"/>
<auth:candidate name="Tufts, Gardner"  id="TG0017"/>
<auth:candidate name="Triggs, George W."  id="TG0022"/>
<auth:candidate name="Teas, George W."  id="TG0024"/>
<auth:candidate name="Tague, George"  id="TG0025"/>
<auth:candidate name="Tompkins, G. R."  id="TG0028"/>
<auth:candidate name="Trotter, George, Jr."  id="TG0029"/>
    <auth:candidate name="Thompson, George C."  id="TG0030"/>
    <auth:candidate name="Thomas, George W."  id="TG0031"/>
<auth:candidate name="Thomas, George"  id="TG0036"/>
<auth:candidate name="Timanus, George"  id="TG0037"/>
<auth:candidate name="Tilghman, George"  id="TG0039"/>
<auth:candidate name="Tompkins, George"  id="TG0040"/>
<auth:candidate name="Tucker, George"  id="TG0042"/>
<auth:candidate name="Tibbits, George"  id="TG0044"/>
<auth:candidate name="Tiffany, George"  id="TG0045"/>
<auth:candidate name="Taft, Gideon"  id="TG0048"/>
<auth:candidate name="Townsend, George"  id="TG0049"/>
<auth:candidate name="Thorn, Gilbert"  id="TG0053"/>
<auth:candidate name="Tabor, Gideon"  id="TG0056"/>
<auth:candidate name="Todd, George"  id="TG0060"/>
<auth:candidate name="Thomas, George"  id="TG0069"/>
<auth:candidate name="Thompson, George"  id="TG0075"/>
<auth:candidate name="Tarr, Gaspar"  id="TG0076"/>
    <auth:candidate name="Tryon, George W."  id="TG0083"/>
    <auth:candidate name="Thistle, George"  id="TG0084"/>
<auth:candidate name="Taylor, George, Jr."  id="TG0085"/>
<auth:candidate name="Thompson, George"  id="TG0086"/>
<auth:candidate name="Taylor, George K."  id="TG0087"/>
<auth:candidate name="Tate, George"  id="TG0090"/>
<auth:candidate name="Taylor, Griffin"  id="TG0091"/>
<auth:candidate name="Tucker, George"  id="TG0092"/>
<auth:candidate name="Thornton, George W."  id="TG0093"/>
<auth:candidate name="Tapping, George"  id="TG0095"/>
<auth:candidate name="Truitt, George"  id="TG0096"/>
<auth:candidate name="Thornton, Henry P."  id="TH0001"/>
<auth:candidate name="Taylor, Hubbard"  id="TH0002"/>
<auth:candidate name="Thornton, Henry P."  id="TH0003"/>
<auth:candidate name="Timberlake, Henry"  id="TH0004"/>
<auth:candidate name="Taylor, Harrison"  id="TH0005"/>
<auth:candidate name="Taylor, Hubbard, Sr."  id="TH0006"/>
<auth:candidate name="True, Henry"  id="TH0009"/>
<auth:candidate name="Tillson, Holmes"  id="TH0011"/>
<auth:candidate name="Tilghman, Henry"  id="TH0012"/>
<auth:candidate name="Tyebout, Henry"  id="TH0013"/>
<auth:candidate name="Thompson, Hedge"  id="TH0015"/>
<auth:candidate name="Thompson, Hedge"  id="TH0020"/>
<auth:candidate name="Tucker, Henry"  id="TH0021"/>
<auth:candidate name="Townsend, Henry A."  id="TH0024"/>
<auth:candidate name="Teller, Henry R."  id="TH0026"/>
<auth:candidate name="Toole, Henry I."  id="TH0030"/>
<auth:candidate name="Tillman, Henry"  id="TH0031"/>
<auth:candidate name="Terral, H."  id="TH0033"/>
<auth:candidate name="Tipon, Henry"  id="TH0035"/>
    <auth:candidate name="Tyson, Henry"  id="TH0036"/>
    <auth:candidate name="Thomas, H."  id="TH0037"/>
<auth:candidate name="Thompson, Hugh"  id="TH0039"/>
    <auth:candidate name="Tiffany, Hosea"  id="TH0040"/>
    <auth:candidate name="Trapnell, Henry"  id="TH0041"/>
<auth:candidate name="Titsel, Henry"  id="TH0042"/>
<auth:candidate name="Thompson, Henry"  id="TH0043"/>
<auth:candidate name="Tomlinson, Henry"  id="TH0046"/>
<auth:candidate name="Taylor, Henry"  id="TH0047"/>
<auth:candidate name="Tiffany, Hosea, Jr."  id="TH0048"/>
<auth:candidate name="Trostle, Henry"  id="TH0056"/>
<auth:candidate name="Toland, Henry"  id="TH0057"/>
<auth:candidate name="Tyler, Henry"  id="TH0058"/>
    <auth:candidate name="Tucker, Hartwell"  id="TH0061"/>
    <auth:candidate name="Tatum, H."  id="TH0062"/>
<auth:candidate name="Turner, Henry S."  id="TH0064"/>
<auth:candidate name="Tazewell., Henry"  id="TH0065"/>
<auth:candidate name="Tucker, Henry St. George"  id="TH0069"/>
<auth:candidate name="Tillar, Henry"  id="TH0070"/>
<auth:candidate name="Tuff, Henry"  id="TH0071"/>
<auth:candidate name="Tatum, Henry"  id="TH0076"/>
<auth:candidate name="Taylor, Henry"  id="TH0078"/>
<auth:candidate name="Talley, Harman"  id="TH0079"/>
    <auth:candidate name="Ten Eyck, Henry"  id="TH0200"/>
    <auth:candidate name="Towns, Henry"  id="TH6666"/>
<auth:candidate name="Talbot, Isham"  id="TI0001"/>
<auth:candidate name="Thomas, Isaiah"  id="TI0010"/>
<auth:candidate name="Tucker, Ichabod"  id="TI0011"/>
<auth:candidate name="Thompson, Isaac"  id="TI0012"/>
<auth:candidate name="Thorndike, Israel"  id="TI0013"/>
<auth:candidate name="Taylor, Isaac"  id="TI0015"/>
<auth:candidate name="Taylor, Israel"  id="TI0016"/>
<auth:candidate name="Toy, Isaiah"  id="TI0018"/>
<auth:candidate name="Tallman, Isaac I."  id="TI0020"/>
    <auth:candidate name="Thompson, Israel"  id="TI0023"/>
    <auth:candidate name="Tyson, Isaac"  id="TI0024"/>
<auth:candidate name="Tiffany, Isaac H."  id="TI0025"/>
<auth:candidate name="Taylor, Isaac"  id="TI0028"/>
<auth:candidate name="Teagarden, Isaac"  id="TI0029"/>
<auth:candidate name="Trimble, Issac"  id="TI0030"/>
<auth:candidate name="Thomas, Isaac"  id="TI0031"/>
<auth:candidate name="Tichenor, Isaac"  id="TI0032"/>
<auth:candidate name="Taylor, Ignatius"  id="TI0033"/>
<auth:candidate name="Tunnell, Isaac"  id="TI0034"/>
<auth:candidate name="Tyson, Isaac"  id="TI0035"/>
    <auth:candidate name="Tyler, I."  id="TI0057"/>
    <auth:candidate name="Tucker, Isaac"  id="TI0833"/>
    <auth:candidate name="Townsend, Jesse"  id="TJ0000"/>
<auth:candidate name="Taylor, John M."  id="TJ0001"/>
<auth:candidate name="Titus, James"  id="TJ0002"/>
    <auth:candidate name="Terrill, John D."  id="TJ0003"/>
    <auth:candidate name="Toulson, John"  id="TJ0004"/>
<auth:candidate name="Thomason, James"  id="TJ0005"/>
<auth:candidate name="Townes, John Leigh"  id="TJ0006"/>
<auth:candidate name="Tagert, James"  id="TJ0007"/>
<auth:candidate name="Thornberry, James W."  id="TJ0008"/>
<auth:candidate name="Treadwell, Jonathan"  id="TJ0009"/>
<auth:candidate name="Trumbull, Jonathan"  id="TJ0010"/>
<auth:candidate name="Troutman, Jacob"  id="TJ0011"/>
    <auth:candidate name="Treat, Joseph"  id="TJ0012"/>
    <auth:candidate name="Tobson, John"  id="TJ0013"/>
    <auth:candidate name="Thayer, J."  id="TJ0014"/>
    <auth:candidate name="Taylor, John"  id="TJ0015"/>
    <auth:candidate name="Trapnell, James"  id="TJ0016"/>
<auth:candidate name="Taylor, Joshua"  id="TJ0025"/>
<auth:candidate name="Tweedy, Joseph H."  id="TJ0033"/>
<auth:candidate name="Tomlinson, Jabez H."  id="TJ0043"/>
<auth:candidate name="Townsend, Jeremiah"  id="TJ0044"/>
<auth:candidate name="Turner, John"  id="TJ0049"/>
<auth:candidate name="Twitchell, James"  id="TJ0053"/>
<auth:candidate name="Turner, John"  id="TJ0064"/>
<auth:candidate name="Tennant, John"  id="TJ0065"/>
    <auth:candidate name="Tilton, James"  id="TJ0067"/>
    <auth:candidate name="Terrell, James"  id="TJ0068"/>
<auth:candidate name="Tattnall, Josiah"  id="TJ0072"/>
<auth:candidate name="Twiggs, John"  id="TJ0073"/>
<auth:candidate name="Tatnall, Josiah"  id="TJ0074"/>
<auth:candidate name="Terrell, John"  id="TJ0079"/>
<auth:candidate name="Talbott, J."  id="TJ0080"/>
<auth:candidate name="Tyson, Job"  id="TJ0081"/>
<auth:candidate name="Thomas, Jonathan"  id="TJ0082"/>
<auth:candidate name="Thomas, James D."  id="TJ0087"/>
<auth:candidate name="Thomas, Jesse B."  id="TJ0088"/>
<auth:candidate name="Tunnell, James"  id="TJ0091"/>
<auth:candidate name="Thompson, James"  id="TJ0092"/>
<auth:candidate name="Trotier, Joseph"  id="TJ0094"/>
<auth:candidate name="Turney, James"  id="TJ0096"/>
<auth:candidate name="Taylor, John"  id="TJ0097"/>
<auth:candidate name="Todd, John"  id="TJ0099"/>
<auth:candidate name="Tompson, James P."  id="TJ0100"/>
<auth:candidate name="Thompson, John"  id="TJ0101"/>
<auth:candidate name="Thomas, Joseph"  id="TJ0102"/>
<auth:candidate name="Tipton, John"  id="TJ0109"/>
<auth:candidate name="Trueman, John B."  id="TJ0110"/>
<auth:candidate name="Thorn, Joshua"  id="TJ0111"/>
    <auth:candidate name="Thompson, John H."  id="TJ0112"/>
    <auth:candidate name="Turner, Joshua"  id="TJ0113"/>
<auth:candidate name="Test, John"  id="TJ0114"/>
<auth:candidate name="Trotter, James"  id="TJ0117"/>
<auth:candidate name="Thompson, James"  id="TJ0120"/>
<auth:candidate name="Thomas, John P."  id="TJ0123"/>
<auth:candidate name="Trimble, John"  id="TJ0125"/>
<auth:candidate name="True, James, Jr."  id="TJ0131"/>
<auth:candidate name="Tribble, John"  id="TJ0132"/>
<auth:candidate name="Taylor, Joseph"  id="TJ0133"/>
<auth:candidate name="Thomas, Joseph"  id="TJ0137"/>
<auth:candidate name="Thompson, James"  id="TJ0138"/>
<auth:candidate name="Taylor, James"  id="TJ0139"/>
<auth:candidate name="Todd, John H."  id="TJ0141"/>
<auth:candidate name="True, John"  id="TJ0142"/>
<auth:candidate name="Taylor, John"  id="TJ0143"/>
<auth:candidate name="Tomlinson, John A."  id="TJ0145"/>
<auth:candidate name="Thomas, James"  id="TJ0152"/>
<auth:candidate name="Thompson, J."  id="TJ0155"/>
<auth:candidate name="Turner, James"  id="TJ0156"/>
<auth:candidate name="Tilghman, James"  id="TJ0158"/>
<auth:candidate name="Thomas, John"  id="TJ0160"/>
<auth:candidate name="Tevener, John"  id="TJ0163"/>
<auth:candidate name="Tootell, John"  id="TJ0164"/>
<auth:candidate name="Turner, John"  id="TJ0166"/>
<auth:candidate name="Thomas, John"  id="TJ0167"/>
<auth:candidate name="Thomas, John Chew"  id="TJ0169"/>
<auth:candidate name="Thompson, Joseph"  id="TJ0173"/>
<auth:candidate name="Thomas, James"  id="TJ0174"/>
<auth:candidate name="Tilly, Jasper E."  id="TJ0175"/>
<auth:candidate name="Tomlinson, Jesse"  id="TJ0176"/>
<auth:candidate name="Tyler, John"  id="TJ0179"/>
<auth:candidate name="Tomlinson, John"  id="TJ0185"/>
<auth:candidate name="Troxell, John"  id="TJ0186"/>
    <auth:candidate name="Thomas, John Hanson"  id="TJ0187"/>
    <auth:candidate name="Thomas, Joshua"  id="TJ0188"/>
<auth:candidate name="Tillotson, John"  id="TJ0191"/>
<auth:candidate name="Thomas, John"  id="TJ0192"/>
<auth:candidate name="Turner, John"  id="TJ0194"/>
<auth:candidate name="Thompson, James"  id="TJ0199"/>
<auth:candidate name="Ten Broeck, John"  id="TJ0200"/>
<auth:candidate name="Thompson, John"  id="TJ0202"/>
<auth:candidate name="Tilghman, James"  id="TJ0210"/>
<auth:candidate name="Tomlinson, Joseph"  id="TJ0221"/>
<auth:candidate name="Taney, Joseph, Sr."  id="TJ0222"/>
<auth:candidate name="Tilghman, John"  id="TJ0224"/>
<auth:candidate name="Tidball, James"  id="TJ0228"/>
<auth:candidate name="Tyson, John S."  id="TJ0229"/>
<auth:candidate name="Templeman, John"  id="TJ0233"/>
<auth:candidate name="Tingle, J.W."  id="TJ0235"/>
<auth:candidate name="Turner, Joseph, Jr."  id="TJ0236"/>
<auth:candidate name="Talbot, Joseph C."  id="TJ0240"/>
<auth:candidate name="Tongue, James"  id="TJ0242"/>
<auth:candidate name="Turner, James"  id="TJ0245"/>
<auth:candidate name="Thomas, John W."  id="TJ0246"/>
<auth:candidate name="Taylor, Jenifer S."  id="TJ0247"/>
<auth:candidate name="Taylor, John"  id="TJ0248"/>
<auth:candidate name="Tileston, John"  id="TJ0249"/>
<auth:candidate name="Tuttle, John L."  id="TJ0251"/>
<auth:candidate name="Tisdale, Joseph"  id="TJ0253"/>
<auth:candidate name="Thurston, John"  id="TJ0254"/>
<auth:candidate name="Tatlow, Joseph"  id="TJ0255"/>
<auth:candidate name="Tucker, John"  id="TJ0256"/>
<auth:candidate name="Tappan, James"  id="TJ0257"/>
<auth:candidate name="Tatman, John"  id="TJ0258"/>
<auth:candidate name="Tripp, Joseph"  id="TJ0259"/>
<auth:candidate name="Tufts, J."  id="TJ0261"/>
<auth:candidate name="Thompson, John"  id="TJ0263"/>
<auth:candidate name="Thornton, John"  id="TJ0264"/>
<auth:candidate name="Thorn, John"  id="TJ0265"/>
<auth:candidate name="Terrill, John"  id="TJ0266"/>
<auth:candidate name="Tracey, John"  id="TJ0267"/>
<auth:candidate name="Thackery, Joseph"  id="TJ0268"/>
<auth:candidate name="Tuft, John"  id="TJ0269"/>
<auth:candidate name="Tufford, John, Jr."  id="TJ0270"/>
<auth:candidate name="Thompson, Jacob S."  id="TJ0271"/>
<auth:candidate name="Terhune, Jacob"  id="TJ0275"/>
<auth:candidate name="Townsend, Jacob"  id="TJ0280"/>
<auth:candidate name="Townsend, Joshua"  id="TJ0281"/>
<auth:candidate name="Taylor, Joseph"  id="TJ0282"/>
<auth:candidate name="Thomas, John"  id="TJ0284"/>
<auth:candidate name="Tompkins, Jonathan G."  id="TJ0285"/>
<auth:candidate name="Townsend, James"  id="TJ0286"/>
<auth:candidate name="Thompson, John M."  id="TJ0288"/>
<auth:candidate name="Tremper, Jacob W."  id="TJ0289"/>
<auth:candidate name="Taylor, John"  id="TJ0290"/>
<auth:candidate name="Thompson, Jesse"  id="TJ0291"/>
<auth:candidate name="Thomas, John"  id="TJ0294"/>
<auth:candidate name="Thorn, Joseph"  id="TJ0295"/>
<auth:candidate name="Tayler, John"  id="TJ0296"/>
<auth:candidate name="Thompson, John"  id="TJ0297"/>
<auth:candidate name="Thurston, John M."  id="TJ0302"/>
<auth:candidate name="Taylor, John"  id="TJ0304"/>
<auth:candidate name="Thompson, James"  id="TJ0305"/>
<auth:candidate name="Thurman, John"  id="TJ0306"/>
<auth:candidate name="Travis, Joseph"  id="TJ0307"/>
<auth:candidate name="Thurston, John H."  id="TJ0311"/>
<auth:candidate name="Tuthill, John"  id="TJ0312"/>
<auth:candidate name="Taylor, John"  id="TJ0320"/>
<auth:candidate name="Titus, John"  id="TJ0322"/>
<auth:candidate name="Thompson, Joel"  id="TJ0323"/>
<auth:candidate name="Tyler, Jesse"  id="TJ0324"/>
<auth:candidate name="Taylor, John"  id="TJ0325"/>
<auth:candidate name="Tyson, John, Sr."  id="TJ0327"/>
<auth:candidate name="Taylor, John W."  id="TJ0328"/>
<auth:candidate name="Taylor, John"  id="TJ0331"/>
<auth:candidate name="Townsend, John"  id="TJ0335"/>
<auth:candidate name="Thomas, Jeffery W."  id="TJ0336"/>
<auth:candidate name="Thompson, James"  id="TJ0345"/>
<auth:candidate name="Townsend, John"  id="TJ0347"/>
<auth:candidate name="Temple, John"  id="TJ0349"/>
<auth:candidate name="Thorne, James"  id="TJ0351"/>
<auth:candidate name="Townsend, John"  id="TJ0352"/>
<auth:candidate name="Taylor, John"  id="TJ0353"/>
<auth:candidate name="Taylor, John T."  id="TJ0356"/>
<auth:candidate name="Tyson, Jacob"  id="TJ0357"/>
<auth:candidate name="Tillston, John C."  id="TJ0358"/>
<auth:candidate name="Tibbitts, John"  id="TJ0359"/>
<auth:candidate name="Tallmadge, James, Jr."  id="TJ0360"/>
<auth:candidate name="Taylor, Joseph"  id="TJ0363"/>
<auth:candidate name="Tuttle, John"  id="TJ0364"/>
<auth:candidate name="Turner, James"  id="TJ0365"/>
<auth:candidate name="Turner, James"  id="TJ0367"/>
<auth:candidate name="Tillman, John"  id="TJ0369"/>
    <auth:candidate name="Thompson, John"  id="TJ0370"/>
    <auth:candidate name="Tucker, James B."  id="TJ0371"/>
<auth:candidate name="Terrel, James"  id="TJ0373"/>
<auth:candidate name="Tyson, Josiah"  id="TJ0380"/>
<auth:candidate name="Terrell, J."  id="TJ0383"/>
<auth:candidate name="Taylor, James F."  id="TJ0384"/>
<auth:candidate name="Taylor, Jonathan"  id="TJ0385"/>
<auth:candidate name="Thompson, James"  id="TJ0386"/>
<auth:candidate name="Taggert, John"  id="TJ0389"/>
<auth:candidate name="Taggart, John"  id="TJ0390"/>
<auth:candidate name="Thompson, James"  id="TJ0392"/>
    <auth:candidate name="Thompson, John"  id="TJ0393"/>
    <auth:candidate name="Thomas, John A."  id="TJ0394"/>
<auth:candidate name="Tifflin, Joseph"  id="TJ0395"/>
<auth:candidate name="Trump, John"  id="TJ0401"/>
<auth:candidate name="Trimble, John"  id="TJ0404"/>
<auth:candidate name="Tootle, John"  id="TJ0405"/>
<auth:candidate name="Thornton, John H."  id="TJ0406"/>
<auth:candidate name="Turner, James"  id="TJ0407"/>
<auth:candidate name="Tuttle, Jonathan"  id="TJ0409"/>
<auth:candidate name="Tullis, John"  id="TJ0410"/>
<auth:candidate name="Thomas, John"  id="TJ0411"/>
<auth:candidate name="Tarlton, John"  id="TJ0412"/>
<auth:candidate name="Taggart, John"  id="TJ0413"/>
<auth:candidate name="Thomas, John H."  id="TJ0414"/>
<auth:candidate name="Thompson, John T."  id="TJ0416"/>
<auth:candidate name="Toun, John"  id="TJ0417"/>
<auth:candidate name="Tyson, Joseph"  id="TJ0418"/>
<auth:candidate name="Tittermary, Jos."  id="TJ0422"/>
<auth:candidate name="Taylor, John"  id="TJ0427"/>
<auth:candidate name="Torry, Jason"  id="TJ0428"/>
<auth:candidate name="Tiffany, John"  id="TJ0429"/>
<auth:candidate name="Tise, Jacob"  id="TJ0430"/>
<auth:candidate name="Thom, John"  id="TJ0433"/>
<auth:candidate name="Thompson, John"  id="TJ0434"/>
<auth:candidate name="Thackara, James"  id="TJ0435"/>
<auth:candidate name="Thum, John"  id="TJ0437"/>
<auth:candidate name="Todd, John"  id="TJ0441"/>
<auth:candidate name="Thompson, James"  id="TJ0443"/>
<auth:candidate name="Taylor, Joshua"  id="TJ0444"/>
<auth:candidate name="Thackara, J."  id="TJ0445"/>
<auth:candidate name="Tantlinger, John"  id="TJ0447"/>
<auth:candidate name="Torrence, Joseph"  id="TJ0449"/>
<auth:candidate name="Tallman, Jeremiah, Jr."  id="TJ0450"/>
<auth:candidate name="Tagel, John"  id="TJ0451"/>
<auth:candidate name="Turner, Joseph"  id="TJ0452"/>
<auth:candidate name="Thomas, Joseph"  id="TJ0456"/>
<auth:candidate name="Tyson, Joshua"  id="TJ0458"/>
<auth:candidate name="Thomas, Jonathan"  id="TJ0460"/>
<auth:candidate name="Tintsman, Jacob"  id="TJ0461"/>
<auth:candidate name="Taylor, John"  id="TJ0471"/>
<auth:candidate name="Turby, Jacob"  id="TJ0473"/>
<auth:candidate name="Trichler, Jacob"  id="TJ0476"/>
<auth:candidate name="Thompson, John"  id="TJ0477"/>
<auth:candidate name="Tyson, John"  id="TJ0478"/>
<auth:candidate name="Troxel, John, Jr."  id="TJ0480"/>
    <auth:candidate name="Thomas, Joseph"  id="TJ0485"/>
    <auth:candidate name="Trimble, James"  id="TJ0486"/>
    <auth:candidate name="Talbot, John"  id="TJ0487"/>
<auth:candidate name="Tozier, Julius"  id="TJ0491"/>
<auth:candidate name="Tatem, Joseph R."  id="TJ0502"/>
<auth:candidate name="Taylor, John R."  id="TJ0503"/>
<auth:candidate name="Thompson, J.W."  id="TJ0505"/>
<auth:candidate name="Tryon, Jacob G."  id="TJ0510"/>
<auth:candidate name="Turbett, James"  id="TJ0515"/>
<auth:candidate name="Taylor, John"  id="TJ0517"/>
<auth:candidate name="Turner, J."  id="TJ0521"/>
<auth:candidate name="Todd, James"  id="TJ0523"/>
<auth:candidate name="Trevor, John B."  id="TJ0524"/>
<auth:candidate name="Tiess, John"  id="TJ0527"/>
<auth:candidate name="Taylor, John"  id="TJ0533"/>
<auth:candidate name="Taylor, Joshua"  id="TJ0536"/>
<auth:candidate name="Torbert, John"  id="TJ0543"/>
<auth:candidate name="Tillinghast, John C."  id="TJ0545"/>
<auth:candidate name="Teiss, John"  id="TJ0547"/>
<auth:candidate name="Taylor, James"  id="TJ0549"/>
<auth:candidate name="Turner, John"  id="TJ0565"/>
<auth:candidate name="Thum, John"  id="TJ0566"/>
<auth:candidate name="Tayler, Jonathan M."  id="TJ0568"/>
<auth:candidate name="Thurston, Jeremiah"  id="TJ0588"/>
<auth:candidate name="Toomer, Joshua"  id="TJ0590"/>
<auth:candidate name="Turner, John"  id="TJ0592"/>
<auth:candidate name="Taylor, John"  id="TJ0593"/>
<auth:candidate name="Taylor, James"  id="TJ0596"/>
<auth:candidate name="Thompson, James, Sr."  id="TJ0597"/>
<auth:candidate name="Threewits, John"  id="TJ0598"/>
    <auth:candidate name="Timothy, J."  id="TJ0599"/>
    <auth:candidate name="Turner, John"  id="TJ0602"/>
<auth:candidate name="Thomson, John Paul"  id="TJ0603"/>
<auth:candidate name="Thompson, John"  id="TJ0604"/>
<auth:candidate name="Taylor, John"  id="TJ0605"/>
<auth:candidate name="Tucker, John"  id="TJ0606"/>
<auth:candidate name="Threewits, John"  id="TJ0607"/>
<auth:candidate name="Todd, John"  id="TJ0608"/>
<auth:candidate name="Thompson, James"  id="TJ0611"/>
<auth:candidate name="Thorne, John G."  id="TJ0616"/>
<auth:candidate name="Turley, James"  id="TJ0617"/>
<auth:candidate name="Taylor, John Mann"  id="TJ0618"/>
<auth:candidate name="Thomas, John"  id="TJ0619"/>
<auth:candidate name="Threewits, John"  id="TJ0620"/>
<auth:candidate name="Toomer, Joshua W."  id="TJ0622"/>
    <auth:candidate name="Taylor, John"  id="TJ0626"/>
    <auth:candidate name="Taylor, John"  id="TJ0627"/>
<auth:candidate name="Tripp, John"  id="TJ0630"/>
<auth:candidate name="Thorp, John"  id="TJ0631"/>
<auth:candidate name="Townsend, John"  id="TJ0633"/>
<auth:candidate name="Tyson, John"  id="TJ0634"/>
<auth:candidate name="Thompson, John"  id="TJ0635"/>
<auth:candidate name="Taylor, Joseph"  id="TJ0638"/>
<auth:candidate name="Tison, John"  id="TJ0640"/>
<auth:candidate name="Trimble, James"  id="TJ0642"/>
<auth:candidate name="Tipton, Jonathan"  id="TJ0643"/>
    <auth:candidate name="Trimble, Jarvis"  id="TJ0646"/>
    <auth:candidate name="Troxel, Jacob"  id="TJ0647"/>
<auth:candidate name="Turk, James"  id="TJ0649"/>
<auth:candidate name="Teackle, John"  id="TJ0650"/>
<auth:candidate name="Trigg, John"  id="TJ0651"/>
<auth:candidate name="Taylor, James"  id="TJ0653"/>
<auth:candidate name="Trible, John"  id="TJ0656"/>
<auth:candidate name="Taylor, John"  id="TJ0657"/>
<auth:candidate name="Taylor, John"  id="TJ0659"/>
    <auth:candidate name="Towles, James"  id="TJ0661"/>
    <auth:candidate name="Turner, John B."  id="TJ0666"/>
<auth:candidate name="Taylor, John"  id="TJ0669"/>
<auth:candidate name="Tyler, John"  id="TJ0671"/>
<auth:candidate name="Trezvant, James"  id="TJ0672"/>
<auth:candidate name="Tucker, John"  id="TJ0673"/>
<auth:candidate name="Taylor, John"  id="TJ0674"/>
<auth:candidate name="Talaver, John"  id="TJ0675"/>
<auth:candidate name="Taliaferro, John"  id="TJ0678"/>
<auth:candidate name="Tilley, John"  id="TJ0680"/>
<auth:candidate name="Tyler, John"  id="TJ0682"/>
<auth:candidate name="Turner, John"  id="TJ0683"/>
<auth:candidate name="Teackle, James I."  id="TJ0684"/>
<auth:candidate name="Taliaferro, James G."  id="TJ0690"/>
<auth:candidate name="Todd, John P."  id="TJ0691"/>
<auth:candidate name="Taylor, John"  id="TJ0695"/>
<auth:candidate name="Tibbs, James"  id="TJ0696"/>
<auth:candidate name="Thompson, John"  id="TJ0697"/>
<auth:candidate name="Tatum, John"  id="TJ0698"/>
<auth:candidate name="Turner, James L."  id="TJ0699"/>
<auth:candidate name="Ten Eyck, Jacob A."  id="TJ0700"/>
<auth:candidate name="Townes, Joseph H."  id="TJ0701"/>
<auth:candidate name="Turner, James S."  id="TJ0702"/>
<auth:candidate name="Taylor, John"  id="TJ0703"/>
<auth:candidate name="Thompson, John"  id="TJ0707"/>
<auth:candidate name="Temple, John"  id="TJ0708"/>
<auth:candidate name="Thom, John"  id="TJ0712"/>
<auth:candidate name="Turner, James S."  id="TJ0716"/>
<auth:candidate name="Taylor, John"  id="TJ0717"/>
<auth:candidate name="Thompson, John"  id="TJ0718"/>
<auth:candidate name="Timmons, Joseph"  id="TJ0719"/>
<auth:candidate name="Tatnall, Joseph"  id="TJ0720"/>
<auth:candidate name="Thomas, James"  id="TJ0721"/>
<auth:candidate name="Torbert, John"  id="TJ0722"/>
<auth:candidate name="Thompson, James"  id="TJ0723"/>
<auth:candidate name="Tweed, John"  id="TJ0724"/>
<auth:candidate name="Tharp, James"  id="TJ0725"/>
<auth:candidate name="Tunnel, John"  id="TJ0726"/>
<auth:candidate name="Tenant, John"  id="TJ0727"/>
<auth:candidate name="Thayer, Jonathan"  id="TJ0728"/>
    <auth:candidate name="Tucker, Jonathan Jr."  id="TJ0729"/>
    <auth:candidate name="Tarver, John B."  id="TJ0730"/>
    <auth:candidate name="Thompson, John W."  id="TJ0731"/>
    <auth:candidate name="Turner, James"  id="TJ0732"/>
    <auth:candidate name="Tarrence, John"  id="TJ0733"/>
    <auth:candidate name="Todd, James E."  id="TJ0734"/>
    <auth:candidate name="Taylor, John"  id="TJ0777"/>
    <auth:candidate name="Terhheun, Jacob"  id="TJ2233"/>
    <auth:candidate name="Taylor, John"  id="TJ2234"/>
<auth:candidate name="Todd, Levi L."  id="TL0001"/>
<auth:candidate name="Tiernan, Luke"  id="TL0002"/>
    <auth:candidate name="Trescott, Lemuel"  id="TL0003"/>
    <auth:candidate name="Taylor, Lemuel"  id="TL0004"/>
<auth:candidate name="Tyson, Levie"  id="TL0005"/>
<auth:candidate name="Thomas, Lambert"  id="TL0006"/>
<auth:candidate name="Teackle, Littleton D."  id="TL0007"/>
<auth:candidate name="Thaxter, Levi"  id="TL0017"/>
<auth:candidate name="Thompson, Levi"  id="TL0020"/>
<auth:candidate name="Turner, Lewis"  id="TL0021"/>
<auth:candidate name="Talbot, Lloyd"  id="TL0022"/>
<auth:candidate name="Thomas, Luther"  id="TL0023"/>
<auth:candidate name="Trotti, Laurence"  id="TL0024"/>
<auth:candidate name="Taylor, Lee."  id="TL0025"/>
<auth:candidate name="Tazewell, Littleton Waller"  id="TL0030"/>
    <auth:candidate name="Thompson, Mark"  id="TM0001"/>
<auth:candidate name="Talbot, Matthew"  id="TM0002"/>
<auth:candidate name="Tully, Mark"  id="TM0008"/>
<auth:candidate name="Tucker, Martin H."  id="TM0009"/>
    <auth:candidate name="Taul, Micah"  id="TM0010"/>
    <auth:candidate name="Tabbs, Moses"  id="TM0013"/>
<auth:candidate name="Tilghman, Matthew"  id="TM0014"/>
<auth:candidate name="Tabbs, Moses"  id="TM0015"/>
<auth:candidate name="Taney, Michael"  id="TM0017"/>
<auth:candidate name="Travers, Matthias"  id="TM0020"/>
<auth:candidate name="Townsend, Moses"  id="TM0023"/>
<auth:candidate name="Thomas, Moses"  id="TM0029"/>
<auth:candidate name="Thompson, Mark"  id="TM0030"/>
<auth:candidate name="Taylor, Michael"  id="TM0033"/>
<auth:candidate name="Tallmadge, Matthias B."  id="TM0034"/>
<auth:candidate name="Tannahill, Milzer"  id="TM0035"/>
<auth:candidate name="Tannehill, Miltzer"  id="TM0036"/>
<auth:candidate name="Thomas, M."  id="TM0037"/>
<auth:candidate name="Toma, Martin"  id="TM0038"/>
<auth:candidate name="Thomas, Martin"  id="TM0040"/>
    <auth:candidate name="Tate, Magnus"  id="TM0041"/>
<auth:candidate name="Terry, Nathaniel"  id="TN0001"/>
<auth:candidate name="Thomas, Nicholas, Jr."  id="TN0004"/>
<auth:candidate name="Tilton, Nehemiah"  id="TN0014"/>
<auth:candidate name="Taylor, Nathan"  id="TN0015"/>
<auth:candidate name="Tapp, Newton H."  id="TN0016"/>
<auth:candidate name="Talbott, Nicholas"  id="TN0017"/>
<auth:candidate name="Thomas, Nicholas"  id="TN0019"/>
<auth:candidate name="Turbutt, Nicholas"  id="TN0020"/>
<auth:candidate name="Tillinghast, Nicholas"  id="TN0022"/>
<auth:candidate name="Thurston, Nathaniel"  id="TN0031"/>
<auth:candidate name="Taylor, Nathan"  id="TN0035"/>
<auth:candidate name="Taylor, Nathan"  id="TN0036"/>
<auth:candidate name="Tyler, Nathan P."  id="TN0037"/>
<auth:candidate name="Teal, Nathan"  id="TN0038"/>
<auth:candidate name="Tuttle, Nathan"  id="TN0039"/>
<auth:candidate name="Taylor, Nicholas"  id="TN0040"/>
<auth:candidate name="Thomas, N. B."  id="TN0042"/>
<auth:candidate name="Taylor, Nat."  id="TN0043"/>
<auth:candidate name="Thompson, Nathaniel W."  id="TN0044"/>
<auth:candidate name="Thompson, Nathaniel"  id="TN0045"/>
<auth:candidate name="Tingle, Nathaniel"  id="TN0046"/>
<auth:candidate name="Trimmier, Obadiah"  id="TO0000"/>
<auth:candidate name="Towles, Oliver, Jr."  id="TO0001"/>
<auth:candidate name="Taylor, Phineas"  id="TP0001"/>
<auth:candidate name="Thomasson, Paul P."  id="TP0002"/>
<auth:candidate name="Thomas, Philemon"  id="TP0004"/>
<auth:candidate name="Trapnell, Philip"  id="TP0005"/>
<auth:candidate name="Thompson, Philip"  id="TP0009"/>
<auth:candidate name="Tallmann, Peleg"  id="TP0010"/>
<auth:candidate name="Thomas, P."  id="TP0013"/>
<auth:candidate name="Townsend, Peter"  id="TP0014"/>
<auth:candidate name="Thomas, Philip"  id="TP0016"/>
<auth:candidate name="Towson, Philemon"  id="TP0019"/>
<auth:candidate name="Tayler, Parran"  id="TP0022"/>
<auth:candidate name="Tufts, P."  id="TP0028"/>
<auth:candidate name="Trammell, Philip"  id="TP0029"/>
<auth:candidate name="Tamman, Peter"  id="TP0030"/>
<auth:candidate name="Townsend, Prior"  id="TP0031"/>
<auth:candidate name="Tappen, Peter"  id="TP0033"/>
<auth:candidate name="Tallman, Peter"  id="TP0036"/>
<auth:candidate name="Tallman, Peter"  id="TP0038"/>
<auth:candidate name="Taylor, Philo"  id="TP0039"/>
<auth:candidate name="Traugh, Peter"  id="TP0040"/>
<auth:candidate name="Thomson, Peter"  id="TP0041"/>
    <auth:candidate name="Thompson, Philip R."  id="TP0042"/>
    <auth:candidate name="Tofrett, Peter"  id="TP0043"/>
<auth:candidate name="Triplett, Philip"  id="TP0047"/>
    <auth:candidate name="Towles, Portuis"  id="TP0048"/>
    <auth:candidate name="Troxel, Peter"  id="TP0049"/>
<auth:candidate name="Thompson, Philip R., Jr."  id="TP0051"/>
<auth:candidate name="Thornton, Philip"  id="TP0052"/>
<auth:candidate name="Tiernan, Peter"  id="TP0053"/>
<auth:candidate name="Thomas, Philip"  id="TP0054"/>
    <auth:candidate name="Tendall, Purnel"  id="TP0055"/>
    <auth:candidate name="Tydyman, Philip"  id="TP8966"/>
<auth:candidate name="Tweedy, Reuben"  id="TR0000"/>
<auth:candidate name="Thomas, Robert"  id="TR0001"/>
<auth:candidate name="Tarleton, Robert M."  id="TR0002"/>
<auth:candidate name="Talbott, R. C."  id="TR0003"/>
<auth:candidate name="Thomas, Rowland"  id="TR0004"/>
<auth:candidate name="Thompson, Rodes"  id="TR0005"/>
<auth:candidate name="Trimble, Robert"  id="TR0006"/>
    <auth:candidate name="Todd, Robert"  id="TR0007"/>
    <auth:candidate name="Tunnell, R."  id="TR0008"/>
<auth:candidate name="Terrell, Richard"  id="TR0009"/>
<auth:candidate name="Todd, Robert S."  id="TR0010"/>
<auth:candidate name="Taylor, Richard, Jr."  id="TR0015"/>
<auth:candidate name="Thomas, Richard"  id="TR0021"/>
<auth:candidate name="Taney, Roger B."  id="TR0022"/>
<auth:candidate name="Tootle, Richard"  id="TR0025"/>
<auth:candidate name="Thomas, Richard S."  id="TR0030"/>
    <auth:candidate name="Taylor, Robert"  id="TR0031"/>
    <auth:candidate name="Tyler, Royal"  id="TR0035"/>
<auth:candidate name="Tanner, Robert"  id="TR0038"/>
<auth:candidate name="Townsend, Richard"  id="TR0041"/>
<auth:candidate name="Tucker, Reuben D."  id="TR0043"/>
<auth:candidate name="Thompson, Robert C."  id="TR0044"/>
<auth:candidate name="Thorne, Richard"  id="TR0047"/>
<auth:candidate name="Town, Robert"  id="TR0050"/>
<auth:candidate name="Townley, Richard"  id="TR0051"/>
<auth:candidate name="Tillotson, Robert"  id="TR0052"/>
<auth:candidate name="Townley, Richard"  id="TR0053"/>
<auth:candidate name="Townley, Richard"  id="TR0054"/>
<auth:candidate name="Tillman, Roger"  id="TR0056"/>
<auth:candidate name="Taylor, R. H."  id="TR0057"/>
<auth:candidate name="Townsley, Robert"  id="TR0058"/>
<auth:candidate name="Thomas, Richard S."  id="TR0059"/>
<auth:candidate name="Thompson, Richard S."  id="TR0063"/>
<auth:candidate name="Thomas, Richard"  id="TR0064"/>
<auth:candidate name="Thomas, Richard"  id="TR0066"/>
<auth:candidate name="Tittermary, Richard"  id="TR0070"/>
<auth:candidate name="Trueman, Richard"  id="TR0074"/>
<auth:candidate name="Tybout, Richard"  id="TR0075"/>
<auth:candidate name="Thomas, Richard, Jr."  id="TR0077"/>
<auth:candidate name="Taylor, Robert"  id="TR0078"/>
<auth:candidate name="Townley, Robert"  id="TR0080"/>
<auth:candidate name="Tate, Robert"  id="TR0084"/>
<auth:candidate name="Thornly, Robert"  id="TR0085"/>
<auth:candidate name="Taylor, Robert A."  id="TR0087"/>
<auth:candidate name="Thompson, Roger"  id="TR0091"/>
<auth:candidate name="Taylor, Robert B."  id="TR0092"/>
<auth:candidate name="Taylor, Robert"  id="TR0094"/>
<auth:candidate name="Tyler, Robert B."  id="TR0096"/>
<auth:candidate name="Taylor, Robert I."  id="TR0099"/>
<auth:candidate name="Tapping, Robert"  id="TR0101"/>
    <auth:candidate name="Thompson, Robert T."  id="TR0104"/>
    <auth:candidate name="Tarrant, Richard"  id="TR8665"/>
<auth:candidate name="Thomas, Simeon"  id="TS0000"/>
<auth:candidate name="Thomas, Samuel"  id="TS0001"/>
<auth:candidate name="Tucker, Samuel"  id="TS0002"/>
<auth:candidate name="Townsend, Solomon"  id="TS0004"/>
<auth:candidate name="Tarver, Samuel"  id="TS0005"/>
<auth:candidate name="Tinsley, Samuel"  id="TS0006"/>
<auth:candidate name="Thomason, Samuel"  id="TS0007"/>
<auth:candidate name="Trigg, Stephen"  id="TS0008"/>
<auth:candidate name="Turner, Squire"  id="TS0009"/>
<auth:candidate name="Thatcher, Samuel"  id="TS0010"/>
<auth:candidate name="Thomas, Samuel"  id="TS0011"/>
<auth:candidate name="Tuttle, Samuel"  id="TS0012"/>
<auth:candidate name="Tolbert, S."  id="TS0013"/>
<auth:candidate name="Tenant, Samuel"  id="TS0014"/>
<auth:candidate name="Turner, Samuel"  id="TS0015"/>
<auth:candidate name="Townsend, Singleton"  id="TS0016"/>
<auth:candidate name="Thomas, Samuel W."  id="TS0017"/>
<auth:candidate name="Thurber, Samuel, Jr."  id="TS0019"/>
<auth:candidate name="Talbot, Samuel"  id="TS0024"/>
<auth:candidate name="Town, Salem"  id="TS0032"/>
<auth:candidate name="Thompson, Silas"  id="TS0040"/>
<auth:candidate name="Taggart, Samuel"  id="TS0046"/>
<auth:candidate name="Tobey, Samuel"  id="TS0050"/>
<auth:candidate name="Town, Salem, Jr."  id="TS0055"/>
<auth:candidate name="Trigg, Stephen"  id="TS0059"/>
<auth:candidate name="Tenney, Samuel"  id="TS0061"/>
<auth:candidate name="Talbot, Silas"  id="TS0063"/>
<auth:candidate name="Towner, Samuel"  id="TS0065"/>
<auth:candidate name="Thompson, Smith"  id="TS0067"/>
<auth:candidate name="Tyler, Samuel"  id="TS0069"/>
<auth:candidate name="Tuthill, Selah"  id="TS0072"/>
<auth:candidate name="Thorn, Stephen"  id="TS0073"/>
<auth:candidate name="Troup, Simon"  id="TS0075"/>
<auth:candidate name="Thorn, Stephen"  id="TS0076"/>
<auth:candidate name="Tuthill, Selah"  id="TS0077"/>
<auth:candidate name="Thompson, Smith"  id="TS0078"/>
<auth:candidate name="Tuthill, Selah"  id="TS0079"/>
<auth:candidate name="Timmons, Stephen"  id="TS0080"/>
<auth:candidate name="Turner, Samuel"  id="TS0081"/>
    <auth:candidate name="Tracy, Seth"  id="TS0082"/>
    <auth:candidate name="Tilghman, Samuel"  id="TS0083"/>
<auth:candidate name="Taylor, Samuel"  id="TS0084"/>
<auth:candidate name="Townsend, Samuel"  id="TS0085"/>
<auth:candidate name="Trevor, Samuel"  id="TS0086"/>
<auth:candidate name="Thomas, Seth"  id="TS0089"/>
<auth:candidate name="Tate, Samuel"  id="TS0090"/>
<auth:candidate name="Templeton, Samuel"  id="TS0094"/>
<auth:candidate name="Taylor, Seth"  id="TS0095"/>
<auth:candidate name="Thomas, Samuel H."  id="TS0096"/>
<auth:candidate name="Thurber, Samuel"  id="TS0099"/>
<auth:candidate name="Taylor, Samuel"  id="TS0102"/>
<auth:candidate name="Taylor, Samuel"  id="TS0103"/>
    <auth:candidate name="Tucker, Sterling"  id="TS0104"/>
    <auth:candidate name="Thomas, Stephen"  id="TS0105"/>
<auth:candidate name="Tipton, Samuel"  id="TS0111"/>
<auth:candidate name="Terrell, Samuel"  id="TS0112"/>
<auth:candidate name="Tucker, Sterling"  id="TS0113"/>
<auth:candidate name="Tyler, Samuel"  id="TS0114"/>
<auth:candidate name="Towles, Stokely"  id="TS0115"/>
<auth:candidate name="Taylor, Stacey"  id="TS0116"/>
<auth:candidate name="Travis, Samuel"  id="TS0118"/>
<auth:candidate name="Thornton, Stuart G."  id="TS0119"/>
<auth:candidate name="Thompson, Shem"  id="TS0120"/>
<auth:candidate name="Ten Broeck, Samuel"  id="TS0200"/>
<auth:candidate name="Townsend, Thomas"  id="TT0001"/>
<auth:candidate name="Telfair, Thomas"  id="TT0002"/>
<auth:candidate name="Towles, Thomas"  id="TT0004"/>
<auth:candidate name="Taylor, Thomas"  id="TT0005"/>
<auth:candidate name="Talbot, Thomas"  id="TT0006"/>
<auth:candidate name="Tucker, Thomas Tudor"  id="TT0007"/>
<auth:candidate name="Thornton, Thomas G."  id="TT0009"/>
<auth:candidate name="Triplett, Thomas"  id="TT0012"/>
<auth:candidate name="Talbott, Thomas W."  id="TT0015"/>
<auth:candidate name="Thompson, Thomas"  id="TT0016"/>
<auth:candidate name="Tarlton, Townsend"  id="TT0017"/>
<auth:candidate name="Todd, Thomas"  id="TT0018"/>
<auth:candidate name="Taylor, Thompson"  id="TT0020"/>
<auth:candidate name="Turner, Thomas"  id="TT0029"/>
<auth:candidate name="Turpin, Thomas"  id="TT0030"/>
<auth:candidate name="Tenant, Thomas"  id="TT0033"/>
    <auth:candidate name="Taylor, T. H."  id="TT0035"/>
<auth:candidate name="Thistle, Thomas"  id="TT0036"/>
<auth:candidate name="Taylor, Thomas"  id="TT0038"/>
<auth:candidate name="Thomas, Tristram"  id="TT0040"/>
<auth:candidate name="Thompson, Thomas"  id="TT0041"/>
    <auth:candidate name="Thomas, Thomas S."  id="TT0043"/>
    <auth:candidate name="Tapett, Thomas S."  id="TT0044"/>
<auth:candidate name="Taft, Timothy"  id="TT0046"/>
<auth:candidate name="Thompson, Thomas"  id="TT0047"/>
<auth:candidate name="Thompson, Thomas W."  id="TT0048"/>
<auth:candidate name="Taylor, Timothy"  id="TT0049"/>
<auth:candidate name="Tilletson, Thomas"  id="TT0054"/>
<auth:candidate name="Tredwell, Thomas"  id="TT0055"/>
<auth:candidate name="Thomas, Thomas"  id="TT0059"/>
<auth:candidate name="Tillston, Thomas"  id="TT0060"/>
<auth:candidate name="Tredwell, Thomas"  id="TT0063"/>
<auth:candidate name="Tillston, Thomas"  id="TT0067"/>
<auth:candidate name="Turner, Thomas"  id="TT0068"/>
<auth:candidate name="Tompkins, Thomas"  id="TT0069"/>
<auth:candidate name="Tabor, Thomas, II"  id="TT0072"/>
<auth:candidate name="Tufts, Thomas"  id="TT0073"/>
<auth:candidate name="Tredwell, Thomas"  id="TT0075"/>
<auth:candidate name="Taylor, Thomas"  id="TT0079"/>
<auth:candidate name="Turner, T."  id="TT0085"/>
<auth:candidate name="Tuff, Tom"  id="TT0087"/>
<auth:candidate name="Thompson, Thomas McKean"  id="TT0089"/>
<auth:candidate name="Thornburg, Thomas"  id="TT0090"/>
<auth:candidate name="Taylor, Titus"  id="TT0092"/>
<auth:candidate name="Thornburgh, Thomas"  id="TT0093"/>
<auth:candidate name="Taylor, Thomas"  id="TT0096"/>
<auth:candidate name="Turbutt, Thomas"  id="TT0097"/>
<auth:candidate name="Talyor, Titus"  id="TT0102"/>
<auth:candidate name="Tompkins, T."  id="TT0103"/>
<auth:candidate name="Truxton, Thomas"  id="TT0107"/>
<auth:candidate name="Timmings, Thomas"  id="TT0109"/>
<auth:candidate name="Tompkins, Thomas"  id="TT0111"/>
<auth:candidate name="Taylor, Tracy"  id="TT0117"/>
<auth:candidate name="Tillinghast, Thomas"  id="TT0119"/>
<auth:candidate name="Talbird, Thomas"  id="TT0121"/>
<auth:candidate name="Tucker, Thomas"  id="TT0123"/>
<auth:candidate name="Thomas, Tristram"  id="TT0124"/>
<auth:candidate name="Thomas, Thomas W."  id="TT0128"/>
<auth:candidate name="Thomas, Thomas H."  id="TT0129"/>
<auth:candidate name="Todd, Timothy"  id="TT0130"/>
<auth:candidate name="Turpin, Thomas C."  id="TT0131"/>
<auth:candidate name="Taylor, Thomas"  id="TT0136"/>
<auth:candidate name="Tucker, Thomas"  id="TT0138"/>
<auth:candidate name="Turner, Thomas"  id="TT0139"/>
<auth:candidate name="Taylor, Timothy"  id="TT0140"/>
<auth:candidate name="Tebbs, Thomas F."  id="TT0143"/>
<auth:candidate name="Towles, Therrett"  id="TT0144"/>
<auth:candidate name="Trundy, Thomas"  id="TT0145"/>
<auth:candidate name="Tracy, Uriah"  id="TU0002"/>
<auth:candidate name="Tracey, Uri"  id="TU0009"/>
<auth:candidate name="Trimble, William"  id="TW0001"/>
<auth:candidate name="Tully, William"  id="TW0003"/>
<auth:candidate name="Tally, William"  id="TW0004"/>
<auth:candidate name="Terrell, William"  id="TW0005"/>
    <auth:candidate name="Tuttle, Worster"  id="TW0006"/>
    <auth:candidate name="Tannehill, W."  id="TW0007"/>
<auth:candidate name="Thompson, Wiley"  id="TW0008"/>
<auth:candidate name="Tuttle, Wintworth"  id="TW0009"/>
<auth:candidate name="Thompson, William"  id="TW0010"/>
<auth:candidate name="Taylor, Waller"  id="TW0011"/>
<auth:candidate name="Thomasson, William P."  id="TW0014"/>
<auth:candidate name="Thom, William W."  id="TW0015"/>
<auth:candidate name="Trigg, William"  id="TW0020"/>
<auth:candidate name="Thompson, William"  id="TW0023"/>
<auth:candidate name="Tilford, Weir"  id="TW0024"/>
<auth:candidate name="Thomasson, W.P."  id="TW0026"/>
<auth:candidate name="Thomas, W.S."  id="TW0027"/>
<auth:candidate name="Tilghman, William"  id="TW0028"/>
<auth:candidate name="Thomas, William"  id="TW0029"/>
<auth:candidate name="Turpin, White"  id="TW0032"/>
<auth:candidate name="Tyler, William"  id="TW0035"/>
<auth:candidate name="Tilghman, William G."  id="TW0036"/>
<auth:candidate name="Taylor, William"  id="TW0038"/>
    <auth:candidate name="Tilghman, William H."  id="TW0039"/>
    <auth:candidate name="Thomas, William"  id="TW0040"/>
<auth:candidate name="Tuck, Washington G."  id="TW0042"/>
<auth:candidate name="Tingle, William"  id="TW0043"/>
<auth:candidate name="Tudor, William"  id="TW0044"/>
<auth:candidate name="Tudor, William"  id="TW0045"/>
<auth:candidate name="Torrey, William"  id="TW0046"/>
<auth:candidate name="Thompson, William"  id="TW0047"/>
<auth:candidate name="Twombly, William"  id="TW0048"/>
<auth:candidate name="Tarlton, William"  id="TW0049"/>
<auth:candidate name="Thompson, William"  id="TW0050"/>
<auth:candidate name="Todd, William"  id="TW0051"/>
<auth:candidate name="Thompson, William"  id="TW0052"/>
<auth:candidate name="Tabor, William"  id="TW0054"/>
<auth:candidate name="Tanner, William"  id="TW0056"/>
<auth:candidate name="Thompson, William"  id="TW0058"/>
<auth:candidate name="Teller, William J."  id="TW0059"/>
<auth:candidate name="Turner, William"  id="TW0060"/>
<auth:candidate name="Townsend, William"  id="TW0061"/>
<auth:candidate name="Thompson, William A."  id="TW0062"/>
<auth:candidate name="Tabor, William"  id="TW0066"/>
<auth:candidate name="Tabor, William"  id="TW0068"/>
<auth:candidate name="Thompson, William"  id="TW0071"/>
<auth:candidate name="Tabor, William"  id="TW0076"/>
    <auth:candidate name="Thompson, William"  id="TW0077"/>
    <auth:candidate name="Thomas, William, Jr."  id="TW0078"/>
<auth:candidate name="Tate, William"  id="TW0079"/>
<auth:candidate name="Thomas, William"  id="TW0080"/>
<auth:candidate name="Trimble, William"  id="TW0082"/>
<auth:candidate name="Tollman, William"  id="TW0083"/>
<auth:candidate name="Trousdale, William"  id="TW0084"/>
<auth:candidate name="Trimble, William A."  id="TW0085"/>
<auth:candidate name="Todd, William"  id="TW0090"/>
<auth:candidate name="Thompson, William"  id="TW0091"/>
<auth:candidate name="Tremble, William"  id="TW0093"/>
<auth:candidate name="Tod, William H."  id="TW0095"/>
<auth:candidate name="Thompson, William"  id="TW0100"/>
<auth:candidate name="Tilghman, William"  id="TW0101"/>
<auth:candidate name="Trimble, William"  id="TW0102"/>
<auth:candidate name="Turrell, William C."  id="TW0104"/>
<auth:candidate name="Taggart, William"  id="TW0108"/>
<auth:candidate name="Thompson, William"  id="TW0109"/>
<auth:candidate name="Towers, William"  id="TW0110"/>
<auth:candidate name="Thompson, William"  id="TW0112"/>
<auth:candidate name="Tibbits, Waterman"  id="TW0113"/>
<auth:candidate name="Tew, William"  id="TW0115"/>
<auth:candidate name="Tate, William"  id="TW0117"/>
<auth:candidate name="Thopson, William"  id="TW0118"/>
<auth:candidate name="Thompson, William"  id="TW0119"/>
<auth:candidate name="Thomson, William"  id="TW0120"/>
<auth:candidate name="Thomas, William"  id="TW0121"/>
<auth:candidate name="Thompson, William"  id="TW0122"/>
<auth:candidate name="Turpin, William"  id="TW0123"/>
<auth:candidate name="Taylor, William"  id="TW0124"/>
<auth:candidate name="Thompson, William M."  id="TW0125"/>
<auth:candidate name="Thymes, William"  id="TW0126"/>
<auth:candidate name="Trescot, William"  id="TW0127"/>
<auth:candidate name="Trapier, William W."  id="TW0128"/>
<auth:candidate name="Taylor, William P."  id="TW0130"/>
<auth:candidate name="Tyson, Wright C."  id="TW0131"/>
<auth:candidate name="Taylor, W."  id="TW0132"/>
<auth:candidate name="Thompson, William N."  id="TW0133"/>
<auth:candidate name="Theus, William R."  id="TW0134"/>
<auth:candidate name="Thomas, William"  id="TW0137"/>
<auth:candidate name="Taylor, William"  id="TW0138"/>
<auth:candidate name="Tunnell, William"  id="TW0142"/>
<auth:candidate name="Tucker, William"  id="TW0143"/>
<auth:candidate name="Tate, William"  id="TW0144"/>
<auth:candidate name="Terry, William"  id="TW0145"/>
<auth:candidate name="Taylor, William R."  id="TW0146"/>
<auth:candidate name="Trueheart, William"  id="TW0147"/>
<auth:candidate name="Tucker, Wright"  id="TW0148"/>
<auth:candidate name="Tate, William"  id="TW0149"/>
    <auth:candidate name="Tyler, William"  id="TW0150"/>
    <auth:candidate name="Tucker, William B."  id="TW0151"/>
<auth:candidate name="Terrett, William H."  id="TW0152"/>
<auth:candidate name="Throckmorton, Warner W."  id="TW0153"/>
<auth:candidate name="Taliaferro, William"  id="TW0154"/>
<auth:candidate name="Thornton, William"  id="TW0156"/>
<auth:candidate name="Thompson, William P."  id="TW0157"/>
<auth:candidate name="Thompson, William"  id="TW0159"/>
<auth:candidate name="Tapscott, Warner L."  id="TW0163"/>
<auth:candidate name="Taylor, William"  id="TW0168"/>
<auth:candidate name="Taylor, William"  id="TW0169"/>
    <auth:candidate name="Turpin, White"  id="TW0170"/>
    <auth:candidate name="Triplett, William"  id="TW0171"/>
    <auth:candidate name="Thompson, W.R."  id="TW0833"/>
<auth:candidate name="Tannehill, Zacheriah"  id="TZ0000"/>
<auth:candidate name="Turner, Zephaniah"  id="TZ0002"/>
</names-authority-list>	