<?xml version="1.0" encoding="UTF-8"?> <names-authority-list xmlns:auth="http://dca.tufts.edu/aas/auth" xmlns:xref="http://dca/tufts.edu/aas/xref">

<auth:candidate name="Usselton, Aquilla"  id="UA0000"/>
<auth:candidate name="Underwood, Alexander"  id="UA0002"/>
<auth:candidate name="Ulrich, Adam"  id="UA0003"/>
<auth:candidate name="Upshur, Abel P."  id="UA0004"/>
<auth:candidate name="Urmston, Benjamin"  id="UB0000"/>
<auth:candidate name="Uhler, Christopher"  id="UC0000"/>
    <auth:candidate name="Udree, Daniel"  id="UD0000"/>
    <auth:candidate name="Updike, Daniel"  id="UD0003"/>
    <auth:candidate name="Ufford, Elijah"  id="UE0000"/>
    <auth:candidate name="Uhler, Erasmus"  id="UE0001"/>
<auth:candidate name="Upshaw, Edwin"  id="UE0002"/>
<auth:candidate name="Usher, Ellis B."  id="UE0003"/>
<auth:candidate name="Underhand, E."  id="UE0005"/>
<auth:candidate name="Upham, George B."  id="UG0000"/>
<auth:candidate name="Ulmer, George"  id="UG0003"/>
<auth:candidate name="Uder, George"  id="UG0006"/>
<auth:candidate name="Utter, Henry"  id="UH0000"/>
<auth:candidate name="Ulmer, Henry"  id="UH0002"/>
<auth:candidate name="Underhill, Israel"  id="UI0000"/>
<auth:candidate name="Underwood, James P."  id="UJ0000"/>
<auth:candidate name="Underwood, Joseph R."  id="UJ0001"/>
<auth:candidate name="Upham, Jabez"  id="UJ0005"/>
<auth:candidate name="Upson, Jesse"  id="UJ0021"/>
<auth:candidate name="Underwood, John"  id="UJ0032"/>
<auth:candidate name="Updegraff, Jacob"  id="UJ0033"/>
<auth:candidate name="Updegraff, Joseph"  id="UJ0034"/>
<auth:candidate name="Upp, Jacob"  id="UJ0035"/>
<auth:candidate name="Urban, Jacob"  id="UJ0036"/>
<auth:candidate name="Uhler, John"  id="UJ0038"/>
<auth:candidate name="Underwood, John"  id="UJ0042"/>
<auth:candidate name="Upperman, John"  id="UJ0044"/>
<auth:candidate name="Ulmer, John"  id="UJ0048"/>
<auth:candidate name="Upshaw, James, Jr."  id="UJ0050"/>
<auth:candidate name="Upshaw, John H."  id="UJ0059"/>
<auth:candidate name="Underwood, John"  id="UJ0061"/>
    <auth:candidate name="Upshaw, Jeremiah"  id="UJ0062"/>
    <auth:candidate name="Urquhart, John D."  id="UJ1066"/>
    <auth:candidate name="Upshur, Littleton"  id="UL0000"/>
<auth:candidate name="Upham, Nathaniel"  id="UN0000"/>
<auth:candidate name="Uhler, Philip"  id="UP0000"/>
<auth:candidate name="Upham, Phineas"  id="UP0003"/>
<auth:candidate name="Umstot, Peter"  id="UP0007"/>
<auth:candidate name="Ulmer, Peter"  id="UP0008"/>
<auth:candidate name="Udell, Richard"  id="UR0000"/>
<auth:candidate name="Usher, S."  id="US0000"/>
<auth:candidate name="Urie, Samuel"  id="US0001"/>
<auth:candidate name="Utter, Samuel"  id="US0004"/>
<auth:candidate name="Underwood, Solomon"  id="US0010"/>
<auth:candidate name="Urquhart, Thomas"  id="UT0000"/>
<auth:candidate name="Ussery, William"  id="UW0000"/>
</names-authority-list>