<?xml version="1.0" encoding="UTF-8"?> <names-authority-list xmlns:auth="http://dca.tufts.edu/aas/auth" xmlns:xref="http://dca/tufts.edu/aas/xref">
 


    <auth:candidate name="Vance, Andrew" id="VA0000"/>
    <auth:candidate name="Vanhoutten, Abraham" id="VA0004"/>
    <auth:candidate name="Van Syckel, Aaron" id="VA0006"/>
    <auth:candidate name="Vanhotten, Adrian" id="VA0007"/>
    <auth:candidate name="Vanarsdalen, Abraham" id="VA0009"/>
    <auth:candidate name="Van Vechten, Abraham" id="VA0013"/>
    <auth:candidate name="Vrooman, Adam B." id="VA0015"/>
    <auth:candidate name="Van Vranken, A." id="VA0016"/>
    <auth:candidate name="Vail, Abraham" id="VA0024"/>
    <auth:candidate name="Vanpelt, Alexander" id="VA0026"/>
    <auth:candidate name="Vonderau, Adam" id="VA0027"/>
    <auth:candidate name="Vanderhorst, Arnoldus" id="VA0028"/>
    <auth:candidate name="Venable, Abraham B." id="VA0029"/>
    <auth:candidate name="Vansant, Abner" id="VA0030"/>
    <auth:candidate name="Van Bergen, Anthony" id="VA0101"/>
    <auth:candidate name="Van Bibber, Abraham" id="VA0102"/>
    <auth:candidate name="Van Ingen, Abraham" id="VA0110"/>
    <auth:candidate name="Van Horn, Archibald" id="VA0120"/>
    <auth:candidate name="Van Horne, Abraham" id="VA0121"/>
    <auth:candidate name="Van Oruam, Abraham" id="VA0200"/>
    <auth:candidate name="Van Wyck, Abraham D." id="VA0300"/>
    <auth:candidate name="Van Dyck, Abraham" id="VA0350"/>
    <auth:candidate name="Van Patten, Andries" id="VA0351"/>
    <auth:candidate name="Van Dechten, Abraham" id="VA0352"/>
    <auth:candidate name="Van Patten, Andrew N." id="VA0353"/>
    <auth:candidate name="Van Dyck, Arent" id="VA0354"/>
    <auth:candidate name="Van Eps, Abraham" id="VA0355"/>
    <auth:candidate name="Vickars, Anthony S." id="VA0356"/>
    <auth:candidate name="Vermillion, Benjamin" id="VB0000"/>
    <auth:candidate name="Van Vlick, Barent" id="VB0002"/>
    <auth:candidate name="Vrooman, Barent H." id="VB0003"/>
    <auth:candidate name="Vervalin, Benjamin" id="VB0005"/>
    <auth:candidate name="Van Cleve, Benjamin" id="VB0101"/>
    <auth:candidate name="Voorhees, Cornelius" id="VC0000"/>
    <auth:candidate name="Vanderhoof, Cornelius" id="VC0005"/>
    <auth:candidate name="Vanartsdalen, Christopher" id="VC0006"/>
    <auth:candidate name="Vandegrift, Christopher" id="VC0007"/>
    <auth:candidate name="Van Santvoord, Cornelius Z." id="VC0008"/>
    <auth:candidate name="Van Slyck, Cornelius" id="VC0009"/>
    <auth:candidate name="Van Houten, Claus R." id="VC0101"/>
    <auth:candidate name="Van Dyck, Cornelius" id="VC0200"/>
    <auth:candidate name="Van Winkle, Cornelius" id="VC0300"/>
    <auth:candidate name="Van Ness, C. P." id="VC0301"/>
    <auth:candidate name="Van Reypen, Cornelius D." id="VC0350"/>
    <auth:candidate name="Vail, Davis" id="VD0000"/>
    <auth:candidate name="Vliet, Daniel" id="VD0002"/>
    <auth:candidate name="Verplanck, Daniel C." id="VD0005"/>
    <auth:candidate name="Vanderheyden, Derick L." id="VD0009"/>
    <auth:candidate name="Vincent, Daniel" id="VD0010"/>
    <auth:candidate name="Vertner, Daniel" id="VD0011"/>
    <auth:candidate name="Van Antwerp, Daniel" id="VD0012"/>
    <auth:candidate name="Ver Plack, David I.D." id="VD0013"/>
    <auth:candidate name="Van Ness, David" id="VD0100"/>
    <auth:candidate name="Van Horne, Daniel" id="VD0200"/>
    <auth:candidate name="Veatch, Elijah" id="VE0000"/>
    <auth:candidate name="Veazey, Edward H." id="VE0001"/>
    <auth:candidate name="Vansant, Ephraim" id="VE0004"/>
    <auth:candidate name="Vears, Elijah" id="VE0006"/>
    <auth:candidate name="Vaughn, Edward" id="VE0010"/>
    <auth:candidate name="Vreeland, Elias I." id="VE0011"/>
    <auth:candidate name="Vantress, Emmanuel" id="VE0016"/>
    <auth:candidate name="Vansykel, Elijah" id="VE0017"/>
    <auth:candidate name="Valentine, Edward, Jr." id="VE0018"/>
    <auth:candidate name="Van Horn, Espy" id="VE0101"/>
    <auth:candidate name="Vogel, Frederick" id="VF0000"/>
    <auth:candidate name="Vance, Frederick" id="VF0001"/>
    <auth:candidate name="Van Horn, Gabriel" id="VG0000"/>
    <auth:candidate name="Vickers, George" id="VG0001"/>
    <auth:candidate name="Vliet, Garret" id="VG0002"/>
    <auth:candidate name="Van Vost, Gershom" id="VG0004"/>
    <auth:candidate name="Veeder, Gerrit S., Jr." id="VG0005"/>
    <auth:candidate name="Verplanck, Gulian C." id="VG0006"/>
    <auth:candidate name="Vandegriff, George" id="VG0007"/>
    <auth:candidate name="Vaux, George" id="VG0008"/>
    <auth:candidate name="Vashon, George" id="VG0012"/>
    <auth:candidate name="Van Schoonhaven, Guert" id="VG0061"/>
    <auth:candidate name="Van Buskirk, George" id="VG0101"/>
    <auth:candidate name="Van Houten, Garret" id="VG0120"/>
    <auth:candidate name="Van Zandt, Garrett G." id="VG0400"/>
    <auth:candidate name="Van Gaasbeck, Peter" id="VG1000"/>
    <auth:candidate name="Valleau, Henry J." id="VH0000"/>
    <auth:candidate name="Veatch, Hezekiah" id="VH0001"/>
    <auth:candidate name="Vanderveer, Henry" id="VH0007"/>
    <auth:candidate name="Vandeburgh, Henry" id="VH0009"/>
    <auth:candidate name="Veeder, Harmanus A." id="VH0010"/>
    <auth:candidate name="Vanderdice, Henry" id="VH0011"/>
    <auth:candidate name="Vanhorse, Henry" id="VH0013"/>
    <auth:candidate name="Vanderslice, Henry" id="VH0014"/>
    <auth:candidate name="Vaughan, Henry" id="VH0017"/>
    <auth:candidate name="Van Slyck, Harmanus H."  id="VH0018"/>
    <auth:candidate name="Van Orden, Hezekiah" id="VH0100"/>
    <auth:candidate name="Van Derzee, Harmon A." id="VH0200"/>
    <auth:candidate name="Van Dever, Henry" id="VH0201"/>
    <auth:candidate name="Van Dolsen, Henry" id="VH0202"/>
    <auth:candidate name="Von Phul, Henry" id="VH0250"/>
    <auth:candidate name="Van Rensselaer, Henry K." id="VH0350"/>
    <auth:candidate name="Vick, Hartwell" id="VH0351"/>
    <auth:candidate name="Vanderbeck, Isaac" id="VI0000"/>
    <auth:candidate name="Vrooman, Isaac" id="VI0001"/>
    <auth:candidate name="Verplanck, Isaac D." id="VI0002"/>
    <auth:candidate name="Van Loan, Isaac"  id="VI0003"/>
    <auth:candidate name="Vincent, Isaac" id="VI0011"/>
    <auth:candidate name="Van Saun, Isaac S." id="VI0056"/>
    <auth:candidate name="Van Horne, Isaac" id="VI0100"/>
    <auth:candidate name="Van Wyck, Isaac" id="VI0110"/>
    <auth:candidate name="Van Meter, Isaac" id="VI0200"/>
    <auth:candidate name="Van Camper, Isaac" id="VI2333"/>
    <auth:candidate name="Vining, John" id="VJ0000"/>
    <auth:candidate name="Vining, John" id="VJ0002"/>
    <auth:candidate name="Vawter, John" id="VJ0004"/>
    <auth:candidate name="Vawter, James" id="VJ0005"/>
    <auth:candidate name="Vigus, John" id="VJ0007"/>
    <auth:candidate name="Vandlaricum, John" id="VJ0008"/>
    <auth:candidate name="Vanmatre, Jacob" id="VJ0009"/>
    <auth:candidate name="Venable, Joseph B." id="VJ0010"/>
    <auth:candidate name="Vail, John P." id="VJ0011"/>
    <auth:candidate name="Villere, Jacques" id="VJ0012"/>
    <auth:candidate name="Villere, James" id="VJ0013"/>
    <auth:candidate name="Vinot, J. M." id="VJ0018"/>
    <auth:candidate name="Vignie, J.B.B." id="VJ0019"/>
    <auth:candidate name="Varnum, Joseph B." id="VJ0024"/>
    <auth:candidate name="Varnum, John" id="VJ0043"/>
    <auth:candidate name="Vancleve, John W." id="VJ0046"/>
    <auth:candidate name="Voorhees, James" id="VJ0048"/>
    <auth:candidate name="Vanderbilt, John" id="VJ0061"/>
    <auth:candidate name="Visscher, J.T." id="VJ0063"/>
    <auth:candidate name="Veeder, John V." id="VJ0064"/>
    <auth:candidate name="Vanderveer, John C." id="VJ0069"/>
    <auth:candidate name="Victory, John" id="VJ0073"/>
    <auth:candidate name="Viele, John L." id="VJ0078"/>
    <auth:candidate name="Vaughan, James L." id="VJ0080"/>
    <auth:candidate name="Visgar, Jacob" id="VJ0081"/>
    <auth:candidate name="Vetter, Joseph" id="VJ0082"/>
    <auth:candidate name="Vance, Joseph" id="VJ0083"/>
    <auth:candidate name="Vance, John" id="VJ0084"/>
    <auth:candidate name="Vanderveer, Joseph" id="VJ0086"/>
    <auth:candidate name="Vaux, James" id="VJ0090"/>
    <auth:candidate name="Vernon, Jonathan" id="VJ0091"/>
    <auth:candidate name="Vanhorn, J." id="VJ0094"/>
    <auth:candidate name="Vallance, John" id="VJ0095"/>
    <auth:candidate name="Vance, Joseph" id="VJ0096"/>
    <auth:candidate name="Vanhart, James" id="VJ0098"/>
    <auth:candidate name="Vallence, John" id="VJ0100"/>
    <auth:candidate name="Vanuxem, James" id="VJ0103"/>
    <auth:candidate name="Vance, John" id="VJ0105"/>
    <auth:candidate name="Vogdes, Jacob" id="VJ0108"/>
    <auth:candidate name="Vankirk, Joseph" id="VJ0115"/>
    <auth:candidate name="Vanliew, John" id="VJ0116"/>
    <auth:candidate name="Verdier, John M., Jr." id="VJ0117"/>
    <auth:candidate name="Verree, Joseph" id="VJ0118"/>
    <auth:candidate name="Vineyard, John" id="VJ0123"/>
    <auth:candidate name="Valentine, Josiah" id="VJ0125"/>
    <auth:candidate name="Velvin, John" id="VJ0126"/>
    <auth:candidate name="Vaughan, James M." id="VJ0127"/>
    <auth:candidate name="Valentine, Jacob" id="VJ0128"/>
    <auth:candidate name="Van Fossey, John"  id="VJ0129"/>
    <auth:candidate name="Van Atsyne, Jacob" id="VJ0150"/>
    <auth:candidate name="Van Artsdalen, Jacob" id="VJ0151"/>
    <auth:candidate name="Van Benthuysen, Jacob" id="VJ0153"/>
    <auth:candidate name="Van Benthuysen, John" id="VJ0154"/>
    <auth:candidate name="Van Horn, John" id="VJ0200"/>
    <auth:candidate name="Van Alen, James I." id="VJ0201"/>
    <auth:candidate name="Van Alen, John E." id="VJ0202"/>
    <auth:candidate name="Van Horn, Joseph" id="VJ0203"/>
    <auth:candidate name="Van Oten, Johannes" id="VJ0210"/>
    <auth:candidate name="Van Ness, John P." id="VJ0250"/>
    <auth:candidate name="Van Waggoner, John" id="VJ0300"/>
    <auth:candidate name="Van Wyck, John B." id="VJ0301"/>
    <auth:candidate name="Van Dalsen, John T." id="VJ0305"/>
    <auth:candidate name="Van Rensselaer, Jacob R." id="VJ0360"/>
    <auth:candidate name="Van Rensselaer, Jeremiah" id="VJ0361"/>
    <auth:candidate name="Van Rensselaer, John I." id="VJ0362"/>
    <auth:candidate name="Van Kirk, James" id="VJ0363"/>
    <auth:candidate name="Van Duyn, James" id="VJ0400"/>
    <auth:candidate name="Van Dyke, James C." id="VJ0401"/>
    <auth:candidate name="Van Eps, John C." id="VJ0450"/>
    <auth:candidate name="Van Zandt, John G." id="VJ0451"/>
    <auth:candidate name="Van Hikle, John" id="VJ0452"/>
    <auth:candidate name="Vandegrift, Jacob" id="VJ0453"/>
    <auth:candidate name="Van Ingen, James" id="VJ0500"/>
    <auth:candidate name="Van Schoonhaven, Jacobus" id="VJ0685"/>
    <auth:candidate name="Van Horn, John" id="VJ1111"/>
    <auth:candidate name="Van Rensselaer, Killian K." id="VK0350"/>
    <auth:candidate name="Vrooman, Lawrence" id="VL0000"/>
    <auth:candidate name="Van Hook, Lawrence" id="VL0002"/>
    <auth:candidate name="Vandegriff, Leonard" id="VL0003"/>
    <auth:candidate name="Vaughan, Malkijah" id="VM0000"/>
    <auth:candidate name="Vanke, Mathem" id="VM0001"/>
    <auth:candidate name="Vanlear, Matthew" id="VM0002"/>
    <auth:candidate name="Vail, Moses" id="VM0003"/>
    <auth:candidate name="Vanmeter, Morgan" id="VM0006"/>
    <auth:candidate name="Van Lear, Matthew"  id="VM0007"/>
    <auth:candidate name="Von Buskirk, Mahlon"  id="VM0008"/>
    <auth:candidate name="Van Denbergh, Matthew R." id="VM0100"/>
    <auth:candidate name="Van Bergen, Martin G." id="VM0101"/>
    <auth:candidate name="Van Buren, Martin" id="VM0102"/>
    <auth:candidate name="Van Brackle, Matthais" id="VM0103"/>
    <auth:candidate name="Van Der Cook, Michael S." id="VM0110"/>
    <auth:candidate name="Van Houten, Martin" id="VM0120"/>
    <auth:candidate name="Vickers, Nathaniel" id="VN0000"/>
    <auth:candidate name="Vicara, Nathan" id="VN0001"/>
    <auth:candidate name="Vanhorne, Nathan" id="VN0003"/>
    <auth:candidate name="Vansant, Nathaniel" id="VN0004"/>
    <auth:candidate name="Vaughan, N." id="VN0005"/>
    <auth:candidate name="Van Dyke, Nicholas" id="VN0150"/>
    <auth:candidate name="Van Rensselaer, Nicholas" id="VN0350"/>
    <auth:candidate name="Vandever, Peter" id="VP0000"/>
    <auth:candidate name="Vredenburgh, Peter" id="VP0001"/>
    <auth:candidate name="Vroom, Peter D." id="VP0002"/>
    <auth:candidate name="Valentine, Peter" id="VP0004"/>
    <auth:candidate name="Varnum, Phinchas" id="VP0005"/>
    <auth:candidate name="Virgin, Peter C." id="VP0010"/>
    <auth:candidate name="Vrooman, Peter" id="VP0011"/>
    <auth:candidate name="Vandervoort, Peter" id="VP0012"/>
    <auth:candidate name="Voorhis, Peter" id="VP0016"/>
    <auth:candidate name="Veeder, Peter V." id="VP0017"/>
    <auth:candidate name="Vrooman, Peter, Jr." id="VP0018"/>
    <auth:candidate name="Veeder, Peter C." id="VP0020"/>
    <auth:candidate name="Van Allen, Peter L." id="VP0101"/>
    <auth:candidate name="Van Alstyne, Peter" id="VP0102"/>
    <auth:candidate name="Van Alstyne, Philip V." id="VP0104"/>
    <auth:candidate name="Van Arden, Peter" id="VP0105"/>
    <auth:candidate name="Van Bergen, Peter A." id="VP0106"/>
    <auth:candidate name="Van Cortland, Pierre, Jr." id="VP0107"/>
    <auth:candidate name="Van Schaick, Peter" id="VP0108"/>
    <auth:candidate name="Van Cortlandt, Philip" id="VP0110"/>
    <auth:candidate name="Van Orden, Peter S." id="VP0200"/>
    <auth:candidate name="Van Ness, Peter" id="VP0250"/>
    <auth:candidate name="Van Rensselaer, Phillip" id="VP0350"/>
    <auth:candidate name="Vose, Roger" id="VR0000"/>
    <auth:candidate name="Vose, Robert C." id="VR0002"/>
    <auth:candidate name="Vance, Robert B." id="VR0007"/>
    <auth:candidate name="Vorio, Ralph" id="VR0010"/>
    <auth:candidate name="Vaux, Robert" id="VR0011"/>
    <auth:candidate name="Vanderhorst, Richard Withers" id="VR0014"/>
    <auth:candidate name="Venables, Richard N." id="VR0016"/>
    <auth:candidate name="Van Hook, Robert" id="VR0101"/>
    <auth:candidate name="Van Horn, Richard" id="VR0102"/>
    <auth:candidate name="Van Houten, Rulef C." id="VR0120"/>
    <auth:candidate name="Vigus, Sylvanus" id="VS0000"/>
    <auth:candidate name="Vance, Samuel C." id="VS0001"/>
    <auth:candidate name="Vansant, Stephen" id="VS0002"/>
    <auth:candidate name="Veeder, Simon" id="VS0003"/>
    <auth:candidate name="Varey, Samuel" id="VS0007"/>
    <auth:candidate name="Verbryck, Samuel G." id="VS0012"/>
    <auth:candidate name="Veeder, Simon A." id="VS0015"/>
    <auth:candidate name="Vinton, Samuel F." id="VS0017"/>
    <auth:candidate name="Vines, Samuel" id="VS0018"/>
    <auth:candidate name="Volans, Samuel" id="VS0019"/>
    <auth:candidate name="Vinson, Samuel" id="VS0020"/>
    <auth:candidate name="Verdier, Simon" id="VS0023"/>
    <auth:candidate name="Vance, Samuel" id="VS0027"/>
    <auth:candidate name="Venable, Samuel W." id="VS0035"/>
    <auth:candidate name="Van Court, Samuel" id="VS0101"/>
    <auth:candidate name="Van Rensselaer, Solomon" id="VS0350"/>
    <auth:candidate name="Van Rensselaer, Stephen" id="VS0351"/>
    <auth:candidate name="Veazey, Thomas W." id="VT0000"/>
    <auth:candidate name="Vallandigham, Thomas D." id="VT0001"/>
    <auth:candidate name="Van Vechten, Teunis" id="VT0005"/>
    <auth:candidate name="Vickror, Thomas" id="VT0006"/>
    <auth:candidate name="Vandever, Thomas" id="VT0007"/>
    <auth:candidate name="Vose, Thomas" id="VT0008"/>
    <auth:candidate name="Van Slyck, Tunis P." id="VT0009"/>
    <auth:candidate name="Van Horn, Thomas B." id="VT0200"/>
    <auth:candidate name="Van Wyck, Theodorus R." id="VT0300"/>
    <auth:candidate name="Van Swearingen, Thomas" id="VT0301"/>
    <auth:candidate name="Van Kirk, Thomas" id="VT0350"/>
    <auth:candidate name="Veeder, Volkert" id="VV0001"/>
    <auth:candidate name="Vowter, William" id="VW0000"/>
    <auth:candidate name="Verplanck, William B." id="VW0001"/>
    <auth:candidate name="Vance, William" id="VW0004"/>
    <auth:candidate name="Vridenburgh, William J." id="VW0005"/>
    <auth:candidate name="Vance, William" id="VW0006"/>
    <auth:candidate name="Van Landt, Wynant"  id="VW0007"/>
    <auth:candidate name="Vance, William" id="VW0012"/>
    <auth:candidate name="Vandergrift, William B." id="VW0013"/>
    <auth:candidate name="Valentine, William" id="VW0014"/>
    <auth:candidate name="Vereen, William, Jr." id="VW0015"/>
    <auth:candidate name="Vaughan, Wilie" id="VW0018"/>
    <auth:candidate name="Veetch, William" id="VW0021"/>
    <auth:candidate name="Vick, Willis B." id="VW0022"/>
    <auth:candidate name="Vandergrift, William B." id="VW0023"/>
    <auth:candidate name="Van Lear, William" id="VW0024"/>
    <auth:candidate name="Van Ness, William W." id="VW0100"/>
    <auth:candidate name="Van Benthuisen, William B." id="VW0101"/>
    <auth:candidate name="Van Bergen, William" id="VW0102"/>
    <auth:candidate name="Van Wyck, William W." id="VW0300"/>
    </names-authority-list>
	