<?xml version="1.0" encoding="UTF-8"?> <names-authority-list xmlns:auth="http://dca.tufts.edu/aas/auth" xmlns:xref="http://dca/tufts.edu/aas/xref">

    <auth:candidate name="Yarbrough, A."  id="YA0000"/>
    <auth:candidate name="Yates, Abraham"  id="YA0001"/>
    <auth:candidate name="Yates, Adam"  id="YA0002"/>
    <auth:candidate name="Yearly, Alex"  id="YA0003"/>
    <auth:candidate name="Yerrington, Able"  id="YA0004"/>
    <auth:candidate name="Yarborough, A."  id="YA0005"/>
    <auth:candidate name="Yealdhall, Benjamin"  id="YB0000"/>
    <auth:candidate name="Yingling, Benjamin"  id="YB0001"/>
    <auth:candidate name="Young, Benjamin"  id="YB0002"/>
    <auth:candidate name="Yancey, Bartlett"  id="YB0003"/>
    <auth:candidate name="Yancey, Benjamin C."  id="YB0019"/>
    <auth:candidate name="Yates, Christopher P."  id="YC0002"/>
    <auth:candidate name="Yancey, Charles"  id="YC0005"/>
    <auth:candidate name="Yancey, Charles"  id="YC0008"/>
    <auth:candidate name="Young, Daniel"  id="YD0000"/>
    <auth:candidate name="Young, Daniel"  id="YD0001"/>
    <auth:candidate name="Yount, Daniel"  id="YD0002"/>
    <auth:candidate name="Yoder, Daniel"  id="YD0004"/>
    <auth:candidate name="Yearsly, David"  id="YD0005"/>
    <auth:candidate name="Yost, Daniel"  id="YD0008"/>
    <auth:candidate name="Yeiser, Engelhard"  id="YE0000"/>
    <auth:candidate name="Yearly, Edward"  id="YE0001"/>
    <auth:candidate name="Yard, Edward"  id="YE0002"/>
    <auth:candidate name="Youngman, Elias P."  id="YE0004"/>
    <auth:candidate name="Youngman, George"  id="YG0001"/>
    <auth:candidate name="Yost, Henry"  id="YH0001"/>
    <auth:candidate name="Yantz, Henry"  id="YH0002"/>
    <auth:candidate name="Yates, Henry, Jr."  id="YH0004"/>
    <auth:candidate name="Yost, Henry"  id="YH0005"/>
    <auth:candidate name="Yancey, Henry"  id="YH0010"/>
    <auth:candidate name="Yerrick, Henry"  id="YH0017"/>
    <auth:candidate name="Yeary, Isaac"  id="YI0000"/>
    <auth:candidate name="Young, James"  id="YJ0000"/>
    <auth:candidate name="Young, James"  id="YJ0001"/>
    <auth:candidate name="Younger, John"  id="YJ0002"/>
    <auth:candidate name="Young, Jonathan"  id="YJ0003"/>
    <auth:candidate name="Young, John"  id="YJ0004"/>
    <auth:candidate name="Young, Joseph"  id="YJ0005"/>
    <auth:candidate name="Young, Joseph"  id="YJ0012"/>
    <auth:candidate name="Younglove, John"  id="YJ0014"/>
    <auth:candidate name="Yates, John"  id="YJ0015"/>
    <auth:candidate name="Yates, John"  id="YJ0016"/>
    <auth:candidate name="Yates, Joseph"  id="YJ0017"/>
    <auth:candidate name="Yates, Joseph C."  id="YJ0018"/>
    <auth:candidate name="Young, John"  id="YJ0019"/>
    <auth:candidate name="Yates, John B."  id="YJ0021"/>
    <auth:candidate name="Yates, Jacob"  id="YJ0022"/>
    <auth:candidate name="York, Joseph"  id="YJ0025"/>
    <auth:candidate name="Yates, John V. N."  id="YJ0027"/>
    <auth:candidate name="Yost, John"  id="YJ0036"/>
    <auth:candidate name="Yancey, James"  id="YJ0037"/>
    <auth:candidate name="Young, James"  id="YJ0038"/>
    <auth:candidate name="Young, John G."  id="YJ0040"/>
    <auth:candidate name="Young, John"  id="YJ0043"/>
    <auth:candidate name="Yeates, John"  id="YJ0044"/>
    <auth:candidate name="Young, John"  id="YJ0045"/>
    <auth:candidate name="Yost, Jacob"  id="YJ0047"/>
    <auth:candidate name="Youngman, John G."  id="YJ0048"/>
    <auth:candidate name="Young, James"  id="YJ0049"/>
    <auth:candidate name="Young, John G."  id="YJ0050"/>
    <auth:candidate name="Yerby, John M."  id="YJ0051"/>
    <auth:candidate name="Younglove, Moses"  id="YM0000"/>
    <auth:candidate name="Young, Matthias"  id="YM0001"/>
    <auth:candidate name="Yoder, Martin"  id="YM0005"/>
    <auth:candidate name="Youse, Philip"  id="YP0000"/>
    <auth:candidate name="Youngblood, Peter"  id="YP0001"/>
    <auth:candidate name="Young, Robert"  id="YR0000"/>
    <auth:candidate name="Young, Richard M."  id="YR0001"/>
    <auth:candidate name="Yates, Robert E."  id="YR0002"/>
    <auth:candidate name="Yates, Robert"  id="YR0003"/>
    <auth:candidate name="Young, Robert"  id="YR0007"/>
    <auth:candidate name="Young, Robert"  id="YR0008"/>
    <auth:candidate name="Young, Robert"  id="YR0009"/>
    <auth:candidate name="Yeardon, Richard"  id="YR0010"/>
    <auth:candidate name="Young, R."  id="YR0011"/>
    <auth:candidate name="Young, Samuel"  id="YS0004"/>
    <auth:candidate name="Young, Samuel"  id="YS0012"/>
    <auth:candidate name="Young, Thomas A."  id="YT0000"/>
    <auth:candidate name="Young, Thomas F."  id="YT0001"/>
    <auth:candidate name="Yardley, Thomas"  id="YT0002"/>
    <auth:candidate name="Young, Thomas"  id="YT0004"/>
    <auth:candidate name="Young, William S."  id="YW0000"/>
    <auth:candidate name="Yates, William"  id="YW0001"/>
    <auth:candidate name="Yancey, William"  id="YW0002"/>
    <auth:candidate name="Young, William"  id="YW0007"/>
    <auth:candidate name="Yeadon, William"  id="YW0008"/>
    <auth:candidate name="Youngblood, William"  id="YW0009"/>
    <auth:candidate name="Young, William"  id="YW0010"/>
    <auth:candidate name="Yerby, William"  id="YW0012"/>
    <auth:candidate name="Yerby, William"  id="YW0013"/>
    <auth:candidate name="Yearry, William"  id="YW0020"/>
</names-authority-list>