<?xml version="1.0" encoding="UTF-8"?> <names-authority-list xmlns:auth="http://dca.tufts.edu/aas/auth" xmlns:xref="http://dca/tufts.edu/aas/xref">

<auth:candidate name="Zabriskie, Albert C."  id="ZA0000"/>
<auth:candidate name="Zabriske, Christian"  id="ZC0000"/>
<auth:candidate name="Zeilly, David J."  id="ZD0000"/>
<auth:candidate name="Zeller, Daniel"  id="ZD0002"/>
<auth:candidate name="Zeigler, Emanuel"  id="ZE0000"/>
<auth:candidate name="Zane, Ebenezer"  id="ZE0002"/>
<auth:candidate name="Zabriskie, George"  id="ZG0000"/>
<auth:candidate name="Ziegler, George"  id="ZG0002"/>
<auth:candidate name="Zeigle, Gottlieb"  id="ZG0003"/>
<auth:candidate name="Zane, Isaac"  id="ZI0000"/>
<auth:candidate name="Zachry, John S."  id="ZJ0000"/>
<auth:candidate name="Zeller, Jacob"  id="ZJ0003"/>
<auth:candidate name="Zenor, Jacob"  id="ZJ0004"/>
<auth:candidate name="Zane, Joseph"  id="ZJ0005"/>
<auth:candidate name="Zank, Jacob"  id="ZJ0007"/>
<auth:candidate name="Zell, Jacob S."  id="ZJ0008"/>
<auth:candidate name="Zane, Noah"  id="ZN0000"/>
<auth:candidate name="Zimmerman, Philip"  id="ZP0000"/>
<auth:candidate name="Zantzinger, Paul"  id="ZP0001"/>
<auth:candidate name="Zeiber, Philip"  id="ZP0002"/>
    <auth:candidate name="Zollinger, Peter"  id="ZP0010"/>
    <auth:candidate name="Zollickoffer, William"  id="ZR0000"/>
<auth:candidate name="Zimmerman, Sebastian"  id="ZS0000"/>
<auth:candidate name="Zeigler, Samuel"  id="ZS0001"/>
<auth:candidate name="Zimmerman, William"  id="ZW0000"/>
<auth:candidate name="Zinn, William B."  id="ZW0002"/>
    </names-authority-list>